mtllib starship_mk1.mtl
o Cube009_Material_0
usemtl Material
v 17.72815352529733 -58.24710920566565 -9.29016913485056
v 19.421820258230582 -58.24710853994324 -5.203994120670544
v 18.15653352859954 -59.80952219817277 -8.262720614482186
v 3.2594896121580064 132.0173520434236 -0.8734870590138882
v 2.922378065309772 132.01735191082918 -1.6873459236176223
v 4.9173844024019874e-21 135.93073583114523 -0.00011473928459498358
v 1.687235982471691 132.01735170959884 -2.9224888128627167
v 0.8733775786719633 132.01735165467642 -3.2596003597109466
v 0.8733775786719633 132.01735165467642 -3.2596003597109466
v 4.7758159415546964e-21 132.0173663816719 -3.374582942900732
v 4.9173844024019874e-21 135.93073583114523 -0.00011473928459498358
v 3.374471964943382 132.01726371134333 -0.00011096044667558483
v 2.386112091086545 132.01735179696794 -2.386221225825437
v 17.72815352529733 -58.24710920566565 -9.29016913485056
v 18.15653352859954 -59.80952219817277 -8.262720614482186
v 19.305552031835305 -59.8087851370035 -9.645345557556467
v 16.234164232298554 -59.8086379969273 -11.592362339151629
v 14.21775958182252 -58.24711000846057 -14.217689339652743
v 16.909658684278384 -58.24710943663476 -10.707847439390546
v 18.00594830543787 -59.808785503734185 -11.896322492970866
v 16.234164232298554 -59.8086379969273 -11.592362339151629
v 16.909658684278384 -58.24710943663476 -10.707847439390546
v 14.21775958182252 -21.595038651917463 -14.217721116058055
v 19.421816571798445 -21.59502243767156 -5.204025897078258
v -3.259489842560015 132.01736678915213 -0.8734871742172949
v 4.9173844024019874e-21 135.93073583114523 -0.00011473928459498358
v -2.922378526113789 132.01736665655767 -1.6873461540220331
v -1.6872362128736995 132.01736645532736 -2.9224890432671278
v -0.8733776938729676 132.0173664004049 -3.2596005901153577
v 4.7758159415546964e-21 132.0173663816719 -3.374582942900732
v -3.374472425747399 132.01736693144318 -0.00011096054083669785
v 4.9173844024019874e-21 135.93073583114523 -0.00011473928459498358
v -3.259489842560015 132.01736678915213 -0.8734871742172949
v -2.386112321488554 132.01736654269644 -2.386221456229848
v -15.577658592258103 -33.982467800103365 -12.446868613689128
v -17.41312946700191 -14.854699097801301 -10.053450135189319
v -15.815446367628283 -14.854706809889578 -12.135592165145002
v -18.50413827412467 -33.903519126174075 -12.181240915680212
v -19.46038218160311 -33.824570340939346 -11.232425181820867
v 5.204066666860285 74.32292395775376 -19.42186193204818
v 1.743232771436709 74.32293125480058 -19.887226065769333
v 4.819916937145763 89.03727383028738 -17.988209027896847
v -4.81991739794978 89.03728120315105 -17.98821271433019
v -1.7432334626427348 74.32293862766457 -19.887227908986603
v -5.2040671276643025 74.32293133061773 -19.42186377526545
v 17.72815352529733 -58.24709143279199 9.290315148835537
v 18.15653352859954 -59.80950476008394 8.262868980782057
v 19.421820258230582 -58.24709209851454 5.204139213047486
v 3.2594896121580064 132.01735232800564 0.8732651031039035
v 4.9173844024019874e-21 135.93073583114523 -0.00011473928459498358
v 2.922378065309772 132.01735246060008 1.6871239677076375
v 1.687235982471691 132.01735266183042 2.922266856952732
v 0.8733775786719633 132.01735271675284 3.259378403800962
v 4.7758159415546964e-21 132.01736748121445 3.374360986985942
v 3.374471964943382 132.01726371134333 -0.00011096044667558483
v 4.9173844024019874e-21 135.93073583114523 -0.00011473928459498358
v 3.2594896121580064 132.01735232800564 0.8732651031039035
v 2.386112091086545 132.01735257446134 2.385999269915452
v 17.72815352529733 -58.24709143279199 9.290315148835537
v 19.305552031835305 -59.80875250266973 9.645493923613698
v 18.15653352859954 -59.80950476008394 8.262868980782057
v 16.234164232298554 -59.80861947390349 11.592510705163214
v 16.909658684278384 -58.247091201822855 10.707993453375524
v 14.21775958182252 -58.24709062999705 14.21783535363772
v 18.00594830543787 -59.808752135939045 11.896470859028096
v 16.909658684278384 -58.247091201822855 10.707993453375524
v 16.234164232298554 -59.80861947390349 11.592510705163214
v 14.21775958182252 -21.595004527726573 14.217796204365731
v 19.421816571798445 -21.595020741972462 5.204100985385934
v -3.259489842560015 132.01736707373422 0.8732652183025054
v -2.922378526113789 132.0173672063287 1.6871241981072438
v 4.9173844024019874e-21 135.93073583114523 -0.00011473928459498358
v -1.6872362128736995 132.017367407559 2.922267087352338
v -0.8733776938729676 132.01736746248145 3.259378634200568
v -0.8733776938729676 132.01736746248145 3.259378634200568
v 4.7758159415546964e-21 132.01736748121445 3.374360986985942
v 4.9173844024019874e-21 135.93073583114523 -0.00011473928459498358
v -3.374472425747399 132.01736693144318 -0.00011096054083669785
v -2.386112321488554 132.01736732018992 2.3859995003150583
v -15.577658592258103 -33.982434252925486 12.44696801371039
v -15.815446367628283 -14.854680737008849 12.135653997878698
v -17.41312946700191 -14.854681076232836 10.053511967921814
v -19.46038218160311 -33.824566680934794 11.232522687181406
v -18.50413827412467 -33.903485665548715 12.181340289976742
v -17.41312946700191 -14.854681076232836 10.053511967921814
v -18.50413827412467 -33.903485665548715 12.181340289976742
v -15.577658592258103 -33.982434252925486 12.44696801371039
v 5.204066666860285 74.32295977763894 19.4217527793827
v 4.819916937145763 89.03730918302416 17.98806927566274
v 1.743232771436709 74.32296722632066 19.887116913101448
v -4.81991739794978 89.03731655588903 17.988072962093675
v -5.2040671276643025 74.3229671505035 19.421754622597565
v -1.7432334626427348 74.32297459918522 19.887118756316315
v -0.8145611299259059 73.35199805131398 -35.54130423804937
v -0.8145611299259059 88.43650971404894 -35.54130669562825
v 0.8145611299259059 88.43650971404894 -35.54130669562825
v 0.8145611299259059 73.35199805131398 -35.54130423804937
v 0.8145611299259059 117.44745284689998 -15.609878785215646
v 0.8145611299259059 76.18763842278297 -24.797852577493664
v 0.8145611299259059 73.35199805131398 -35.54130423804937
v 0.8145611299259059 88.43650971404894 -35.54130669562825
v -0.8145611299259059 73.35199805131398 -35.54130423804937
v 0.8145611299259059 73.35199805131398 -35.54130423804937
v 0.8145611299259059 76.18763842278297 -24.797852577493664
v -0.8145611299259059 76.18763842278297 -24.797852577493664
v 0.8145611299259059 88.43650971404894 -35.54130669562825
v -0.8145611299259059 88.43650971404894 -35.54130669562825
v -0.8145611299259059 117.4474454740348 -15.60988431486265
v 0.8145611299259059 117.44745284689998 -15.609878785215646
v 0.26949892541949794 117.05216612115989 -14.527969871423483
v -0.2694989830200001 117.05216612115989 -14.527969871423483
v -0.26949892541949794 74.39836460698056 -21.516424485774657
v 0.2694989830200001 74.39836460698056 -21.516424485774657
v 0.8145611299259059 117.24256841293344 -15.049103303145461
v 0.8145611299259059 74.67483587537782 -22.023456406985733
v -0.8145611299259059 117.4474454740348 -15.60988431486265
v -0.8145611299259059 88.43650971404894 -35.54130669562825
v -0.8145611299259059 73.35199805131398 -35.54130423804937
v -0.8145611299259059 76.18763842278297 -24.797852577493664
v 0.6549160965832357 74.47934075111442 -21.664930574403567
v 0.6549161541837378 117.1079325984498 -14.680605681547057
v 0.6549161541837378 117.1079325984498 -14.680605681547057
v 0.6549160965832357 74.47934075111442 -21.664930574403567
v -0.8145611299259059 117.24256288328507 -15.049104224752595
v -0.8145611299259059 74.67483587537782 -22.023456406985733
v -0.6549161541837378 74.47934075111442 -21.664930574403567
v -0.6549160965832357 117.10793259844965 -14.680606603155091
v -0.6549160965832357 117.10793259844965 -14.680606603155091
v -0.6549161541837378 74.47934075111442 -21.664930574403567
v -0.8145611299259059 73.3520096321423 35.541313367584046
v 0.8145611299259059 73.3520096321423 35.541313367584046
v 0.8145611299259059 88.43652129487727 35.541310910005166
v -0.8145611299259059 88.43652129487727 35.541310910005166
v 0.8145611299259059 117.44745793324321 15.609873546628513
v 0.8145611299259059 88.43652129487727 35.541310910005166
v 0.8145611299259059 73.3520096321423 35.541313367584046
v 0.8145611299259059 76.18764650295026 24.797860783060003
v -0.8145611299259059 73.3520096321423 35.541313367584046
v -0.8145611299259059 76.18764650295026 24.797860783060003
v 0.8145611299259059 76.18764650295026 24.797860783060003
v 0.8145611299259059 73.3520096321423 35.541313367584046
v 0.8145611299259059 117.44745793324321 15.609873546628513
v -0.8145611299259059 117.44745056037985 15.60987907627792
v 0.26949892541949794 117.05217085497249 14.527964761637172
v 0.2694989830200001 74.39837161792298 21.51643327436058
v -0.26949892541949794 74.39837161792298 21.51643327436058
v -0.2694989830200001 117.05217085497249 14.527964761637172
v 0.8145611299259059 117.24257331655285 15.049098131318182
v 0.8145611299259059 74.67484305153218 22.023465105485858
v -0.8145611299259059 117.44745056037985 15.60987907627792
v -0.8145611299259059 76.18764650295026 24.797860783060003
v -0.8145611299259059 73.3520096321423 35.541313367584046
v -0.8145611299259059 88.43652129487727 35.541310910005166
v 0.6549161541837378 117.10793738199746 14.680600553589713
v 0.6549160965832357 74.47934781044624 21.664939336604103
v 0.6549161541837378 117.10793738199746 14.680600553589713
v 0.6549160965832357 74.47934781044624 21.664939336604103
v -0.8145611299259059 117.2425677869048 15.049099052927117
v -0.6549160965832357 117.1079373819976 14.680601475197747
v -0.6549161541837378 74.47934781044624 21.664939336604103
v -0.8145611299259059 74.67484305153218 22.023465105485858
v -0.6549160965832357 117.1079373819976 14.680601475197747
v -0.6549161541837378 74.47934781044624 21.664939336604103
v -0.8145611299259059 -77.34906773780367 -25.356876840031223
v -0.8145611299259059 -20.669126679649196 -25.3568860743657
v -0.8145611299259059 -53.37954930897513 -40.57802264220262
v -0.8145611299259059 -74.05745496222173 -40.57801927334419
v -0.8145611299259059 -74.05745496222173 -40.57801927334419
v -0.8145611299259059 -53.37954930897513 -40.57802264220262
v 0.8145611299259059 -53.37954930897513 -40.57802264220262
v 0.8145611299259059 -74.05745496222173 -40.57801927334419
v 0.8145611299259059 -74.05745496222173 -40.57801927334419
v 0.8145611299259059 -53.37954930897513 -40.57802264220262
v 0.8145611299259059 -20.669126679649196 -25.3568860743657
v 0.8145611299259059 -77.34906773780367 -25.356876840031223
v 0.8145611299259059 -77.34906773780367 -25.356876840031223
v 0.8145611299259059 -20.669126679649196 -25.3568860743657
v -0.8145611299259059 -20.669126679649196 -25.3568860743657
v -0.8145611299259059 -77.34906773780367 -25.356876840031223
v -0.8145611299259059 -74.05745496222173 -40.57801927334419
v 0.8145611299259059 -74.05745496222173 -40.57801927334419
v 0.8145611299259059 -77.34906773780367 -25.356876840031223
v -0.8145611299259059 -77.34906773780367 -25.356876840031223
v 0.8145611299259059 -53.37954930897513 -40.57802264220262
v -0.8145611299259059 -53.37954930897513 -40.57802264220262
v -0.8145611299259059 -20.669126679649196 -25.3568860743657
v 0.8145611299259059 -20.669126679649196 -25.3568860743657
v -0.8145611299259059 -77.349059475475 25.35693507420635
v -0.8145611299259059 -74.05744174021552 40.57807643497494
v -0.8145611299259059 -53.379536086968926 40.57807306611651
v -0.8145611299259059 -20.669118417320533 25.356925839871874
v -0.8145611299259059 -74.05744174021552 40.57807643497494
v 0.8145611299259059 -74.05744174021552 40.57807643497494
v 0.8145611299259059 -53.379536086968926 40.57807306611651
v -0.8145611299259059 -53.379536086968926 40.57807306611651
v 0.8145611299259059 -74.05744174021552 40.57807643497494
v 0.8145611299259059 -77.349059475475 25.35693507420635
v 0.8145611299259059 -20.669118417320533 25.356925839871874
v 0.8145611299259059 -53.379536086968926 40.57807306611651
v 0.8145611299259059 -77.349059475475 25.35693507420635
v -0.8145611299259059 -77.349059475475 25.35693507420635
v -0.8145611299259059 -20.669118417320533 25.356925839871874
v 0.8145611299259059 -20.669118417320533 25.356925839871874
v -0.8145611299259059 -74.05744174021552 40.57807643497494
v -0.8145611299259059 -77.349059475475 25.35693507420635
v 0.8145611299259059 -77.349059475475 25.35693507420635
v 0.8145611299259059 -74.05744174021552 40.57807643497494
v 0.8145611299259059 -53.379536086968926 40.57807306611651
v 0.8145611299259059 -20.669118417320533 25.356925839871874
v -0.8145611299259059 -20.669118417320533 25.356925839871874
v -0.8145611299259059 -53.379536086968926 40.57807306611651
v 18.568125519948353 -79.51965077844656 -7.264975790050313
v 17.41312762378584 -79.51965123273658 -10.05338798988149
v 19.46080980773104 -79.5196661710749 -11.235618481848066
v 20.062507417969755 -79.51966593441156 -9.782989114214068
v 10.053476443516729 -58.247125274780956 -17.413059224829688
v 14.21775958182252 -62.51126504462235 -14.217685880109606
v 10.053476443516729 -62.51126556521402 -17.41305484368092
v 20.106943670953115 -58.24718142073587 0.0000727587582249288
v 20.106943670953115 -62.51132171116896 0.00007687620469461724
v 19.421820258230582 -62.51124883037636 -5.2039902003257925
v 5.204065284448234 -58.247125602038835 -19.42175370249047
v 5.204065284448234 -62.5112658924719 -19.421749321341704
v 3.8224824497788745 -58.24712563167225 -19.603642264146263
v 5.204065284448234 -58.247125602038835 -19.42175370249047
v 5.204065284448234 -62.5112658924719 -19.421749321341704
v 3.822482680180883 -62.51126592210528 -19.603637882997496
v -3.0539751677380877 117.65606504137409 -11.397676671151936
v 4.638933616821716e-21 117.65606497586978 -11.79973923542575
v 3.713879184813977e-21 103.43818858308211 -16.024817617762384
v -4.147513558513083 103.4381886720421 -15.478785132797336
v 14.21775958182252 -2.598359866358649 -14.217736191914307
v 17.41312578056977 -2.598359187910816 -10.053453053608573
v 17.41312578056977 -21.59503060060534 -10.053437977753521
v 7.189554132608578 126.37519407089118 -0.0001055124606596831
v 6.9445759713545385 126.37528224210155 -1.8608940501619322
v 3.5947782183143318 126.3752815308642 -6.226437720603116
v 1.8607949355121889 126.37528141384813 -6.944677274823296
v 17.41312578056977 74.32293285691496 -10.053518117335654
v 19.421816571798445 74.32293364698447 -5.204106036659189
v 19.421816571798445 -2.598351024977106 -5.204041433737325
v 5.083782994259423 126.37528171701008 -5.083882454512136
v 13.16824525483753 89.03728198841505 -13.16829669879252
v 9.311357103518958 89.03727413338747 -16.127793910095832
v 8.012374540936662 103.43818155999446 -13.877904053543398
v 11.33120580321929 103.43818934775767 -11.331272495892343
v 6.226336877938365 126.37528195959972 -3.5948779089690737
v 4.819916937145763 89.03727383028738 -17.988209027896847
v 4.147513097709066 103.43818129917813 -15.478783289580067
v 18.622704990957573 89.03720303228454 -0.00006945892791018623
v 17.988153897510983 89.03728334853037 -4.819968381100866
v 15.478712910476133 103.43819789099405 -4.147579790383415
v 16.02474170900905 103.43811009233568 -0.00008336443345550663
v 5.899822210670891 117.6560578605594 -10.21888469875785
v 8.343607841339917 117.65605816606549 -8.343701733814697
v 16.127738779709944 89.03728261678143 -9.311411312298103
v 13.877834596047478 103.43818988846377 -8.012442155217792
v 3.0539742461300534 117.65605766850997 -11.397675749542701
v 11.397578170635825 117.65606640072046 -3.054068138606106
v 11.799640734909644 117.65597105103993 -0.00009709319072485288
v 3.2209824422638644e-21 89.03728109976896 -18.622767494208905
v 2.6886813292806185e-21 74.32293121899606 -20.10699271763618
v 10.218788041458993 117.65605856420848 -5.899917485557755
v 20.106943670953115 74.32286076618921 -0.0000552507699387698
v 10.053476443516729 74.32292428501133 -17.413169297603467
v 5.204066666860285 74.32292395775376 -19.42186193204818
v 14.21775958182252 74.32292480560301 -14.217800334032153
v 4.147513097709066 103.43818129917813 -15.478783289580067
v 3.0539742461300534 117.65605766850997 -11.397675749542701
v 1.8607949355121889 126.37528141384813 -6.944677274823296
v 4.571709460319328e-21 126.37528137393596 -7.189656357685366
v 0.8733775786719633 132.01735165467642 -3.2596003597109466
v 0.8024847238470301 74.3229310047124 -21.422256407752972
v 1.743232771436709 74.32293125480058 -19.887226065769333
v 1.7432233249543572 -2.5983755357541867 -19.887163766863953
v 0.8038622974563481 -2.5983684130594753 -21.4226936204034
v 5.204066666860285 -2.598368087072174 -19.421797789929133
v 1.7432233249543572 -2.5983755357541867 -19.887163766863953
v 10.053476443516729 -2.5983677598146073 -17.41310515548442
v 5.204066666860285 -2.598368087072174 -19.421797789929133
v 20.106943670953115 -2.598431278635047 0.000019024364741152794
v -2.107127778206388e-21 -58.24712671676758 -26.26390999057753
v 1.6470870500640444 -58.247126660956894 -25.921346441000203
v 1.6470873956670573 -62.511266951389956 -25.921342059851437
v -2.2613861988528176e-21 -62.51126700720124 -26.263909295860902
v 3.8224836017889174 -79.51966753439575 -19.603622209464675
v -2.87667614388309e-21 -79.51966753439606 -19.603624052680743
v -2.8125497317811043e-21 -77.74702560766502 -26.263897597560423
v 1.647088086873083 -77.74702555185374 -25.921330361550957
v 3.8224824497788745 -58.24712563167225 -19.603642264146263
v 3.822482680180883 -62.51126592210528 -19.603637882997496
v 1.6470873956670573 -62.511266951389956 -25.921342059851437
v 1.6470870500640444 -58.247126660956894 -25.921346441000203
v 3.8224840625929346 -21.595039529400267 -19.60367219733791
v 1.647088086873083 -21.595040558685213 -25.92137821740792
v -9.399740730123574e-23 -2.5983684313338102 -21.534860691045896
v 0.8038622974563481 -2.5983684130594753 -21.4226936204034
v 1.647088086873083 -21.595040558685213 -25.92137821740792
v -7.812146724917663e-22 -21.5950406144962 -26.263943610201316
v 5.204066666860285 -21.595039499766855 -19.421783635682118
v 3.8224840625929346 -21.595039529400267 -19.60367219733791
v 10.053476443516729 -21.59503917250929 -17.413091001237404
v 5.204066666860285 -21.595039499766855 -19.421783635682118
v 18.50364429221827 -62.511235270554465 -12.483033394678362
v 19.46080980773104 -62.51123506732719 -11.235633233777655
v 19.46080980773104 -79.5196661710749 -11.235618481848066
v 18.50364429221827 -79.51966637430235 -12.483019564356807
v 20.106943670953115 -21.59510269132906 0.00003736753523824663
v 9.684074746371607 -79.51966707326443 -16.773218321961206
v 13.695346067561331 -79.51965182607259 -13.695258535534077
v 13.695340537913125 -63.3187558005973 -13.695259331778988
v 9.684069216723401 -63.31877104778914 -16.773219118206118
v 19.36814027666287 -79.51972332345932 0.00009329950733130059
v 18.70818782257402 -79.519650411514 -5.012759752633755
v 19.421818415014513 -79.51965044266706 -5.203975909205025
v 20.106943670953115 -79.51972332345932 0.00009329950733130059
v 13.695346067561331 -79.51965182607259 -13.695258535534077
v 9.684074746371607 -79.51966707326443 -16.773218321961206
v 10.053476443516729 -79.5196671775048 -17.413041013364168
v 14.21775958182252 -79.51966665691296 -14.217671128184822
v 5.012849588680979 -79.51966738849748 -18.708104898584466
v 5.204065745252251 -79.51966750476237 -19.421733647808882
v 3.774474274456452 -79.51966741505913 -18.87113920307389
v -2.87667614388309e-21 -79.51966741505944 -18.87114104628996
v -2.87667614388309e-21 -79.51966753439606 -19.603624052680743
v 3.8224836017889174 -79.51966753439575 -19.603622209464675
v 15.234325499972101 -79.51965149931291 -11.689621953331207
v 15.575791414380546 -79.51965162284426 -12.44785192337713
v 17.740748220694513 -79.5196507920337 -7.348373022685064
v 16.77330493238287 -79.51965117255341 -9.683986292736371
v 17.740748220694513 -79.5196507920337 -7.348373022685064
v 18.70818782257402 -79.519650411514 -5.012759752633755
v 18.708182292925812 -63.31875438603876 -5.012761009682683
v 17.74074084783024 -63.31875476655847 -7.348374279733992
v 5.012849588680979 -79.51966738849748 -18.708104898584466
v 5.012843598228756 -63.318756617293616 -18.708105694831783
v 3.774474274456452 -79.51966741505913 -18.87113920307389
v 3.7744682840042287 -63.31875664385558 -18.871141842537277
v -2.87667614388309e-21 -79.51966741505944 -18.87114104628996
v 3.774474274456452 -79.51966741505913 -18.87113920307389
v 3.7744682840042287 -63.31875664385558 -18.871141842537277
v -2.5722845543470314e-21 -63.318756643855295 -18.87113999932121
v 19.36814027666287 -79.51972332345932 0.00009329950733130059
v 19.368134747014665 -63.318827297986445 0.00007765593845368657
v 15.234325499972101 -79.51965149931291 -11.689621953331207
v 16.77330493238287 -79.51965117255341 -9.683986292736371
v 16.773299402734665 -63.31875514707809 -9.683987088981283
v 15.234319970323895 -63.31875547383777 -11.689623671184153
v 18.00594830543787 -59.808785503734185 -11.896322492970866
v 18.89295180129693 -59.808785342680466 -10.907781753537304
v 15.575791414380546 -62.51125001055348 -12.44786575369388
v 20.062507417969755 -62.51123483066368 -9.783002944535623
v 20.062507417969755 -79.51966593441156 -9.782989114214068
v 15.575791414380546 -79.51965162284426 -12.44785192337713
v 15.575791414380546 -62.51125001055348 -12.44786575369388
v 18.50364429221827 -62.511235270554465 -12.483033394678362
v 18.50364429221827 -79.51966637430235 -12.483019564356807
v 18.50364429221827 -79.51966637430235 -12.483019564356807
v 19.305552031835305 -59.8087851370035 -9.645345557556467
v 16.909658684278384 -58.24710943663476 -10.707847439390546
v 17.414019740363074 -58.01029292925776 -10.051853330391449
v 17.414019740363074 -58.01029292925776 -10.051853330391449
v 20.106943670953115 -79.51972332345932 0.00009329950733130059
v 19.421818415014513 -79.51965044266706 -5.203975909205025
v 18.568123676732284 -62.5112344204274 -7.264990541977499
v 18.568125519948353 -79.51965077844656 -7.264975790050313
v 20.062507417969755 -62.51123483066368 -9.783002944535623
v 18.568123676732284 -62.5112344204274 -7.264990541977499
v 18.568125519948353 -79.51965077844656 -7.264975790050313
v 20.062507417969755 -79.51966593441156 -9.782989114214068
v 5.204065745252251 -79.51966750476237 -19.421733647808882
v 3.8224836017889174 -79.51966753439575 -19.603622209464675
v 15.575791414380546 -79.51965162284426 -12.44785192337713
v 14.21775958182252 -79.51966665691296 -14.217671128184822
v 10.053476443516729 -79.5196671775048 -17.413041013364168
v 5.204065745252251 -79.51966750476237 -19.421733647808882
v 17.72815352529733 -58.24710920566565 -9.29016913485056
v 1.647088086873083 -77.74702555185374 -25.921330361550957
v -2.8125497317811043e-21 -77.74702560766502 -26.263897597560423
v 3.8224836017889174 -79.51966753439575 -19.603622209464675
v 1.647088086873083 -77.74702555185374 -25.921330361550957
v -18.708191509006156 -79.51966515724268 -5.012760674239387
v -19.36814211987894 -79.51966434054512 0.00009329944147127379
v -20.106945514169183 -79.51966434054512 0.00009329944147127379
v -20.07732318872968 -79.5196659344117 -9.782990035822102
v -19.46038218160311 -62.5112645582532 -11.232373506155417
v -20.07732318872968 -62.51126432212109 -9.783004787746886
v -20.07732318872968 -33.82458485053576 -9.783056463409935
v -10.053478286732798 -34.06140249412661 -17.413081597344753
v -10.053478286732798 -62.511265565214615 -17.41305853011306
v -14.217760503430554 -62.51126504462249 -14.21768680171764
v -14.217760503430554 -34.06140197353463 -14.21771079055737
v -5.204066666860285 -34.06140282138418 -19.421774231789467
v -5.204065745252251 -62.51126589247218 -19.421751164557772
v -15.815446367628283 -2.59835952713496 -12.135596005173491
v -17.41312762378584 -2.598359187910958 -10.053453975216607
v -7.189555054216612 126.37528254526248 -0.00010551255241841201
v -3.374472425747399 132.01736693144318 -0.00011096054083669785
v -6.944576432158556 126.37528224210152 -1.8608941653629365
v -3.5947784487163403 126.37528153086404 -6.22643864221115
v -1.8607950507131932 126.37528141384806 -6.944677735627313
v -17.41312762378584 74.32294022977909 -10.05351903894489
v -19.421820258230582 -2.598351024977177 -5.2040418945413425
v -19.421820258230582 74.32294101984867 -5.204106497464408
v -5.08378345506344 126.37528171701001 -5.0838829153161536
v -2.6542454238011715 132.01736659962705 -2.036783862726443
v -13.168246176445564 89.03728936127902 -13.16829854200979
v -11.331206724827325 103.4381967206218 -11.33127341750158
v -8.012375462544696 103.43818893285858 -13.877904975152633
v -9.311358025126992 89.03728150625145 -16.127795753313105
v -5.65506062730492 126.37528183830489 -4.339380296941609
v -18.62270867738971 89.03729150665583 -0.00006945901263760384
v -16.024743552225118 103.43819856670697 -0.00008336451818292423
v -15.478714753692202 103.43820526385824 -4.147580251188634
v -17.98815758394312 89.03729072139456 -4.819968841906085
v -6.226337338742383 126.37528195959963 -3.594878369773091
v -8.343608762947952 117.65606553892947 -8.343703577031967
v -5.899823593082942 117.65606523342339 -10.21888654197512
v -14.647992938881771 89.03728967546236 -11.239854927154548
v -12.604520660437402 103.43819699097469 -9.671859168772338
v -11.799642578125713 117.6560668982755 -0.00009709328368477383
v -11.39757909224386 117.6560737735847 -3.054068369009316
v -13.877835517655512 103.43819726132774 -8.012443998435064
v -16.127740622926012 89.03728998964556 -9.311412233907339
v -1.7432334626427348 74.32293862766457 -19.887227908986603
v 2.6886813292806185e-21 74.32293121899606 -20.10699271763618
v 2.6886813292806185e-21 74.32293098635638 -21.534924833166144
v -0.8024851270505451 74.3229310047124 -21.422256407752972
v -10.218789884675061 117.65606593707261 -5.899918407166991
v -20.106945514169183 74.32294186769623 -0.00005525085346499536
v -10.053478286732798 74.3229316578753 -17.413171140820737
v -9.281198402203472 117.65606573800099 -7.1218112225014885
v -14.217760503430554 74.32293217846697 -14.217802177249423
v -0.8024851270505451 74.3229310047124 -21.422256407752972
v -0.8038624126573524 -2.5983684130597737 -21.42269546361947
v -1.7432234401553615 -2.598375535754485 -19.88716561008002
v -1.7432334626427348 74.32293862766457 -19.887227908986603
v -1.7432234401553615 -2.598375535754485 -19.88716561008002
v -5.2040671276643025 -2.598368087072771 -19.42180147636127
v -10.053478286732798 -2.5983677598149058 -17.41310699870049
v -20.106945514169183 -2.598357549992315 0.000019024292743357756
v -14.217760503430554 -2.59836723922308 -14.21773711352114
v -15.815446367628283 74.32293989055525 -12.13566014729374
v -3.8224840625929346 -34.06141759674614 -19.603662793442854
v -3.822483371386909 -62.51126592210559 -19.603639726213565
v -3.822484292994943 -79.51966753439638 -19.603625895896812
v -1.6470883172750916 -77.74702555185402 -25.921332204767026
v -7.812146724917663e-22 -21.5950406144962 -26.263943610201316
v -2.2613861988528176e-21 -62.51126700720124 -26.263909295860902
v -1.6470875108680616 -62.51126695139024 -25.921343903067505
v -1.6470883172750916 -21.5950479315501 -25.921381903838853
v -1.6470883172750916 -21.5950479315501 -25.921381903838853
v -3.8224831409849003 -14.8547153994611 -19.60368804120464
v -9.399740730123574e-23 -2.5983684313338102 -21.534860691045896
v -0.8038624126573524 -2.5983684130597737 -21.42269546361947
v -3.8224831409849003 -14.8547153994611 -19.60368804120464
v -5.204065745252251 -14.854715369827687 -19.42179947954885
v -10.053478286732798 -14.854715042569822 -17.413105001888066
v -18.50413827412467 -62.511264712996194 -12.182179059905998
v -18.50413827412467 -79.5196663252868 -12.182164307981214
v -19.46038218160311 -79.51966617054129 -11.23234308689405
v -19.421820258230582 -14.854690934867449 -5.204037593710037
v -20.106945514169183 -14.854749069931273 0.000030859054849652215
v -14.217760503430554 -14.854707149113565 -14.217734195101887
v -9.684075667979641 -79.51966707326474 -16.773220165177275
v -9.684070138331435 -63.31877104778974 -16.773222804638255
v -13.69534145952116 -63.31877054632599 -13.695260253384621
v -13.6953479107774 -79.51966657180128 -13.69525945713971
v -17.740750063910582 -79.51966553776231 -7.348373483486679
v -19.46038218160311 -79.51966617054129 -11.23234308689405
v -13.6953479107774 -79.51966657180128 -13.69525945713971
v -14.217760503430554 -79.5196666569131 -14.217672049792856
v -10.053478286732798 -79.51966717750508 -17.413042856580237
v -9.684075667979641 -79.51966707326474 -16.773220165177275
v -5.204066666860285 -79.51966750476265 -19.42173549102495
v -5.012850049484996 -79.51966738849808 -18.708108585016603
v -3.7744749656624776 -79.51966741505973 -18.87114288950603
v -3.822484292994943 -79.51966753439638 -19.603625895896812
v -15.234328264796204 -79.5196662450416 -11.68962287493684
v -15.577658592258103 -79.51966636839953 -12.446788387703108
v -17.740750063910582 -79.51966553776231 -7.348373483486679
v -17.740742691046307 -63.318769512287105 -7.348374740535607
v -18.70818413614188 -63.3187691317674 -5.012761470484298
v -18.708191509006156 -79.51966515724268 -5.012760674239387
v -5.012850049484996 -79.51966738849808 -18.708108585016603
v -5.012844059032773 -63.31877136302276 -18.708109381261515
v -3.7744749656624776 -79.51966741505973 -18.87114288950603
v -3.7744689752102545 -63.31877138958444 -18.87114368575094
v -18.708191509006156 -79.51966515724268 -5.012760674239387
v -18.70818413614188 -63.3187691317674 -5.012761470484298
v -19.368136590230733 -63.31876831507225 0.00007765587259365978
v -19.36814211987894 -79.51966434054512 0.00009329944147127379
v -15.234328264796204 -79.5196662450416 -11.68962287493684
v -15.234321813539964 -63.31877021956646 -11.689624592789785
v -16.773301245950734 -63.318769892806785 -9.683988010586916
v -16.77330677559894 -79.51966591828224 -9.683988135950038
v -16.77330677559894 -79.51966591828224 -9.683988135950038
v -18.50413827412467 -79.5196663252868 -12.182164307981214
v -20.07732318872968 -79.5196659344117 -9.782990035822102
v -15.577658592258103 -79.51966636839953 -12.446788387703108
v -15.577658592258103 -62.51126475611133 -12.446817885356442
v -3.822484292994943 -79.51966753439638 -19.603625895896812
v -5.204066666860285 -79.51966750476265 -19.42173549102495
v -14.217760503430554 -79.5196666569131 -14.217672049792856
v -10.053478286732798 -79.51966717750508 -17.413042856580237
v -2.8125497317811043e-21 -77.74702560766502 -26.263897597560423
v -1.6470883172750916 -77.74702555185402 -25.921332204767026
v -1.6470875108680616 -62.51126695139024 -25.921343903067505
v -1.6470883172750916 -77.74702555185402 -25.921332204767026
v -3.822484292994943 -79.51966753439638 -19.603625895896812
v -3.822483371386909 -62.51126592210559 -19.603639726213565
v -20.106945514169183 -79.51966434054512 0.00009329944147127379
v -20.106945514169183 -62.511233236797665 0.00007687611996719963
v -20.07732318872968 -62.51126432212109 -9.783004787746886
v -20.07732318872968 -79.5196659344117 -9.782990035822102
v -20.07732318872968 -33.82458485053576 -9.783056463409935
v -20.106945514169183 -33.824583256665534 0.00004917631390388385
v -20.106945514169183 -14.854749069931273 0.000030859054849652215
v -19.421820258230582 -14.854690934867449 -5.204037593710037
v 1.743232771436709 74.32293125480058 -19.887226065769333
v 0.8024847238470301 74.3229310047124 -21.422256407752972
v 2.6886813292806185e-21 74.32293098635638 -21.534924833166144
v 0.8024847238470301 74.3229310047124 -21.422256407752972
v 0.8038622974563481 -2.5983684130594753 -21.4226936204034
v -0.8024851270505451 74.3229310047124 -21.422256407752972
v 18.568125519948353 -79.51963366545797 7.2651628350065
v 20.062507417969755 -79.51963325522166 9.783175237564622
v 19.46080980773104 -79.51963301855832 11.23580460519862
v 17.41312762378584 -79.5196332111681 10.053574113229642
v 10.053476443516729 -58.24709010940552 17.413203395601
v 10.053476443516729 -62.51123039983855 17.41320777674977
v 14.21775958182252 -62.51123092043025 14.217838813178455
v 19.421820258230582 -58.24709209851454 5.204139213047486
v 19.421820258230582 -62.51123238894752 5.204144055000272
v 5.204065284448234 -58.24708978214764 19.42189787326178
v 5.204065284448234 -62.5112300725807 19.42190225441055
v 3.8224824497788745 -58.24708975251423 19.603786434917573
v 3.822482680180883 -62.51123004294729 19.603790816066343
v -3.0539751677380877 117.6560835009056 11.397483356549142
v -4.147513558513083 103.43822320710042 15.47861856955689
v 3.713879965446347e-21 103.43822329606041 16.024651054521936
v 4.638934397454085e-21 117.6560835664099 11.799545920822956
v 14.21775958182252 -2.598333115033242 14.217773755646407
v 17.41312578056977 -21.59501257903868 10.053513066061198
v 17.41312578056977 -2.5983411663453495 10.053490617341874
v 3.2594896121580064 132.01735232800564 0.8732651031039035
v 6.9445759713545385 126.37528284842338 1.8606829183499152
v 3.5947782183143318 126.37528355966077 6.226226819193107
v 1.8607949355121889 126.37528367667684 6.944466373413287
v 17.41312578056977 74.32295087847743 10.053407121454104
v 19.421816571798445 -2.598341956414629 5.20407991907746
v 19.421816571798445 74.32295008840806 5.203995962385673
v 5.083782994259423 126.37528337351489 5.0836715531021275
v 13.16824525483753 89.0373010248965 13.16815694655841
v 11.33120580321929 103.4382077856563 11.331105932654298
v 8.012374540936662 103.43821557341953 13.877737490305353
v 9.311357103518958 89.03730887992407 16.127654157861723
v 6.226336877938365 126.37528313092525 3.5946670075590648
v 4.147513097709066 103.43821583423585 15.478616726342022
v 15.478712910476133 103.43819924241994 4.14741322714537
v 17.988153897510983 89.03729966478133 4.819829550474791
v 6.9445759713545385 126.37528284842338 1.8606829183499152
v 8.343607841339917 117.65607563048565 8.343508419214304
v 5.899822210670891 117.65607593599174 10.218691384157458
v 16.127738779709944 89.03730039653011 9.311271560063993
v 13.877834596047478 103.4382072449502 8.012275591979748
v 3.0539742461300534 117.65607612804116 11.397482434942308
v 11.397578170635825 117.65606739583052 3.0538739023976786
v 17.988153897510983 89.03729966478133 4.819829550474791
v 15.478712910476133 103.43819924241994 4.14741322714537
v 3.2209834180543263e-21 89.03731665927113 18.62262774197239
v 2.688682500229173e-21 74.32296726212519 20.106883564968296
v 11.397578170635825 117.65606739583052 3.0538739023976786
v 10.218788041458993 117.65607523234252 5.899723249349329
v 19.421816571798445 74.32295008840806 5.203995962385673
v 10.053476443516729 74.32295945038136 17.413060144937987
v 14.21775958182252 74.32295892978938 14.217689338150603
v 4.638934397454085e-21 117.6560835664099 11.799545920822956
v 3.713879965446347e-21 103.43822329606041 16.024651054521936
v 3.2209834180543263e-21 89.03731665927113 18.62262774197239
v 4.571710240951698e-21 126.375283716589 7.189445456275357
v 0.8024847238470301 74.32296747640883 21.422147255085086
v 0.8038622974563481 -2.5983245683324014 21.4227311841355
v 1.7432233249543572 -2.5983321913662536 19.887201330598455
v 1.743232771436709 74.32296722632066 19.887116913101448
v 1.7432233249543572 -2.5983321913662536 19.887201330598455
v 5.204066666860285 -2.5983322671839915 19.421835353662434
v 10.053476443516729 -2.5983325944415583 17.41314271921772
v 19.421816571798445 -2.598341956414629 5.20407991907746
v -2.107126216941649e-21 -58.247073921690344 26.26405416134644
v -2.2613846375880786e-21 -62.51122895785136 26.26406222892975
v 1.6470873956670573 -62.511199522205544 25.921494992915477
v 1.6470870500640444 -58.24707397750103 25.921490611769112
v 3.8224836017889174 -79.51963165523716 19.6038101760313
v 1.647088086873083 -77.74695812266813 25.92151406408023
v -2.8125481705163653e-21 -77.7469728125854 26.2640813000921
v -2.8766749729345357e-21 -79.51963165523685 19.603812019247368
v 3.8224824497788745 -58.24708975251423 19.603786434917573
v 1.6470870500640444 -58.24707397750103 25.921490611769112
v 1.6470873956670573 -62.511199522205544 25.921494992915477
v 3.822482680180883 -62.51123004294729 19.603790816066343
v 1.647088086873083 -21.594995248094833 25.921451462498325
v 3.8224840625929346 -21.595003650244067 19.603745442429517
v -9.399615097101602e-23 -2.5983245500580665 21.534898254777996
v -7.812131112270273e-22 -21.594995192283847 26.26401685529172
v 1.647088086873083 -21.594995248094833 25.921451462498325
v 0.8038622974563481 -2.5983245683324014 21.4227311841355
v 3.8224840625929346 -21.595003650244067 19.603745442429517
v 5.204066666860285 -21.59500367987748 19.421856880773724
v 10.053476443516729 -21.595004007135046 17.41316424632901
v 18.50364429221827 -62.51123120304101 12.483186327742406
v 18.50364429221827 -79.51963281533088 12.483205687707361
v 19.46080980773104 -79.51963301855832 11.23580460519862
v 19.46080980773104 -62.51123140626828 11.235786166841699
v 19.421816571798445 -21.595020741972462 5.204100985385934
v 9.684074746371607 -79.51963211636848 16.77340628852783
v 9.684069216723401 -63.31873609089797 16.77337600082582
v 13.695340537913125 -63.318736592361574 13.69541437118022
v 13.695346067561331 -79.51963261783209 13.695444658882229
v 19.421818415014513 -79.51963400123745 5.2041629541612116
v 18.70818782257402 -79.51963403239054 5.012946797589942
v 13.695346067561331 -79.51963261783209 13.695444658882229
v 14.21775958182252 -79.51963253272027 14.217857251535376
v 10.053476443516729 -79.51963201212814 17.413228979930793
v 9.684074746371607 -79.51963211636848 16.77340628852783
v 5.204065745252251 -79.51963168487057 19.421921614375506
v 5.012849588680979 -79.51963180113546 18.70829286515109
v 3.774474274456452 -79.51963177457378 18.871327169640516
v 3.8224836017889174 -79.51963165523716 19.6038101760313
v -2.8766749729345357e-21 -79.51963165523685 19.603812019247368
v -2.8766749729345357e-21 -79.5196317745735 18.871329012856584
v 15.234325499972101 -79.51963294459176 11.689808076679359
v 15.575791414380546 -79.51963282106041 12.448038046725282
v 17.740748220694513 -79.51963365187083 7.348560067641251
v 16.77330493238287 -79.51963327135127 9.684172416084524
v 17.740748220694513 -79.51963365187083 7.348560067641251
v 17.74074084783024 -63.318737626400406 7.348529319135223
v 18.708182292925812 -63.318738006920114 5.012916049083914
v 18.70818782257402 -79.51963403239054 5.012946797589942
v 5.012849588680979 -79.51963180113546 18.70829286515109
v 5.012843598228756 -63.3187210299364 18.70826257744668
v 3.774474274456452 -79.51963177457378 18.871327169640516
v 3.7744682840042287 -63.318721003374435 18.871298725152172
v -2.8766749729345357e-21 -79.5196317745735 18.871329012856584
v -2.5722835785565694e-21 -63.31872100337475 18.871296881936104
v 19.368134747014665 -63.318827297986445 0.00007765593845368657
v 19.36814027666287 -79.51972332345932 0.00009329950733130059
v 15.234325499972101 -79.51963294459176 11.689808076679359
v 15.234319970323895 -63.31873691912111 11.689778710585385
v 16.773299402734665 -63.31873724588078 9.684142128382515
v 16.77330493238287 -79.51963327135127 9.684172416084524
v 18.00594830543787 -59.808752135939045 11.896470859028096
v 18.89295180129693 -59.80875229699279 10.907930119594534
v 15.575791414380546 -62.51123120877054 12.448018686760326
v 20.062507417969755 -79.51963325522166 9.783175237564622
v 20.062507417969755 -62.51123164293179 9.783155877599667
v 15.575791414380546 -79.51963282106041 12.448038046725282
v 18.50364429221827 -79.51963281533088 12.483205687707361
v 18.50364429221827 -62.51123120304101 12.483186327742406
v 15.575791414380546 -62.51123120877054 12.448018686760326
v 18.50364429221827 -79.51963281533088 12.483205687707361
v 19.305552031835305 -59.80875250266973 9.645493923613698
v 17.414019740363074 -58.010274908195896 10.051999267211848
v 16.909658684278384 -58.247091201822855 10.707993453375524
v 17.414019740363074 -58.010274908195896 10.051999267211848
v 19.421818415014513 -79.51963400123745 5.2041629541612116
v 18.568123676732284 -62.51123205316793 7.2651443966495775
v 18.568125519948353 -79.51963366545797 7.2651628350065
v 19.421818415014513 -79.51963400123745 5.2041629541612116
v 19.421820258230582 -62.51123238894752 5.204144055000272
v 20.062507417969755 -62.51123164293179 9.783155877599667
v 20.062507417969755 -79.51963325522166 9.783175237564622
v 18.568125519948353 -79.51963366545797 7.2651628350065
v 18.568123676732284 -62.51123205316793 7.2651443966495775
v 3.8224836017889174 -79.51963165523716 19.6038101760313
v 5.204065745252251 -79.51963168487057 19.421921614375506
v 14.21775958182252 -79.51963253272027 14.217857251535376
v 15.575791414380546 -79.51963282106041 12.448038046725282
v 16.234164232298554 -59.80861947390349 11.592510705163214
v 10.053476443516729 -79.51963201212814 17.413228979930793
v 18.89295180129693 -59.80875229699279 10.907930119594534
v 19.305552031835305 -59.80875250266973 9.645493923613698
v 17.72815352529733 -58.24709143279199 9.290315148835537
v 17.414019740363074 -58.010274908195896 10.051999267211848
v -2.8125481705163653e-21 -77.7469728125854 26.2640813000921
v 1.647088086873083 -77.74695812266813 25.92151406408023
v 1.647088086873083 -77.74695812266813 25.92151406408023
v 3.8224836017889174 -79.51963165523716 19.6038101760313
v -18.708191509006156 -79.51964877811892 5.012947719200378
v -20.07732318872968 -79.51964800095007 9.78317615917506
v -20.07732318872968 -33.82456691706693 9.783153968772876
v -20.07732318872968 -62.511231642931506 9.783157720815735
v -19.46038218160311 -62.51123140679937 11.232526439224266
v -10.053478286732798 -34.061367328751146 17.413181023085937
v -14.217760503430554 -34.06138259507168 14.217810216300956
v -14.217760503430554 -62.51123092043011 14.217839734786489
v -10.053478286732798 -62.511230399837956 17.413211463181906
v -5.204066666860285 -34.06136700149358 19.42187365753065
v -5.204065745252251 -62.51123007258039 19.42190409762662
v -15.815446367628283 -2.5983408271212056 12.135633568906792
v -17.41312762378584 -2.598341166345193 10.053491538949908
v -7.189555054216612 126.37528254526248 -0.00010551255241841201
v -6.944576432158556 126.37528284842341 1.8606830335509195
v -3.5947784487163403 126.37528355966091 6.226227740801141
v -1.8607950507131932 126.37528367667691 6.944466834217304
v -17.41312762378584 74.32295825134184 10.053408043060937
v -19.421820258230582 74.32295746127241 5.203996423188489
v -19.421820258230582 -2.598341956414558 5.204080379881477
v -5.08378345506344 126.37528337351496 5.083672013906145
v -2.6542454238011715 132.0173672632593 2.036561906811653
v -13.168246176445564 89.03730839776108 13.168158789773278
v -9.311358025126992 89.03731625278864 16.12765600107659
v -8.012375462544696 103.43822294628394 13.877738411912187
v -11.331206724827325 103.43821515852073 11.331106854261131
v -5.65506062730492 126.37528325222009 4.3391693955316
v -18.62270867738971 89.03729150665583 -0.00006945901263760384
v -17.98815758394312 89.03730703764568 4.819830011277606
v -15.478714753692202 103.43820661528429 4.147413687948186
v -16.024743552225118 103.43819856670697 -0.00008336451818292423
v -6.226337338742383 126.37528313092533 3.594667468363082
v -5.899823593082942 117.6560833088563 10.218693227372325
v -8.343608762947952 117.65608300335022 8.343510262429172
v -14.647992938881771 89.03730808357773 11.239715174918036
v -12.604520660437402 103.43821488816783 9.67169260553189
v -11.39757909224386 117.65607476869484 3.053874132798486
v -11.799642578125713 117.6560668982755 -0.00009709328368477383
v -16.127740622926012 89.03730776939454 9.311272481670827
v -13.877835517655512 103.4382146178148 8.012277435194616
v -1.7432334626427348 74.32297459918522 19.887118756316315
v -0.8024851270505451 74.32296747640883 21.422147255085086
v 2.688682500229173e-21 74.32296749476485 21.53481568049826
v 2.688682500229173e-21 74.32296726212519 20.106883564968296
v -10.218789884675061 117.65608260520693 5.899724170956161
v -20.106945514169183 74.32294186769623 -0.00005525085346499536
v -10.053478286732798 74.32296682324593 17.41306198815285
v -9.281198402203472 117.65608280427854 7.121616986290658
v -14.217760503430554 74.32296630265395 14.21769118136547
v 4.571710240951698e-21 126.375283716589 7.189445456275357
v 4.7758159415546964e-21 132.01736748121445 3.374360986985942
v -0.8024851270505451 74.32296747640883 21.422147255085086
v -1.7432334626427348 74.32297459918522 19.887118756316315
v -1.7432234401553615 -2.598332191365955 19.887203173814523
v -0.8038624126573524 -2.5983319411963777 21.42273302735277
v -5.2040671276643025 -2.5983322671833946 19.42183904009457
v -1.7432234401553615 -2.598332191365955 19.887203173814523
v -10.053478286732798 -2.59833259444126 17.41314456243379
v -20.106945514169183 -2.598357549992315 0.000019024292743357756
v -14.217760503430554 -2.5983331150330855 14.217774677254441
v -15.815446367628283 74.32295859056569 12.135549151409787
v -3.8224840625929346 -34.061381717588716 19.603762219188845
v -3.822483371386909 -62.51123004294698 19.603792659282412
v -3.822484292994943 -79.51963165523657 19.603813862463436
v -1.6470883172750916 -77.74697286839637 25.921515907298705
v -7.812131112270273e-22 -21.594995192283847 26.26401685529172
v -1.6470883172750916 -21.594995248094236 25.921455148930463
v -1.6470875108680616 -62.51122901366233 25.921496836136352
v -2.2613846375880786e-21 -62.51122895785136 26.26406222892975
v -3.8224831409849003 -14.8546795203019 19.60374803072347
v -1.6470883172750916 -21.594995248094236 25.921455148930463
v -9.399615097101602e-23 -2.5983245500580665 21.534898254777996
v -0.8038624126573524 -2.5983319411963777 21.42273302735277
v -5.204065745252251 -14.854679549935298 19.421859469067677
v -3.8224831409849003 -14.8546795203019 19.60374803072347
v -10.053478286732798 -14.854679877193163 17.413164991406894
v -18.50413827412467 -62.511231252056405 12.182331992974847
v -19.46038218160311 -79.51964776482049 11.232529210247007
v -18.50413827412467 -79.51964761007497 12.182350431334172
v -19.421820258230582 -14.854681866302428 5.204099426441331
v -14.217760503430554 -14.854680397784847 14.217796027835583
v -9.684075667979641 -79.51963211636817 16.7734081317439
v -13.6953479107774 -79.5196473635605 13.695445580492667
v -13.69534145952116 -63.31875133808998 13.695415292790656
v -9.684070138331435 -63.318736090897374 16.773379687257957
v -17.740750063910582 -79.5196483975993 7.34856052844767
v -19.46038218160311 -79.51964776482049 11.232529210247007
v -13.6953479107774 -79.5196473635605 13.695445580492667
v -9.684075667979641 -79.51963211636817 16.7734081317439
v -10.053478286732798 -79.51963201212783 17.41323082314686
v -14.217760503430554 -79.51963253272012 14.21785817314341
v -5.012850049484996 -79.51963180113484 18.708296551583228
v -5.204066666860285 -79.51963168487026 19.421923457591575
v -3.7744749656624776 -79.51963177457318 18.871330856072653
v -3.822484292994943 -79.51963165523657 19.603813862463436
v -15.234328264796204 -79.51964769032014 11.689808998289797
v -15.577658592258103 -79.51964756696225 12.446974511056066
v -17.740750063910582 -79.5196483975993 7.34856052844767
v -18.708191509006156 -79.51964877811892 5.012947719200378
v -18.70818413614188 -63.31875275264858 5.012916509890334
v -17.740742691046307 -63.31875237212887 7.348529779941643
v -5.012850049484996 -79.51963180113484 18.708296551583228
v -5.012844059032773 -63.31873577566435 18.708266263881217
v -3.7744749656624776 -79.51963177457318 18.871330856072653
v -5.012850049484996 -79.51963180113484 18.708296551583228
v -5.012844059032773 -63.31873577566435 18.708266263881217
v -3.7744689752102545 -63.3187357491027 18.871300568370643
v -15.234328264796204 -79.51964769032014 11.689808998289797
v -16.77330677559894 -79.51964801707953 9.684174259302996
v -16.773301245950734 -63.31875199160919 9.68414304999295
v -15.234321813539964 -63.318751664849515 11.68977963219582
v -18.50413827412467 -79.51964761007497 12.182350431334172
v -16.77330677559894 -79.51964801707953 9.684174259302996
v -20.07732318872968 -79.51964800095007 9.78317615917506
v -15.577658592258103 -79.51964756696225 12.446974511056066
v -15.577658592258103 -62.51123120894127 12.44697081842529
v -18.50413827412467 -62.511231252056405 12.182331992974847
v -18.50413827412467 -79.51964761007497 12.182350431334172
v -5.204066666860285 -79.51963168487026 19.421923457591575
v -3.822484292994943 -79.51963165523657 19.603813862463436
v -15.577658592258103 -62.51123120894127 12.44697081842529
v -15.577658592258103 -79.51964756696225 12.446974511056066
v -14.217760503430554 -79.51963253272012 14.21785817314341
v -10.053478286732798 -79.51963201212783 17.41323082314686
v -1.6470883172750916 -77.74697286839637 25.921515907298705
v -2.8125481705163653e-21 -77.7469728125854 26.2640813000921
v -1.6470875108680616 -62.51122901366233 25.921496836136352
v -3.822483371386909 -62.51123004294698 19.603792659282412
v -3.822484292994943 -79.51963165523657 19.603813862463436
v -1.6470883172750916 -77.74697286839637 25.921515907298705
v 1.743232771436709 74.32296722632066 19.887116913101448
v 0.8024847238470301 74.32296747640883 21.422147255085086
v 2.688682500229173e-21 74.32296726212519 20.106883564968296
v 2.688682500229173e-21 74.32296749476485 21.53481568049826
v 0.8024847238470301 74.32296747640883 21.422147255085086
v 2.688682500229173e-21 74.32296749476485 21.53481568049826
v -0.8024851270505451 74.32296747640883 21.422147255085086
v 0.8145611299259059 116.01446167426107 -12.105108260502389
v -0.8145611299259059 116.01446167426107 -12.105108260502389
v -0.8145611299259059 114.56831666222091 -12.587156950468977
v 0.8145611299259059 114.56831666222091 -12.587156950468977
v -0.7557509020340802 116.17936766057758 -12.744012135561732
v 0.7557509020340802 116.17936766057758 -12.744012135561732
v 0.21852559144761585 116.33138566342006 -14.713145691507703
v -0.21852559144761585 116.33138566342006 -14.713145691507703
v 0.7557509020340802 116.17936766057758 -12.744012135561732
v 0.7557509020340802 114.83763162841713 -13.191257236730182
v 0.21852559144761585 115.9434227593943 -14.842467510894084
v 0.21852559144761585 116.33138566342006 -14.713145691507703
v 0.21852559144761585 116.33138566342006 -14.713145691507703
v 0.21852559144761585 115.9434227593943 -14.842467510894084
v -0.21852559144761585 115.9434227593943 -14.842467510894084
v -0.21852559144761585 116.33138566342006 -14.713145691507703
v -0.7557509020340802 114.83763162841713 -13.191257236730182
v -0.7557509020340802 116.17936766057758 -12.744012135561732
v -0.21852559144761585 116.33138566342006 -14.713145691507703
v -0.21852559144761585 115.9434227593943 -14.842467510894084
v 0.7557509020340802 114.83763162841713 -13.191257236730182
v -0.7557509020340802 114.83763162841713 -13.191257236730182
v -0.21852559144761585 115.9434227593943 -14.842467510894084
v 0.21852559144761585 115.9434227593943 -14.842467510894084
v 0.8145611299259059 114.56831666222091 -12.587156950468977
v -0.8145611299259059 114.56831666222091 -12.587156950468977
v -0.7557509020340802 114.83763162841713 -13.191257236730182
v 0.7557509020340802 114.83763162841713 -13.191257236730182
v -0.8145611299259059 114.56831666222091 -12.587156950468977
v -0.8145611299259059 116.01446167426107 -12.105108260502389
v -0.7557509020340802 116.17936766057758 -12.744012135561732
v -0.7557509020340802 114.83763162841713 -13.191257236730182
v 0.8145611299259059 116.01446167426107 -12.105108260502389
v 0.8145611299259059 114.56831666222091 -12.587156950468977
v 0.7557509020340802 114.83763162841713 -13.191257236730182
v 0.7557509020340802 116.17936766057758 -12.744012135561732
v -0.8145611299259059 116.01446167426107 -12.105108260502389
v 0.8145611299259059 116.01446167426107 -12.105108260502389
v 0.7557509020340802 116.17936766057758 -12.744012135561732
v -0.7557509020340802 116.17936766057758 -12.744012135561732
v 0.8145611299259059 75.87033148666858 -19.47691904812387
v -0.8145611299259059 75.87033148666858 -19.47691904812387
v -0.8145611299259059 74.35894035842617 -19.675416583537533
v 0.8145611299259059 74.35894035842617 -19.675416583537533
v -0.7557509020340802 75.91084342534286 -20.135514901786426
v 0.7557509020340802 75.91084342534286 -20.135514901786426
v 0.21852559144761585 75.68595422936272 -21.649493836410787
v -0.21852559144761585 75.68595422936272 -21.649493836410787
v 0.7557509020340802 75.91084342534286 -20.135514901786426
v 0.7557509020340802 74.5085706907002 -20.31968145004387
v 0.21852559144761585 75.2804853931184 -21.702744282575246
v 0.21852559144761585 75.68595422936272 -21.649493836410787
v 0.21852559144761585 75.68595422936272 -21.649493836410787
v 0.21852559144761585 75.2804853931184 -21.702744282575246
v -0.21852559144761585 75.2804853931184 -21.702744282575246
v -0.21852559144761585 75.68595422936272 -21.649493836410787
v -0.7557509020340802 74.5085706907002 -20.31968145004387
v -0.7557509020340802 75.91084342534286 -20.135514901786426
v -0.21852559144761585 75.68595422936272 -21.649493836410787
v -0.21852559144761585 75.2804853931184 -21.702744282575246
v 0.7557509020340802 74.5085706907002 -20.31968145004387
v -0.7557509020340802 74.5085706907002 -20.31968145004387
v -0.21852559144761585 75.2804853931184 -21.702744282575246
v 0.21852559144761585 75.2804853931184 -21.702744282575246
v 0.8145611299259059 74.35894035842617 -19.675416583537533
v -0.8145611299259059 74.35894035842617 -19.675416583537533
v -0.7557509020340802 74.5085706907002 -20.31968145004387
v 0.7557509020340802 74.5085706907002 -20.31968145004387
v -0.8145611299259059 74.35894035842617 -19.675416583537533
v -0.8145611299259059 75.87033148666858 -19.47691904812387
v -0.7557509020340802 75.91084342534286 -20.135514901786426
v -0.7557509020340802 74.5085706907002 -20.31968145004387
v 0.8145611299259059 75.87033148666858 -19.47691904812387
v 0.8145611299259059 74.35894035842617 -19.675416583537533
v 0.7557509020340802 74.5085706907002 -20.31968145004387
v 0.7557509020340802 75.91084342534286 -20.135514901786426
v -0.8145611299259059 75.87033148666858 -19.47691904812387
v 0.8145611299259059 75.87033148666858 -19.47691904812387
v 0.7557509020340802 75.91084342534286 -20.135514901786426
v -0.7557509020340802 75.91084342534286 -20.135514901786426
v 0.8145611299259059 116.01446561860521 12.105103488843232
v 0.8145611299259059 114.56832076363652 12.58715265002365
v -0.8145611299259059 114.56832076363652 12.58715265002365
v -0.8145611299259059 116.01446561860521 12.105103488843232
v -0.7557509020340802 116.17937181310302 12.744007310169351
v -0.21852559144761585 116.33139045757065 14.713140816581467
v 0.21852559144761585 116.33139045757065 14.713140816581467
v 0.7557509020340802 116.17937181310302 12.744007310169351
v 0.7557509020340802 116.17937181310302 12.744007310169351
v 0.21852559144761585 116.33139045757065 14.713140816581467
v 0.21852559144761585 115.94342759568329 14.8424627623822
v 0.7557509020340802 114.83763592667358 13.191252848530867
v 0.21852559144761585 116.33139045757065 14.713140816581467
v -0.21852559144761585 116.33139045757065 14.713140816581467
v -0.21852559144761585 115.94342759568329 14.8424627623822
v 0.21852559144761585 115.94342759568329 14.8424627623822
v -0.7557509020340802 114.83763592667358 13.191252848530867
v -0.21852559144761585 115.94342759568329 14.8424627623822
v -0.21852559144761585 116.33139045757065 14.713140816581467
v -0.7557509020340802 116.17937181310302 12.744007310169351
v 0.7557509020340802 114.83763592667358 13.191252848530867
v 0.21852559144761585 115.94342759568329 14.8424627623822
v -0.21852559144761585 115.94342759568329 14.8424627623822
v -0.7557509020340802 114.83763592667358 13.191252848530867
v 0.8145611299259059 114.56832076363652 12.58715265002365
v 0.7557509020340802 114.83763592667358 13.191252848530867
v -0.7557509020340802 114.83763592667358 13.191252848530867
v -0.8145611299259059 114.56832076363652 12.58715265002365
v -0.8145611299259059 114.56832076363652 12.58715265002365
v -0.7557509020340802 114.83763592667358 13.191252848530867
v -0.7557509020340802 116.17937181310302 12.744007310169351
v -0.8145611299259059 116.01446561860521 12.105103488843232
v 0.8145611299259059 116.01446561860521 12.105103488843232
v 0.7557509020340802 116.17937181310302 12.744007310169351
v 0.7557509020340802 114.83763592667358 13.191252848530867
v 0.8145611299259059 114.56832076363652 12.58715265002365
v -0.8145611299259059 116.01446561860521 12.105103488843232
v -0.7557509020340802 116.17937181310302 12.744007310169351
v 0.7557509020340802 116.17937181310302 12.744007310169351
v 0.8145611299259059 116.01446561860521 12.105103488843232
v 0.8145611299259059 75.87033783305567 19.476927357082214
v 0.8145611299259059 74.35894676949205 19.675425384969607
v -0.8145611299259059 74.35894676949205 19.675425384969607
v -0.8145611299259059 75.87033783305567 19.476927357082214
v -0.7557509020340802 75.91084998632773 20.13552319754427
v -0.21852559144761585 75.68596128366454 21.649502205446755
v 0.21852559144761585 75.68596128366454 21.649502205446755
v 0.7557509020340802 75.91084998632773 20.13552319754427
v 0.7557509020340802 75.91084998632773 20.13552319754427
v 0.21852559144761585 75.68596128366454 21.649502205446755
v 0.21852559144761585 75.28049246477146 21.70275278372972
v 0.7557509020340802 74.50857731169421 20.319690202720157
v 0.21852559144761585 75.68596128366454 21.649502205446755
v -0.21852559144761585 75.68596128366454 21.649502205446755
v -0.21852559144761585 75.28049246477146 21.70275278372972
v 0.21852559144761585 75.28049246477146 21.70275278372972
v -0.7557509020340802 74.50857731169421 20.319690202720157
v -0.21852559144761585 75.28049246477146 21.70275278372972
v -0.21852559144761585 75.68596128366454 21.649502205446755
v -0.7557509020340802 75.91084998632773 20.13552319754427
v 0.7557509020340802 74.50857731169421 20.319690202720157
v 0.21852559144761585 75.28049246477146 21.70275278372972
v -0.21852559144761585 75.28049246477146 21.70275278372972
v -0.7557509020340802 74.50857731169421 20.319690202720157
v 0.8145611299259059 74.35894676949205 19.675425384969607
v 0.7557509020340802 74.50857731169421 20.319690202720157
v -0.7557509020340802 74.50857731169421 20.319690202720157
v -0.8145611299259059 74.35894676949205 19.675425384969607
v -0.8145611299259059 74.35894676949205 19.675425384969607
v -0.7557509020340802 74.50857731169421 20.319690202720157
v -0.7557509020340802 75.91084998632773 20.13552319754427
v -0.8145611299259059 75.87033783305567 19.476927357082214
v 0.8145611299259059 75.87033783305567 19.476927357082214
v 0.7557509020340802 75.91084998632773 20.13552319754427
v 0.7557509020340802 74.50857731169421 20.319690202720157
v 0.8145611299259059 74.35894676949205 19.675425384969607
v -0.8145611299259059 75.87033783305567 19.476927357082214
v -0.7557509020340802 75.91084998632773 20.13552319754427
v 0.7557509020340802 75.91084998632773 20.13552319754427
v 0.8145611299259059 75.87033783305567 19.476927357082214
v 9.084658116017863 -79.34934861223977 15.73511711965829
v 9.084658116017863 -68.6023667309284 15.735115368752703
v 4.064240742962966 -68.60236639671984 17.786472925538792
v 4.064240742962966 -79.34934827803121 17.786474676444374
v 8.368540103492705 -79.34934996393036 7.438499307164976
v 8.368540103492705 -68.602368082619 7.438497556259391
v 9.823325112319026 -68.60236821945941 6.598577171658302
v 9.823325112319026 -79.34935010077078 6.598578922563887
v 5.313087367673575 -79.34934967652745 9.202565834624771
v 5.313087367673575 -68.60236779521608 9.202564083719185
v 8.368540103492705 -68.602368082619 7.438497556259391
v 13.3713934706293 -68.60236727217219 12.41298474970721
v 15.039264394681595 -68.60236763517437 10.184893185001348
v 9.823325112319026 -68.60236821945941 6.598577171658302
v 9.084658116017863 -79.34934861223977 15.73511711965829
v 5.313087367673575 -79.34934967652745 9.202565834624771
v 8.368540103492705 -79.34934996393036 7.438499307164976
v 13.3713934706293 -79.34934915348356 12.412986500612796
v 5.313087367673575 -68.60236779521608 9.202564083719185
v 9.084658116017863 -68.6023667309284 15.735115368752703
v 2.257634631854444 -68.60236750781317 10.96663061117898
v 4.064240742962966 -68.60236639671984 17.786472925538792
v 4.064240742962966 -79.34934827803121 17.786474676444374
v 2.257634631854444 -79.34934938912454 10.966632362084566
v 2.257634631854444 -79.34934938912454 10.966632362084566
v 2.257634631854444 -68.60236750781317 10.96663061117898
v 13.3713934706293 -79.34934915348356 12.412986500612796
v 13.3713934706293 -68.60236727217219 12.41298474970721
v 1.3007211761390636 -79.3493482242067 18.11684719494356
v 1.3007211761390636 -68.60236634289532 18.116845444037978
v 0.8028500838321406 -68.60236737097279 11.806550995780068
v 0.8028500838321406 -79.34934925228416 11.806552746685654
v 9.823325112319026 -79.34935010077078 6.598578922563887
v 9.823325112319026 -68.60236821945941 6.598577171658302
v 15.039264394681595 -68.60236763517437 10.184893185001348
v 15.039264394681595 -79.34934951648574 10.184894935906934
v 0.8028500838321406 -68.60236737097279 11.806550995780068
v 1.3007211761390636 -68.60236634289532 18.116845444037978
v 1.3007211761390636 -68.60236634289532 18.116845444037978
v 1.3007211761390636 -79.3493482242067 18.11684719494356
v 15.039264394681595 -79.34934951648574 10.184894935906934
v 15.039264394681595 -68.60236763517437 10.184893185001348
v 9.823325112319026 -79.34935010077078 6.598578922563887
v 15.039264394681595 -79.34934951648574 10.184894935906934
v 0.8028500838321406 -79.34934925228416 11.806552746685654
v 0.8028500838321406 -68.60236737097279 11.806550995780068
v 1.3007211761390636 -79.3493482242067 18.11684719494356
v 0.8028500838321406 -79.34934925228416 11.806552746685654
v -18.169318075251795 -79.3493511758108 0.00003036458380874229
v -18.169318075251795 -68.60236929449943 0.000028613678223999933
v -17.435629605552094 -68.6023701699516 -5.373458640545323
v -17.435629605552094 -79.34935205126297 -5.373456889639738
v -10.626173813739115 -79.34935060100503 3.52816295869938
v -10.626173813739115 -68.60236871969366 3.5281612077937954
v -10.62617289213108 -68.60236844601295 5.208001516191957
v -10.62617289213108 -79.34935032732432 5.208003267097542
v -10.62617473534715 -79.34935117581094 0.000029442975774410135
v -10.62617473534715 -68.60236929449957 0.00002769207018966778
v -10.626173813739115 -68.60236871969366 3.5281612077937954
v -17.43563329198423 -68.60236841904731 5.373515407097754
v -16.339983266800573 -68.60236800222066 7.931979029498784
v -10.62617289213108 -68.60236844601295 5.208001516191957
v -18.169318075251795 -79.3493511758108 0.00003036458380874229
v -10.62617473534715 -79.34935117581094 0.000029442975774410135
v -10.626173813739115 -79.34935060100503 3.52816295869938
v -17.43563329198423 -79.34935030035868 5.373517158003339
v -10.62617473534715 -68.60236929449957 0.00002769207018966778
v -18.169318075251795 -68.60236929449943 0.000028613678223999933
v -10.626175656955184 -68.60236986930533 -3.5281049020453814
v -17.435629605552094 -68.6023701699516 -5.373458640545323
v -17.435629605552094 -79.34935205126297 -5.373456889639738
v -10.626175656955184 -79.3493517506167 -3.528103151139797
v -10.626175656955184 -79.3493517506167 -3.528103151139797
v -10.626175656955184 -68.60236986930533 -3.5281049020453814
v -17.43563329198423 -79.34935030035868 5.373517158003339
v -17.43563329198423 -68.60236841904731 5.373515407097754
v -16.339981423584504 -79.34935246808968 -7.931920972844785
v -16.339981423584504 -68.6023705867783 -7.93192272375037
v -10.626173813739115 -68.60237014298619 -5.207946132051577
v -10.626173813739115 -79.34935202429756 -5.2079443811459925
v -10.62617289213108 -79.34935032732432 5.208003267097542
v -10.62617289213108 -68.60236844601295 5.208001516191957
v -16.339983266800573 -68.60236800222066 7.931979029498784
v -16.339983266800573 -79.34934988353203 7.931980780404369
v -10.626173813739115 -68.60237014298619 -5.207946132051577
v -16.339981423584504 -68.6023705867783 -7.93192272375037
v -16.339981423584504 -68.6023705867783 -7.93192272375037
v -16.339981423584504 -79.34935246808968 -7.931920972844785
v -16.339983266800573 -79.34934988353203 7.931980780404369
v -16.339983266800573 -68.60236800222066 7.931979029498784
v -10.62617289213108 -79.34935032732432 5.208003267097542
v -16.339983266800573 -79.34934988353203 7.931980780404369
v -10.626173813739115 -79.34935202429756 -5.2079443811459925
v -10.626173813739115 -68.60237014298619 -5.207946132051577
v -16.339981423584504 -79.34935246808968 -7.931920972844785
v -10.626173813739115 -79.34935202429756 -5.2079443811459925
v 9.084659037625897 -79.3493537393824 -15.735060076922808
v 9.084659037625897 -68.60237185807102 -15.735061827828394
v 13.371389784197163 -68.6023713168268 -12.412928443958798
v 13.371389784197163 -79.34935319813818 -12.412926693053212
v 2.257632327834358 -79.34935296249733 -10.966573476133016
v 2.257632327834358 -68.60237108118596 -10.966575227038602
v 0.8028491622241063 -68.60237121802635 -11.80649561163969
v 0.8028491622241063 -79.34935309933772 -11.806493860734104
v 5.313085985261523 -79.34935267509442 -9.202506948673221
v 5.313085985261523 -68.60237079378305 -9.202508699578807
v 2.257632327834358 -68.60237108118596 -10.966575227038602
v 4.064239821354931 -68.602372192279 -17.786415698182342
v 1.3007184113149606 -68.60237224610353 -18.116788216681528
v 0.8028491622241063 -68.60237121802635 -11.80649561163969
v 9.084659037625897 -79.3493537393824 -15.735060076922808
v 5.313085985261523 -79.34935267509442 -9.202506948673221
v 2.257632327834358 -79.34935296249733 -10.966573476133016
v 4.064239821354931 -79.34935407359038 -17.78641394727676
v 5.313085985261523 -68.60237079378305 -9.202508699578807
v 9.084659037625897 -68.60237185807102 -15.735061827828394
v 8.368539181884671 -68.60237050638014 -7.438442172119012
v 13.371389784197163 -68.6023713168268 -12.412928443958798
v 13.371389784197163 -79.34935319813818 -12.412926693053212
v 8.368539181884671 -79.34935238769151 -7.438440421213427
v 8.368539181884671 -79.34935238769151 -7.438440421213427
v 8.368539181884671 -68.60237050638014 -7.438442172119012
v 4.064239821354931 -79.34935407359038 -17.78641394727676
v 4.064239821354931 -68.602372192279 -17.786415698182342
v 15.039261629857492 -79.34935283513599 -10.18483512834735
v 15.039261629857492 -68.60237095382462 -10.184836879252936
v 9.823323269102957 -68.60237036953981 -6.59852224832194
v 9.823323269102957 -79.34935225085118 -6.598520497416355
v 0.8028491622241063 -79.34935309933772 -11.806493860734104
v 0.8028491622241063 -68.60237121802635 -11.80649561163969
v 1.3007184113149606 -68.60237224610353 -18.116788216681528
v 1.3007184113149606 -79.3493541274149 -18.116786465775945
v 9.823323269102957 -68.60237036953981 -6.59852224832194
v 15.039261629857492 -68.60237095382462 -10.184836879252936
v 15.039261629857492 -68.60237095382462 -10.184836879252936
v 15.039261629857492 -79.34935283513599 -10.18483512834735
v 1.3007184113149606 -79.3493541274149 -18.116786465775945
v 1.3007184113149606 -68.60237224610353 -18.116788216681528
v 0.8028491622241063 -79.34935309933772 -11.806493860734104
v 1.3007184113149606 -79.3493541274149 -18.116786465775945
v 9.823323269102957 -79.34935225085118 -6.598520497416355
v 9.823323269102957 -68.60237036953981 -6.59852224832194
v 15.039261629857492 -79.34935283513599 -10.18483512834735
v 9.823323269102957 -79.34935225085118 -6.598520497416355
v 12.508091890197193 -67.1600164554597 -3.676677798651278
v 12.508091890197193 -58.55412866367044 -0.966360840098298
v 12.806721463169879 -58.55412865596455 -0.9190624181633161
v 13.644255804570093 -67.16001642614202 -3.496727148289676
v 13.076119472509617 -58.554128633601266 -0.7817975415248636
v 14.669203747791926 -67.16003108678728 -2.97448966116065
v 13.289914104313993 -58.55412859876958 -0.568002333715469
v 15.482607626029221 -67.1600162085384 -2.1610855525237587
v 13.42717932655546 -58.554128554879156 -0.29860472757924905
v 16.004844191547818 -67.16001604155306 -1.136137033296919
v 13.474477172485422 -58.55412850622619 0.000024962460481542104
v 16.184795533115448 -67.16001585644841 0.000027287041606119772
v 16.184795533115448 -67.16001585644841 0.000027287041606119772
v 13.474477172485422 -58.55412850622619 0.000024962460481542104
v 13.42717932655546 -58.554128457573256 0.2986546199678729
v 16.004844191547818 -67.16001567134376 1.1361916018558824
v 13.289914104313993 -58.554128413682804 0.568052254904344
v 15.482607626029221 -67.16001550435846 2.1611400058817183
v 13.076119472509617 -58.55412837885109 0.7818477507162492
v 14.669203747791926 -67.16001537183811 2.9745441145210116
v 12.806721463169879 -58.55412835648781 0.9191127425557061
v 13.64425488296206 -67.16001528675486 3.496781371245627
v 12.508091890197193 -58.55412834878197 0.966410761287173
v 12.508090968589158 -67.1600152574371 3.6767324824112464
v 12.508090968589158 -67.1600152574371 3.6767324824112464
v 12.508091890197193 -58.55412834878197 0.966410761287173
v 12.209462317224506 -58.554128356487865 0.919112339352191
v 11.371925211000189 -67.16001528675494 3.49678091044161
v 11.940063386276734 -58.5541283788512 0.7818471171107256
v 10.346975424562288 -67.1600153718384 2.974542271304943
v 11.726269676080392 -58.55412841368286 0.568051851700829
v 9.533572467933027 -67.1600155043588 2.161137932263641
v 11.58900353223089 -58.5541284575734 0.29865381356084286
v 9.011336824022464 -67.16001567134427 1.1361884914287665
v 11.54170568630093 -58.55412850622636 0.000023987077308002525
v 8.831385482454834 -67.16001585644901 0.00002357610477213354
v 8.831385482454834 -67.16001585644901 0.00002357610477213354
v 11.54170568630093 -58.55412850622636 0.000023987077308002525
v 11.58900353223089 -58.55412855487933 -0.2986057643882877
v 9.011337745630499 -67.16001604155372 -1.1361410653320692
v 11.726270597688426 -58.55412859876978 -0.568003485725512
v 9.533576154365164 -67.16001620853905 -2.161089699759913
v 11.940067072708871 -58.55412863360141 -0.7817984631328979
v 10.346981875818528 -67.16001634105922 -2.9744926563891636
v 12.20946323883254 -58.55412865596463 -0.9190630517688397
v 11.371932583864464 -67.16001642614228 -3.496728761103736
v 12.508091890197193 -58.55412866367044 -0.966360840098298
v 12.508091890197193 -67.1600164554597 -3.676677798651278
v 8.43284253926413 -79.38468145903357 2.9608662173143006
v 7.7173507593983 -79.3846816878125 1.5566310635681055
v 10.570966727658515 -64.40600026993448 0.6294381210325196
v 10.86027607858 -64.40600017742773 1.197240427781045
v 10.893296372842087 -79.38468275110668 -4.969822056303241
v 11.013064866551758 -73.31451505935581 -4.60121254861143
v 12.508091890197193 -73.31451509793337 -4.837999918460339
v 12.508090968589158 -79.38468279277484 -5.225579345126826
v 9.43656124141512 -79.38468263018035 -4.227581524848966
v 9.664374453029723 -73.31451494739841 -3.9140228906759345
v 8.280487828676542 -79.38468244183272 -3.0715120289445483
v 8.59404560858934 -73.31451477302042 -2.8436984238737293
v 7.538242689182084 -79.38468220450062 -1.6147780495276434
v 7.906854107437766 -73.31451455329113 -1.4950096231657715
v 7.282480792318324 -79.38468194141589 0.000024536488623655087
v 7.67005936472458 -73.31451430971927 0.000023816877717974426
v 7.538239463553964 -79.38468167833108 1.6148276157100694
v 7.906849499397595 -73.31451406614732 1.4950577874415552
v 7.67005936472458 -73.31451430971927 0.000023816877717974426
v 7.282480792318324 -79.38468194141589 0.000024536488623655087
v 8.280482299028336 -79.38468144099886 3.0715624015340044
v 8.594041000549169 -73.3145138464179 2.8437472793555387
v 9.436552025334777 -79.38468125265081 4.227634431860516
v 9.664367080165448 -73.31451367203957 3.914073819775821
v 10.89328623515371 -79.38468113172382 4.969879110550946
v 11.01305472886338 -73.31451356008165 4.601266703339437
v 12.508090046981124 -79.38468109005521 5.225639164198634
v 12.508090046981124 -73.3145135215035 4.838057759620483
v 14.122891093984435 -79.38468113172365 4.96988003215898
v 14.00312167866673 -73.31451356008156 4.601267164143454
v 12.508090046981124 -73.3145135215035 4.838057759620483
v 12.508090046981124 -79.38468109005521 5.225639164198634
v 15.579625303803368 -79.38468125265044 4.227636735880602
v 15.351812092188766 -73.31451367203911 3.914076584599924
v 16.735695951717844 -79.38468144099835 3.0715656271621246
v 16.42213725019701 -73.31451384641744 2.8437500441796417
v 17.477940630408284 -79.38468167833037 1.6148319933482325
v 17.109330594564653 -73.31451406614661 1.495062049878714
v 17.73369976244794 -79.38468194141504 0.000029810750731800412
v 17.346119346825617 -73.31451430971848 0.000028699950926948035
v 17.477940630408284 -79.38468220449971 -1.614772404678433
v 17.109330594564653 -73.31451455329031 -1.4950045543215826
v 17.346119346825617 -73.31451430971848 0.000028699950926948035
v 17.73369976244794 -79.38468194141504 0.000029810750731800412
v 16.735695951717844 -79.38468244183176 -3.071506038492325
v 16.42213725019701 -73.31451477301957 -2.843693124627532
v 15.579625303803368 -79.38468263017967 -4.227577377612811
v 15.351812092188766 -73.31452969312627 -3.9140187434373774
v 14.12289201559247 -79.38468275110637 -4.969820213087172
v 14.003122600274764 -73.31451505935544 -4.6012102445913445
v 12.508090968589158 -79.38468279277484 -5.225579345126826
v 12.508091890197193 -73.31451509793337 -4.837999918460339
v 14.064695233048496 -79.38468272192543 -4.7907089172428385
v 12.508090968589158 -79.38468276209232 -5.037251508135153
v 12.508090968589158 -79.38468279277484 -5.225579345126826
v 14.12289201559247 -79.38468275110637 -4.969820213087172
v 15.468929119583663 -79.38468260535697 -4.075216676573002
v 15.579625303803368 -79.38468263017967 -4.227577377612811
v 16.58333755469812 -79.38468242379702 -2.9608096238706128
v 16.735695951717844 -79.38468244183176 -3.071506038492325
v 17.298829795367965 -79.38468219501829 -1.5565758525364692
v 17.477940630408284 -79.38468220449971 -1.614772404678433
v 17.54537100384823 -79.38468194141504 0.000029810750731800412
v 17.73369976244794 -79.38468194141504 0.000029810750731800412
v 17.298829795367965 -79.38468168781179 1.5566354412062686
v 17.477940630408284 -79.38468167833037 1.6148319933482325
v 16.58333755469812 -79.38468145903315 2.960868751736395
v 16.735695951717844 -79.38468144099835 3.0715656271621246
v 15.468929119583663 -79.38468127747308 4.07527649564481
v 15.579625303803368 -79.38468125265044 4.227636735880602
v 14.064694311440462 -79.38468116090453 4.790769197118664
v 14.122891093984435 -79.38468113172365 4.96988003215898
v 12.508090046981124 -79.38468112073772 5.037311327206961
v 12.508090046981124 -79.38468109005521 5.225639164198634
v 10.951483017697683 -79.38468116090468 4.790768275510629
v 10.89328623515371 -79.38468113172382 4.969879110550946
v 9.547249131162516 -79.38468127747353 4.075273730820707
v 9.436552025334777 -79.38468125265081 4.227634431860516
v 8.43284253926413 -79.38468145903357 2.9608662173143006
v 8.280482299028336 -79.38468144099886 3.0715624015340044
v 7.7173507593983 -79.3846816878125 1.5566310635681055
v 7.538239463553964 -79.38468167833108 1.6148276157100694
v 7.470809090114017 -79.38468194141586 0.000024685656134995025
v 7.282480792318324 -79.38468194141589 0.000024536488623655087
v 7.717353063418386 -79.38468219501914 -1.5565811517826666
v 7.538242689182084 -79.38468220450062 -1.6147780495276434
v 8.432848068912335 -79.38468242379795 -2.9608153839208273
v 8.280487828676542 -79.38468244183272 -3.0715120289445483
v 9.547257425634825 -79.38468260535763 -4.075220823809157
v 9.43656124141512 -79.38468263018035 -4.227581524848966
v 10.95149315538606 -79.38468272192588 -4.7907116820669415
v 10.893296372842087 -79.38468275110668 -4.969822056303241
v 17.298829795367965 -79.38468168781179 1.5566354412062686
v 16.58333755469812 -79.38468145903315 2.960868751736395
v 14.15592797719114 -64.40600017742756 1.1972414645900835
v 14.44523824972066 -64.4060002699342 0.629439849047584
v 7.470809090114017 -79.38468194141586 0.000024685656134995025
v 10.471277308192839 -64.40600037247901 0.000024297475701654145
v 15.468929119583663 -79.38468127747308 4.07527649564481
v 13.705316944884771 -64.40600010401377 1.647852151293434
v 12.508090968589158 -79.38468276209232 -5.037251508135153
v 14.064695233048496 -79.38468272192543 -4.7907089172428385
v 13.137516078148792 -64.40600068807802 -1.9371087526361308
v 12.50810202788557 -64.40600070431947 -2.036797941699797
v 7.470809090114017 -79.38468194141586 0.000024685656134995025
v 7.717353063418386 -79.38468219501914 -1.5565811517826666
v 10.57096764926655 -64.40600047502346 -0.6293891730868769
v 10.471277308192839 -64.40600037247901 0.000024297475701654145
v 14.064694311440462 -79.38468116090453 4.790769197118664
v 13.137514234932723 -64.40600005687924 1.9371618478179282
v 15.468929119583663 -79.38468260535697 -4.075216676573002
v 13.705316944884771 -64.40600064094355 -1.6477992865136453
v 8.432848068912335 -79.38468242379795 -2.9608153839208273
v 10.860277921796069 -64.40600056753019 -1.1971913646343977
v 12.508090046981124 -79.38468112073772 5.037311327206961
v 12.50810202788557 -64.40600004063785 2.0368508064795856
v 16.58333755469812 -79.38468242379702 -2.9608096238706128
v 14.15592797719114 -64.40600056752979 -1.1971889454133076
v 9.547257425634825 -79.38468260535763 -4.075220823809157
v 11.310889875710473 -64.40600064094377 -1.647800784126701
v 12.508090046981124 -79.38468112073772 5.037311327206961
v 10.951483017697683 -79.38468116090468 4.790768275510629
v 11.878687977622349 -64.40600005687932 1.937161387013911
v 12.50810202788557 -64.40600004063785 2.0368508064795856
v 17.298829795367965 -79.38468219501829 -1.5565758525364692
v 14.44523824972066 -64.40600047502312 -0.6293869842677954
v 10.95149315538606 -79.38468272192588 -4.7907116820669415
v 11.87869258566252 -64.4060006880782 -1.9371096742441651
v 9.547249131162516 -79.38468127747353 4.075273730820707
v 11.31088711088637 -64.40600010401391 1.6478512296853998
v 17.54537100384823 -79.38468194141504 0.000029810750731800412
v 14.544927669186336 -64.40600037247867 0.000026369807488391078
v 12.508090968589158 -79.38468276209232 -5.037251508135153
v 12.50810202788557 -64.40600070431947 -2.036797941699797
v 17.54537100384823 -79.38468194141504 0.000029810750731800412
v 14.544927669186336 -64.40600037247867 0.000026369807488391078
v -3.0699270508023346 -67.16001379213287 12.670705750262755
v -5.417131845905487 -58.55412666269396 11.31554516787075
v -5.607407962281741 -58.55412662441228 11.550516509088007
v -3.7938510833782857 -67.16001364648639 13.56467752446939
v -5.860981961671996 -58.55412659758349 11.715190354270511
v -4.7585959033654035 -67.16002829014317 14.191189431034896
v -6.153030792475533 -58.554126584834336 11.793444092465656
v -5.86972617870174 -67.16001349590886 14.488915828131528
v -6.454969399095489 -58.55412658741241 11.777620082516172
v -7.018476493999515 -67.16001350571733 14.428711783288781
v -6.737239047046728 -58.55412660506542 11.66926662591974
v -8.092399609773793 -67.16001357287973 14.016471901491837
v -8.092399609773793 -67.16001357287973 14.016471901491837
v -6.737239047046728 -58.55412660506542 11.66926662591974
v -6.972210849068006 -58.55412663606535 11.47899050954349
v -8.98637138398044 -67.16001369082193 13.292547868915895
v -7.13688331183846 -58.55412667737778 11.225416510153238
v -9.61288329054355 -67.16001384799895 12.327802127320757
v -7.215138432445656 -58.55412672495865 10.933367218545687
v -9.910610609250625 -67.16001402902506 11.216671851984435
v -7.1993144224961725 -58.55412677415063 10.631429072729752
v -9.850406564407876 -67.16001421618023 10.067921536686674
v -7.09096096589974 -58.554126820138265 10.3491589639745
v -9.438166682610927 -67.16001439114439 8.993999342520446
v -9.438166682610927 -67.16001439114439 8.993999342520446
v -7.09096096589974 -58.554126820138265 10.3491589639745
v -6.900684849523486 -58.55412685841995 10.114187622757242
v -8.714240806818907 -67.16001453679101 8.100026646705775
v -6.6471094677211795 -58.554126885248735 9.949513777574738
v -7.7494941436157205 -67.16001463886306 7.473512896926606
v -6.355060636917642 -58.55412689799789 9.871260039379596
v -6.638363868279384 -67.16001468736863 7.175787882239621
v -6.053122491101703 -58.55412689541981 9.88708404932908
v -5.489613552981609 -67.16001467755999 7.235992848690403
v -5.7708523823464475 -58.554126877766805 9.99543750592551
v -4.415690437207331 -67.16001461039752 7.648233191291364
v -4.415690437207331 -67.16001461039752 7.648233191291364
v -5.7708523823464475 -58.554126877766805 9.99543750592551
v -5.53588058032517 -58.554126846766735 10.185714543909796
v -3.5217191238047008 -67.16001449245502 8.372159067083373
v -5.3712081175547155 -58.5541268054543 10.439288543300048
v -2.895206756437574 -67.16001433527799 9.336904808678513
v -5.292954379359571 -58.55412675787326 10.731338756515632
v -2.5974817417505847 -67.16001415425143 10.448037848838938
v -5.3087783893090545 -58.55412670868131 11.033276902331567
v -2.6576878602114107 -67.16001396709609 11.596789085744732
v -5.417131845905487 -58.55412666269396 11.31554516787075
v -3.0699270508023346 -67.16001379213287 12.670705750262755
v -6.780581812097353 -79.38468099278703 5.8226669865273815
v -5.206732878903608 -79.3846809793487 5.905150905600109
v -5.830570278951086 -64.40599893225635 8.840047958131326
v -6.466956293994031 -64.40599893769024 8.806694963368844
v -1.142631759557844 -79.38467999959639 11.918827651224282
v -1.521742136540638 -73.31451238102838 11.838244020570547
v -2.064191870272225 -73.31451215080116 13.251368659812899
v -1.7285371553242612 -79.38467975092547 13.445158934971856
v -1.0570632183942053 -79.38468026559542 10.28613727066657
v -1.4425200187034193 -73.31451262729843 10.326649249291945
v -1.480211483287519 -79.38468052288371 8.706913058612605
v -1.834284073997594 -73.31451286550399 8.86455404553732
v -2.3706578763608377 -79.3846807462757 7.335742781917157
v -2.6586871137226353 -73.31451307232689 7.595084137038461
v -3.6412369401290334 -79.38468091390445 6.30684482666019
v -3.8350264567341696 -73.31451322752298 6.642497170240266
v -5.1675765183489375 -79.38468100936095 5.720937126873695
v -5.248159160046839 -73.31451331589949 6.100046054096635
v -3.8350264567341696 -73.31451322752298 6.642497170240266
v -3.6412369401290334 -79.38468091390445 6.30684482666019
v -6.800267359710688 -79.38468102330151 5.635370428926126
v -6.75975439212948 -73.31451332880602 6.020826470681512
v -8.37949065015664 -79.38468095436164 6.058520306633494
v -8.221847752668054 -73.31451326497924 6.41259236919175
v -9.750660926852106 -79.38468080928948 6.94896693010881
v -9.491318582774966 -73.31451313066711 7.236994256906737
v -10.779557038893017 -79.38468060228564 8.21954737628904
v -10.443901863141036 -73.31451293901662 8.413336595144367
v -11.365463817071486 -79.38468035361336 9.745886954508924
v -10.98635205767664 -73.31451270878836 9.826467685642957
v -10.443901863141036 -73.31451293901662 8.413336595144367
v -10.779557038893017 -79.38468060228564 8.21954737628904
v -11.451029593411022 -79.38468008761436 11.378577335066636
v -11.0655725626998 -73.31451246251817 11.338063378529595
v -11.02787787248758 -79.38467983032638 12.957799703904533
v -10.673805281777504 -73.31451222431306 12.800155817460116
v -10.137432170620286 -79.38467960693467 14.328968137383912
v -9.849403854866523 -73.31451201749016 14.069625725958975
v -8.866851724440039 -79.38467943930638 15.357863327816775
v -8.673061516628877 -73.31451186229481 15.022208084716999
v -7.340512607024152 -79.38467934384988 15.943771027603269
v -7.259930426130268 -73.3145117739183 15.56465920086063
v -8.673061516628877 -73.31451186229481 15.022208084716999
v -8.866851724440039 -79.38467943930638 15.357863327816775
v -5.707821765662402 -79.38467932990946 16.029336803942805
v -5.748335654851644 -73.3145117610118 15.643878784275755
v -4.128599396824484 -79.38467939884947 15.606186004627402
v -4.286243215921104 -73.31452657056718 15.252112424963903
v -2.757431424149104 -79.3846795439218 14.715738459544053
v -3.016773307422227 -73.31451195915113 14.427708233226426
v -1.7285371553242612 -79.38467975092547 13.445158934971856
v -2.064191870272225 -73.31451215080116 13.251368659812899
v -2.8834479595275297 -79.38467956672343 14.575783063450372
v -1.8916336683560075 -79.3846797662668 13.350994555672003
v -1.7285371553242612 -79.38467975092547 13.445158934971856
v -2.757431424149104 -79.3846795439218 14.715738459544053
v -4.205199770206036 -79.38467942687944 15.43413929517024
v -4.128599396824484 -79.38467939884947 15.606186004627402
v -5.7275086956877885 -79.38467936042395 15.842040246341549
v -5.707821765662402 -79.38467932990946 16.029336803942805
v -7.301357168077516 -79.38467937386199 15.75955817048489
v -7.340512607024152 -79.38467934384988 15.943771027603269
v -8.772687345140184 -79.3846794658781 15.194767275589047
v -8.866851724440039 -79.38467943930638 15.357863327816775
v -9.997476774526604 -79.38467962746529 14.202952062809503
v -10.137432170620286 -79.38467960693467 14.328968137383912
v -10.855833006246485 -79.38467984280587 12.881201173739049
v -11.02787787248758 -79.38467983032638 12.957799703904533
v -11.263733957417799 -79.38468009082152 11.3588917874533
v -11.451029593411022 -79.38468008761436 11.378577335066636
v -11.181250959953104 -79.38468034723414 9.78504239345556
v -11.365463817071486 -79.38468035361336 9.745886954508924
v -10.616460065057254 -79.38468058694434 8.313711755588894
v -10.779557038893017 -79.38468060228564 8.21954737628904
v -9.624643930669663 -79.38468078648785 7.088922326202491
v -9.750660926852106 -79.38468080928948 6.94896693010881
v -8.302890276775088 -79.3846809263317 6.230567016090656
v -8.37949065015664 -79.38468095436164 6.058520306633494
v -6.780581812097353 -79.38468099278703 5.8226669865273815
v -6.800267359710688 -79.38468102330151 5.635370428926126
v -5.206732878903608 -79.3846809793487 5.905150905600109
v -5.1675765183489375 -79.38468100936095 5.720937126873695
v -3.7354010890268796 -79.38468088733251 6.469942261299969
v -3.6412369401290334 -79.38468091390445 6.30684482666019
v -2.5106128116505033 -79.38468072574508 7.461758856491564
v -2.3706578763608377 -79.3846807462757 7.335742781917157
v -1.6522581927446822 -79.38468051040408 8.783512510386121
v -1.480211483287519 -79.38468052288371 8.706913058612605
v -1.2443595455934542 -79.38468026238823 10.305822818279905
v -1.0570632183942053 -79.38468026559542 10.28613727066657
v -1.3268436950681917 -79.38468000597578 11.879671290669611
v -1.142631759557844 -79.38467999959639 11.918827651224282
v -9.997476774526604 -79.38467962746529 14.202952062809503
v -10.855833006246485 -79.38467984280587 12.881201173739049
v -8.114783625711652 -64.40599847269542 11.660812747203716
v -7.767707883198227 -64.40599838562221 12.195264305609344
v -3.7354010890268796 -79.38468088733251 6.469942261299969
v -5.235637271684368 -64.40599889504986 9.06841966421473
v -11.263733957417799 -79.38468009082152 11.3588917874533
v -8.279718285967874 -64.4059985729807 11.045266133033097
v -1.8916336683560075 -79.3846797662668 13.350994555672003
v -2.8834479595275297 -79.38467956672343 14.575783063450372
v -4.891150326139382 -64.40599836106145 12.346017261433259
v -4.490110285979654 -64.4059984417467 11.850774595240258
v -3.7354010890268796 -79.38468088733251 6.469942261299969
v -2.5106128116505033 -79.38468072574508 7.461758856491564
v -4.740394144687343 -64.40599882971179 9.469462008394538
v -5.235637271684368 -64.40599889504986 9.06841966421473
v -11.181250959953104 -79.38468034723414 9.78504239345556
v -8.246366212813427 -64.405998676661 10.408881039598196
v -4.205199770206036 -79.38467942687944 15.43413929517024
v -5.425600502132966 -64.40599830451578 12.693092082338646
v -1.6522581927446822 -79.38468051040408 8.783512510386121
v -4.393318402173918 -64.40599874263873 10.003912645192132
v -10.616460065057254 -79.38468058694434 8.313711755588894
v -8.017993585121985 -64.40599877358758 9.813949875547554
v -5.7275086956877885 -79.38467936042395 15.842040246341549
v -6.041146194695557 -64.40599827764422 12.858028585810935
v -1.2443595455934542 -79.38468026238823 10.305822818279905
v -4.228385585133765 -64.40599864235344 10.619459259362749
v -10.616460065057254 -79.38468058694434 8.313711755588894
v -9.624643930669663 -79.38468078648785 7.088922326202491
v -7.616952623354223 -64.40599885427329 9.31870444453045
v -8.017993585121985 -64.40599877358758 9.813949875547554
v -7.301357168077516 -79.38467937386199 15.75955817048489
v -6.6775322097385015 -64.40599828307779 12.824677434264522
v -1.3268436950681917 -79.38468000597578 11.879671290669611
v -4.261737658288212 -64.405998538673 11.255845274405686
v -8.302890276775088 -79.3846809263317 6.230567016090656
v -7.082502447360639 -64.40599891081882 8.971630545233099
v -8.772687345140184 -79.3846794658781 15.194767275589047
v -7.272464756201202 -64.40599832028457 12.596303884965048
v -1.8916336683560075 -79.3846797662668 13.350994555672003
v -4.490110285979654 -64.4059984417467 11.850774595240258
v -8.772687345140184 -79.3846794658781 15.194767275589047
v -7.272464756201202 -64.40599832028457 12.596303884965048
v -9.438165761002892 -67.16001732175255 -8.993945349966506
v -7.0909605050957225 -58.554130192313636 -10.349105932358508
v -7.199313961692155 -58.55413023830127 -10.63137604111376
v -9.850404721191808 -67.16001749671668 -10.067867544132733
v -7.215137971641639 -58.55413028749322 -10.933314186929696
v -9.910607844426522 -67.16003242960039 -11.21661785942809
v -7.136882851034443 -58.55413033507409 -11.225363478537247
v -9.612880525719447 -67.16001786489795 -12.327748134766816
v -6.972209927459971 -58.55413037638655 -11.478937477927499
v -8.986367697548303 -67.16001802207484 -13.29249295475392
v -6.737238125438694 -58.55413040738631 -11.669212672695714
v -8.092395923341655 -67.16001814001703 -14.016416987329862
v -8.092395923341655 -67.16001814001703 -14.016416987329862
v -6.737238125438694 -58.55413040738631 -11.669212672695714
v -6.454968477487455 -58.55413042503949 -11.777567050900181
v -7.018473268371395 -67.16001820717943 -14.428656869126806
v -6.153030331671516 -58.554130427617395 -11.79339013924163
v -5.869723413877637 -67.16001821698777 -14.488859992361519
v -5.860981500867979 -58.55413041486838 -11.71513732265452
v -4.7585931385413005 -67.16001816848197 -14.191133595262484
v -5.607407501477724 -58.554130388039624 -11.550463477472016
v -3.7938483185541827 -67.16001806640992 -13.564619845483312
v -5.41713138510147 -58.55413034975794 -11.31549213625476
v -3.0699242859782316 -67.16001792076358 -12.670648992884711
v -3.0699242859782316 -67.16001792076358 -12.670648992884711
v -5.41713138510147 -58.55413034975794 -11.31549213625476
v -5.3087783893090545 -58.55413030377028 -11.033222027499507
v -2.6576839433772648 -67.16001774579917 -11.596724955502413
v -5.292953457751537 -58.55413025457801 -10.731282038467503
v -2.597481511348576 -67.16001755864369 -10.447972796988585
v -5.371208578358733 -58.554130206997314 -10.439233668467988
v -2.895208830055651 -67.16001737761772 -9.336843443260298
v -5.535881501933204 -58.55413016568485 -10.185659669077737
v -3.5217232710408553 -67.16001722044084 -8.372098623273192
v -5.770853764758499 -58.554130134684954 -9.995383552701485
v -4.415695045247503 -67.16001710249864 -7.64817459069725
v -4.415695045247503 -67.16001710249864 -7.64817459069725
v -5.770853764758499 -58.554130134684954 -9.995383552701485
v -6.053123412709738 -58.55413011703192 -9.887030096105054
v -5.489618621825798 -67.16001703533632 -7.235935169704323
v -6.355062019329694 -58.55413011445401 -9.871207007763605
v -6.63836939792759 -67.16001702552813 -7.175732968077644
v -6.6471122325452825 -58.55413012720348 -9.949462589174816
v -7.7494996732639265 -67.16001707403444 -7.473462590804801
v -6.900685310327503 -58.554130154032094 -10.114135512749286
v -8.714245414859079 -67.16001717610666 -8.099977262192006
v -7.0909605050957225 -58.554130192313636 -10.349105932358508
v -9.438165761002892 -67.16001732175255 -8.993945349966506
v -1.652260496764768 -79.38468337242463 -8.783444396842004
v -2.5106181108967007 -79.38468315708405 -7.46169350777155
v -4.740396448707429 -64.40600191524473 -9.469404305172569
v -4.393319323781952 -64.40600200231765 -10.003854020362128
v -9.750664613284243 -79.38468307354222 -6.94891724872538
v -9.491323190815137 -73.31451548877124 -7.236945631826936
v -10.443900019924968 -73.31451568042098 -8.413283362024396
v -10.77955335246088 -79.38468328054498 -8.219491243649369
v -8.379498023020915 -79.3846829284696 -6.058467860425961
v -8.221854203924295 -73.31451535445859 -6.412540518483829
v -6.800275654182997 -79.38468285952891 -5.635312913874404
v -6.759761764993755 -73.31451529063108 -6.020770011933419
v -5.1675848128212465 -79.38468287346896 -5.7208763861938525
v -5.248166993715131 -73.31451530353752 -6.099989134544525
v -3.641243852189291 -79.38468296892498 -6.306781321156245
v -3.83503290799041 -73.31451539191326 -6.6424356426479845
v -2.3706624844010094 -79.38468313655329 -7.335676511589108
v -2.6586903393507555 -73.3145155471087 -7.595018462210025
v -3.83503290799041 -73.31451539191326 -6.6424356426479845
v -3.641243852189291 -79.38468296892498 -6.306781321156245
v -1.4802144785136306 -79.38468335994483 -8.706844023460453
v -1.834286838821697 -73.31451575393152 -8.864487909904868
v -1.0570618359821538 -79.38468361723281 -10.28606639229835
v -1.4425197883014107 -73.31451599213676 -10.326581270443425
v -1.142626229909638 -79.38468388323199 -11.918757694464096
v -1.5217370676964492 -73.31451623840667 -11.838175120113993
v -1.7285330080881067 -79.38468413190441 -13.445098194292013
v -2.0641872622320534 -73.31451646863539 -13.251308975436688
v -2.7574272769129493 -79.38468433890824 -14.715678640472245
v -3.0167696209900896 -73.31451666028559 -14.427649470458249
v -2.0641872622320534 -73.31451646863539 -13.251308975436688
v -1.7285330080881067 -79.38468413190441 -13.445098194292013
v -4.1285957103923465 -79.38468448398041 -15.60612526394756
v -4.286239068684949 -73.31451679459823 -15.252054583801357
v -5.707819000838299 -79.38468455292073 -16.02927790647903
v -5.748331968419507 -73.31451685842492 -15.643820021507578
v -7.340508459787998 -79.38468453898031 -15.943712130139495
v -7.259926278894113 -73.31451684551871 -15.564602281308522
v -8.866848038007902 -79.38468444352381 -15.357804430353001
v -8.67305783019674 -73.3145167571422 -15.02215116516489
v -10.137427562580115 -79.38468427589567 -14.328910161528173
v -9.849400168434386 -73.31451660194699 -14.069569728014901
v -8.67305783019674 -73.3145167571422 -15.02215116516489
v -8.866848038007902 -79.38468444352381 -15.357804430353001
v -11.027875107663476 -79.38468405250399 -12.957741728048793
v -10.673801595345367 -73.31451639512409 -12.800099819516042
v -11.451025906978884 -79.384683795216 -11.378519359210896
v -11.065568876267662 -73.3145309026477 -11.338008302191152
v -11.365460130639349 -79.38468352921711 -9.745829900261219
v -10.986349292852537 -73.31451591064896 -9.826412609306917
v -10.77955335246088 -79.38468328054498 -8.219491243649369
v -10.443900019924968 -73.31451568042098 -8.413283362024396
v -11.181247273520967 -79.38468353559634 -9.784985339207855
v -10.61645730023315 -79.38468329588616 -8.31365470134119
v -10.77955335246088 -79.38468328054498 -8.219491243649369
v -11.365460130639349 -79.38468352921711 -9.745829900261219
v -11.263729349377627 -79.38468379200881 -11.358833811597561
v -11.451025906978884 -79.384683795216 -11.378519359210896
v -10.855829319814347 -79.38468404002433 -12.881142276275275
v -11.027875107663476 -79.38468405250399 -12.957741728048793
v -9.997473088094466 -79.38468425536504 -14.202894086953764
v -10.137427562580115 -79.38468427589567 -14.328910161528173
v -8.772684580316081 -79.3846844169521 -15.194708378125274
v -8.866848038007902 -79.38468444352381 -15.357804430353001
v -7.301352560037344 -79.3846845089682 -15.759499273021117
v -7.340508459787998 -79.38468453898031 -15.943712130139495
v -5.727504548451634 -79.38468452240625 -15.841981348877775
v -5.707819000838299 -79.38468455292073 -16.02927790647903
v -4.2051951621658645 -79.3846844559506 -15.434079476098432
v -4.1285957103923465 -79.38468448398041 -15.60612526394756
v -2.8834438122913753 -79.38468431610661 -14.575723244378564
v -2.7574272769129493 -79.38468433890824 -14.715678640472245
v -1.891629521119853 -79.38468411656325 -13.350934736600195
v -1.7285330080881067 -79.38468413190441 -13.445098194292013
v -1.32683908702802 -79.38468387685276 -11.87960225551746
v -1.142626229909638 -79.38468388323199 -11.918757694464096
v -1.2443583935834113 -79.38468362044014 -10.30575286151972
v -1.0570618359821538 -79.38468361723281 -10.28606639229835
v -1.652260496764768 -79.38468337242463 -8.783444396842004
v -1.4802144785136306 -79.38468335994483 -8.706844023460453
v -2.5106181108967007 -79.38468315708405 -7.46169350777155
v -2.3706624844010094 -79.38468313655329 -7.335676511589108
v -3.735408001087137 -79.38468299549695 -6.469878755796024
v -3.641243852189291 -79.38468296892498 -6.306781321156245
v -5.206740251767883 -79.38468290348104 -5.905089243312232
v -5.1675848128212465 -79.38468287346896 -5.7208763861938525
v -6.780590106569662 -79.38468289004331 -5.822609010671642
v -6.800275654182997 -79.38468285952891 -5.635312913874404
v -8.302897649639362 -79.3846829564994 -6.230513648275088
v -8.379498023020915 -79.3846829284696 -6.058467860425961
v -9.624649460317869 -79.38468309634368 -7.088871723211026
v -9.750664613284243 -79.38468307354222 -6.94891724872538
v -7.301352560037344 -79.3846845089682 -15.759499273021117
v -5.727504548451634 -79.38468452240625 -15.841981348877775
v -6.041144351479488 -64.40600246731276 -12.857973647413068
v -6.677530366522433 -64.40600246187915 -12.824622495866656
v -3.735408001087137 -79.38468299549695 -6.469878755796024
v -5.235640036508471 -64.40600184990694 -9.068363804208829
v -4.2051951621658645 -79.3846844559506 -15.434079476098432
v -5.425598658916897 -64.4060024404412 -12.69303714394078
v -10.61645730023315 -79.38468329588616 -8.31365470134119
v -11.181247273520967 -79.38468353559634 -9.784985339207855
v -8.246365291205393 -64.40600206829629 -10.408827944416398
v -8.017991741905917 -64.40600197136953 -9.813895858757721
v -3.735408001087137 -79.38468299549695 -6.469878755796024
v -5.206740251767883 -79.38468290348104 -5.905089243312232
v -5.830573504579206 -64.40600181270048 -8.839992098125425
v -5.235640036508471 -64.40600184990694 -9.068363804208829
v -2.8834438122913753 -79.38468431610661 -14.575723244378564
v -4.891148022119296 -64.40600238389538 -12.345961401427358
v -11.263729349377627 -79.38468379200881 -11.358833811597561
v -8.279716442751806 -64.40600217197641 -11.045212116243265
v -6.780590106569662 -79.38468289004331 -5.822609010671642
v -6.466959519622151 -64.40600180726673 -8.806640024970978
v -1.891629521119853 -79.38468411656325 -13.350934736600195
v -4.490108903567602 -64.40600230321024 -11.850719656842392
v -10.855829319814347 -79.38468404002433 -12.881142276275275
v -8.114781782495584 -64.4060022722617 -11.660758730413884
v -8.302897649639362 -79.3846829564994 -6.230513648275088
v -7.082504751380725 -64.40600183413844 -8.971577450051301
v -1.891629521119853 -79.38468411656325 -13.350934736600195
v -1.32683908702802 -79.38468387685276 -11.87960225551746
v -4.261734893464109 -64.40600220628306 -11.255784806359614
v -4.490108903567602 -64.40600230321024 -11.850719656842392
v -9.997473088094466 -79.38468425536504 -14.202894086953764
v -7.7677060399821585 -64.40600235933474 -12.195209367211477
v -9.624649460317869 -79.38468309634368 -7.088871723211026
v -7.6169544665702915 -64.40600189068442 -9.318654114172755
v -1.2443583935834113 -79.38468362044014 -10.30575286151972
v -4.2283846635257305 -64.40600210260291 -10.619400634532745
v -8.772684580316081 -79.3846844169521 -15.194708378125274
v -7.272462912985134 -64.40600242467255 -12.596249868175216
v -10.61645730023315 -79.38468329588616 -8.31365470134119
v -8.017991741905917 -64.40600197136953 -9.813895858757721
v -8.772684580316081 -79.3846844169521 -15.194708378125274
v -7.272462912985134 -64.40600242467255 -12.596249868175216
v -4.267113397952471 -71.88314680483711 -2.242784413663629
v -4.267113397952471 -70.01032120569292 -1.5826299717332497
v -3.7780464271975234 -70.01032119307297 -1.505169162050645
v -3.574046415180021 -71.88314678695309 -2.1330130631063775
v -3.336849620961857 -70.01032115644844 -1.2803694935073073
v -2.948822686246899 -71.88314673505181 -1.8144451915169446
v -2.948822686246899 -71.88314673505181 -1.8144451915169446
v -3.336849620961857 -70.01032115644844 -1.2803694935073073
v -2.9867189782166292 -70.01032109940436 -0.9302354523324577
v -2.4526418230749414 -71.88314665421362 -1.3182639827419806
v -2.7619173512562156 -70.01032102752464 -0.489040892516381
v -2.134073721083496 -71.8831465523516 -0.6930393322008327
v -2.684457808784657 -70.01032094784537 0.00002705140654118042
v -2.024302370526243 -71.88314643943664 0.00002762243823299751
v -2.7619173512562156 -70.01032086816608 0.4890950074105745
v -2.134073721083496 -71.88314632652171 0.6930946909445511
v -2.134073721083496 -71.88314632652171 0.6930946909445511
v -2.7619173512562156 -70.01032086816608 0.4890950074105745
v -2.9867189782166292 -70.01032079628638 0.930289452025647
v -2.4526418230749414 -71.88314622465967 1.3183193990862012
v -3.336849620961857 -70.01032073924225 1.2804238388035096
v -2.948822686246899 -71.88314614382145 1.8145008382631738
v -3.7780464271975234 -70.01032070261769 1.5052238529498603
v -3.574047567190064 -71.88314609192017 2.133068594651602
v -4.267113397952471 -70.01032068999783 1.5826840866274434
v -4.2671143195605055 -71.88314607403618 2.242839714806845
v -4.756180829511436 -70.0103207026178 1.5052231617438345
v -4.960182454342998 -71.88314609192025 2.1330681338475848
v -5.197379018159154 -70.01032073924242 1.2804229171954753
v -5.5854077960901805 -71.88314614382165 1.8144995710521266
v -5.5854077960901805 -71.88314614382165 1.8144995710521266
v -5.197379018159154 -70.01032073924242 1.2804229171954753
v -5.547509430502373 -70.01032079628649 0.9302887608196212
v -6.081587737654104 -71.8831462246599 1.3183180166741497
v -5.772310827060778 -70.0103208681663 0.4890937401995273
v -6.400155378841532 -71.88314632652202 0.6930927325274782
v -5.849771060738362 -70.01032094784563 0.00002545401434405845
v -6.509926729398785 -71.88314643943701 0.000025358744914740714
v -5.772310827060778 -70.01032102752492 -0.4890425629309432
v -6.400154457233498 -71.883146552352 -0.6930417514219228
v -5.547508048090322 -70.01032109940468 -0.9302372955485264
v -6.081585894438035 -71.88314665421404 -1.318266517164075
v -6.081585894438035 -71.88314665421404 -1.318266517164075
v -5.547508048090322 -70.01032109940468 -0.9302372955485264
v -5.197373949314965 -70.01032115644864 -1.2803707607183545
v -5.585403188050009 -71.88314673505212 -1.8144471499340176
v -1.9826714923993904 -68.80476916456757 0.00002707063089919168
v -2.094478675104483 -68.80476904955665 0.7059590311654822
v -4.75617852549135 -70.01032119307308 -1.5051699684576751
v -4.960177846302827 -71.88314678695329 -2.1330142151164204
v -6.753039555991336 -79.34025276704048 1.8061570076301743
v -7.189494688890363 -79.34025290659702 0.9495651368915312
v -5.448771571332145 -70.20316552326076 0.38397190479360993
v -5.272291466425827 -70.20316546683108 0.7303348122927256
v -5.252148340423446 -79.34025355521283 -3.031610325130495
v -5.179089245913815 -75.63742413110387 -2.80675607857358
v -4.267113397952471 -75.63742415463642 -2.9511978625783897
v -4.2671143195605055 -79.34025358063064 -3.1876238196143794
v -6.140766032754641 -79.34025348144698 -2.5788388131896487
v -6.001798139669745 -75.6374240628092 -2.387566350589737
v -6.845976814193477 -79.34025336655381 -1.8736295293638776
v -6.654705361140145 -75.63742395643754 -1.734661778742444
v -7.298751321360442 -79.34025322177982 -0.9850132194447458
v -7.073896010732028 -75.63742382240139 -0.9119537489940571
v -6.654705361140145 -75.63742395643754 -1.734661778742444
v -6.845976814193477 -79.34025336655381 -1.8736295293638776
v -7.454767580668431 -79.34025306129658 0.000025944582451875448
v -7.218341941972994 -75.6374236738211 0.000025505617382947206
v -7.298753625380527 -79.34025290081328 0.9850654207735037
v -7.073898775556131 -75.63742352524076 0.9120051469913745
v -6.845981422233649 -79.3402527560392 1.873682306697657
v -6.654708586768265 -75.63742339120452 1.734713810345285
v -6.14077110159883 -79.34025264114584 2.5788928577344756
v -6.001802747709917 -75.63742328483272 2.3876191885996074
v -5.252154791679686 -79.34025256737965 3.0316664432933993
v -5.179094775562021 -75.63742321653771 2.806810990201528
v -4.267114780364523 -79.34025254196152 3.187681780993352
v -4.267114780364523 -75.6374231930049 2.9512543870203976
v -5.179094775562021 -75.63742321653771 2.806810990201528
v -5.252154791679686 -79.34025256737965 3.0316664432933993
v -3.282076381863419 -79.34025256737954 3.031667134499425
v -3.3551368587851016 -75.63742321653768 2.8068112206035365
v -2.3934600719442756 -79.34025264114553 2.5788947009505443
v -2.532427734627163 -75.63742328483247 2.3876208014136675
v -1.688249636108452 -79.34025275603886 1.8736843803157341
v -1.8795224715738357 -75.63742339120424 1.7347155383603494
v -1.2354762809515307 -79.34025290081286 0.9850680703966024
v -1.4603310155749227 -75.63742352524037 0.9120076814134689
v -1.0794622104626228 -79.34025306129607 0.00002916191381696984
v -1.315888079560068 -75.63742367382062 0.000028484320846824576
v -1.4603310155749227 -75.63742352524037 0.9120076814134689
v -1.2354762809515307 -79.34025290081286 0.9850680703966024
v -1.2354762809515307 -79.34025322177928 -0.9850097634146171
v -1.4603310155749227 -75.63742382240088 -0.9119506961674434
v -1.688249636108452 -79.34025336655321 -1.8736258429317403
v -1.8795224715738357 -75.63742395643703 -1.7346586683153282
v -2.3934600719442756 -79.34025348144655 -2.5788362787675543
v -2.532427734627163 -75.63742406280875 -2.387563585765634
v -3.282075921059402 -79.34025355521263 -3.031609173120452
v -3.3551359371770673 -75.63742413110361 -2.80675446575952
v -2.532427734627163 -75.63742406280875 -2.387563585765634
v -2.3934600719442756 -79.34025348144655 -2.5788362787675543
v -4.960182454342998 -71.88314609192025 2.1330681338475848
v -3.31757580173786 -79.34025353741208 -2.9223502366302894
v -4.2671143195605055 -79.3402535619141 -3.072742382908765
v -4.2671143195605055 -79.34025358063064 -3.1876238196143794
v -3.282075921059402 -79.34025355521263 -3.031609173120452
v -2.4609851406097505 -79.3402534663046 -2.485895564535285
v -2.3934600719442756 -79.34025348144655 -2.5788362787675543
v -1.7811900047377094 -79.34025335555191 -1.8061004286632534
v -1.688249636108452 -79.34025336655321 -1.8736258429317403
v -1.3447349870396863 -79.34025321599555 -0.9495095371331468
v -1.2354762809515307 -79.34025322177928 -0.9850097634146171
v -1.1943429559622132 -79.34025306129607 0.00002916191381696984
v -1.0794622104626228 -79.34025306129607 0.00002916191381696984
v -1.3447349870396863 -79.34025290659656 0.9495679017156342
v -1.2354762809515307 -79.34025290081286 0.9850680703966024
v -1.7811900047377094 -79.3402527670402 1.8061587356452387
v -1.688249636108452 -79.34025275603886 1.8736843803157341
v -2.4609851406097505 -79.34025265628753 2.4859537563162664
v -2.3934600719442756 -79.34025264114553 2.5788947009505443
v -3.317576262541877 -79.34025258518005 2.922408428411271
v -3.282076381863419 -79.34025256737954 3.031667134499425
v -4.267114780364523 -79.34025256067801 3.072800805091755
v -4.267114780364523 -79.34025254196152 3.187681780993352
v -5.216654450197211 -79.34025258518008 2.922408198009262
v -5.252154791679686 -79.34025256737965 3.0316664432933993
v -6.073244880923312 -79.34025265628779 2.4859521435022063
v -6.14077110159883 -79.34025264114584 2.5788928577344756
v -6.753039555991336 -79.34025276704048 1.8061570076301743
v -6.845981422233649 -79.3402527560392 1.873682306697657
v -7.189494688890363 -79.34025290659702 0.9495651368915312
v -7.298753625380527 -79.34025290081328 0.9850654207735037
v -7.339886835168841 -79.34025306129658 0.000026035575750013475
v -7.454767580668431 -79.34025306129658 0.000025944582451875448
v -7.189492845674295 -79.34025321599609 -0.9495128203617691
v -7.298751321360442 -79.34025322177982 -0.9850132194447458
v -6.7530358695591985 -79.34025335555245 -1.8061037694923778
v -6.845976814193477 -79.34025336655381 -1.8736295293638776
v -6.0732407336871574 -79.34025346630494 -2.485897638153362
v -6.140766032754641 -79.34025348144698 -2.5788388131896487
v -5.216648459744988 -79.3402535374124 -2.922352079846358
v -5.252148340423446 -79.34025355521283 -3.031610325130495
v -1.3447349870396863 -79.34025290659656 0.9495679017156342
v -1.7811900047377094 -79.3402527670402 1.8061587356452387
v -3.261924039780695 -70.203165466831 0.730335388297747
v -3.0854430132663424 -70.2031655232606 0.3839729704028996
v -7.339886835168841 -79.34025306129658 0.000026035575750013475
v -5.509582955869519 -70.20316558581351 0.00002579878267190547
v -1.7811900047377094 -79.3402527670402 1.8061587356452387
v -2.4609851406097505 -79.34025265628753 2.4859537563162664
v -3.5367991656684694 -70.20316542204813 1.005210514185518
v -3.261924039780695 -70.203165466831 0.730335388297747
v -4.2671143195605055 -79.3402535619141 -3.072742382908765
v -3.31757580173786 -79.34025353741208 -2.9223502366302894
v -3.883161353161313 -70.2031657783308 -1.1816367869638944
v -4.267106946696231 -70.20316578823815 -1.2424478258982543
v -7.189492845674295 -79.34025321599609 -0.9495128203617691
v -5.448771110528128 -70.20316564836625 -0.3839202038842499
v -3.317576262541877 -79.34025258518005 2.922408428411271
v -3.88316181396533 -70.20316539329579 1.1816911950968552
v -2.4609851406097505 -79.3402534663046 -2.485895564535285
v -3.5367991656684694 -70.20316574957846 -1.005156336454566
v -6.7530358695591985 -79.34025335555245 -1.8061037694923778
v -5.272290084013775 -70.20316570479591 -0.7302828233808549
v -4.267114780364523 -79.34025256067801 3.072800805091755
v -4.267106946696231 -70.20316538338838 1.2425023492322194
v -2.4609851406097505 -79.3402534663046 -2.485895564535285
v -1.7811900047377094 -79.34025335555191 -1.8061004286632534
v -3.261924039780695 -70.20316570479568 -0.7302814409688034
v -3.5367991656684694 -70.20316574957846 -1.005156336454566
v -6.7530358695591985 -79.34025335555245 -1.8061037694923778
v -6.0732407336871574 -79.34025346630494 -2.485897638153362
v -4.997413575713949 -70.20316574957863 -1.0051572580626003
v -5.272290084013775 -70.20316570479591 -0.7302828233808549
v -5.216654450197211 -79.34025258518008 2.922408198009262
v -4.6510539226432 -70.20316539329582 1.1816909646948466
v -1.3447349870396863 -79.34025321599555 -0.9495095371331468
v -3.0854430132663424 -70.20316564836605 -0.3839188502724495
v -5.216648459744988 -79.3402535374124 -2.922352079846358
v -4.651051157819097 -70.20316577833088 -1.1816373629689159
v -6.073244880923312 -79.34025265628779 2.4859521435022063
v -4.997416340538052 -70.20316542204822 1.005210053381501
v -1.1943429559622132 -79.34025306129607 0.00002916191381696984
v -3.0246318591309773 -70.20316558581331 0.000027062917630283946
v -6.073244880923312 -79.34025265628779 2.4859521435022063
v -4.997416340538052 -70.20316542204822 1.005210053381501
v -5.60987971502982 -68.80476886346526 1.8481799263415053
v -4.973044416070138 -68.80476881060042 2.172661987089256
v -4.9730370432058635 -59.66740116627511 2.1726604984231157
v -5.609872802969562 -59.66740121913995 1.8481784376753647
v -4.267113397952471 -68.80476879238444 2.2844707826084067
v -4.973044416070138 -68.80476881060042 2.172661987089256
v -6.551558529133672 -68.80476916456794 0.0000247649179702344
v -6.439749964016528 -68.80476927957889 -0.7059073251074939
v -2.4189621182642895 -68.80476938333129 -1.3427351360018878
v -2.094478675104483 -68.80476927957847 -0.7059048482859016
v -2.9243491544932 -68.80476886346503 1.8481811935525525
v -3.561182379834804 -68.80476881060031 2.1726626782952816
v -6.115266060052704 -68.804768945804 1.34278828207243
v -6.439749964016528 -68.80476904955697 0.7059571303489114
v -5.609871881361528 -68.8047694656704 -1.8481289690900446
v -4.973041651246035 -68.80476951853493 -2.1726090714207227
v -3.561182379834804 -68.8047695185347 -2.172607689008671
v -2.9243491544932 -68.80476946567003 -1.848126780270963
v -2.9867189782166292 -70.01032079628638 0.930289452025647
v -2.4189621182642895 -68.80476894580383 1.3427893188814686
v -5.197379018159154 -70.01032073924242 1.2804229171954753
v -4.756180829511436 -70.0103207026178 1.5052231617438345
v -4.973044416070138 -68.80476881060042 2.172661987089256
v -5.60987971502982 -68.80476886346526 1.8481799263415053
v -6.115264677640653 -68.80476938333172 -1.3427377856249865
v -4.267113397952471 -68.80476953675065 -2.284416484527822
v -2.9243491544932 -68.80476946567003 -1.848126780270963
v -2.4189621182642895 -68.80476894580383 1.3427893188814686
v -5.60987971502982 -68.80476886346526 1.8481799263415053
v -6.115264677640653 -68.80476938333172 -1.3427377856249865
v -1.9826714923993904 -68.80476916456757 0.00002707063089919168
v -2.094478675104483 -68.80476927957847 -0.7059048482859016
v -2.094471993446234 -59.66740163525316 -0.705906336952042
v -1.9826648107411415 -59.667401520242265 0.000025581964648918814
v -4.267113397952471 -68.80476953675065 -2.284416484527822
v -4.973041651246035 -68.80476951853493 -2.1726090714207227
v -4.973034739185778 -59.66740187420962 -2.172610560086863
v -4.267106485892214 -59.667401892425346 -2.2844179731939622
v -6.115266060052704 -68.804768945804 1.34278828207243
v -5.60987971502982 -68.80476886346526 1.8481799263415053
v -5.609872802969562 -59.66740121913995 1.8481784376753647
v -6.11525868718843 -59.66740130147869 1.3427867934062894
v -2.094478675104483 -68.80476904955665 0.7059590311654822
v -2.094471993446234 -59.667401405231345 0.7059575424993418
v -6.439749964016528 -68.80476904955697 0.7059571303489114
v -6.439742591152253 -59.66740140523166 0.705955641682771
v -2.4189621182642895 -68.80476894580383 1.3427893188814686
v -2.094478675104483 -68.80476904955665 0.7059590311654822
v -2.094471993446234 -59.667401405231345 0.7059575424993418
v -2.4189554366060406 -59.66740130147852 1.342787830215328
v -6.551558529133672 -68.80476916456794 0.0000247649179702344
v -6.551551156269397 -59.667401520242635 0.000023276251829825773
v -2.9243491544932 -68.80476886346503 1.8481811935525525
v -2.924342472834951 -59.66740121913972 1.848179704886412
v -3.561182379834804 -68.8047695185347 -2.172607689008671
v -3.5611750069705295 -59.66740187420939 -2.1726091776748113
v -6.439749964016528 -68.80476927957889 -0.7059073251074939
v -6.439742591152253 -59.66740163525358 -0.7059088137736342
v -3.561182379834804 -68.80476881060031 2.1726626782952816
v -3.5611750069705295 -59.667401166275 2.1726611896291415
v -2.9243491544932 -68.80476946567003 -1.848126780270963
v -2.924342472834951 -59.667401821344725 -1.8481282689371037
v -6.115264677640653 -68.80476938333172 -1.3427377856249865
v -6.115257304776378 -59.66740173900641 -1.342739274291127
v -4.267113397952471 -68.80476879238444 2.2844707826084067
v -4.267106485892214 -59.66740114805913 2.2844692939422666
v -2.4189621182642895 -68.80476938333129 -1.3427351360018878
v -2.9243491544932 -68.80476946567003 -1.848126780270963
v -2.924342472834951 -59.667401821344725 -1.8481282689371037
v -2.4189554366060406 -59.66740173900598 -1.3427366246680283
v -5.609871881361528 -68.8047694656704 -1.8481289690900446
v -6.115264677640653 -68.80476938333172 -1.3427377856249865
v -6.115257304776378 -59.66740173900641 -1.342739274291127
v -5.60986496930127 -59.667401821345095 -1.8481304577561852
v 0.1912244510435812 -71.88314565467451 4.816863306455522
v 0.7629352398652145 -70.01032021685958 4.48678585820934
v 0.5854846816987447 -70.01032029217379 4.024510493816452
v -0.060244480395255096 -71.88314576140374 4.161764040275472
v 0.5595683725672984 -70.01032037273603 3.5300230854075854
v -0.09696837174431039 -71.88314587556934 3.4610205233810603
v -0.09696837174431039 -71.88314587556934 3.4610205233810603
v 0.5595683725672984 -70.01032037273603 3.5300230854075854
v 0.6877281074295638 -70.01032045065915 3.0517343206141585
v 0.08464658752629362 -71.88314598599632 2.783224585737503
v 0.9574129672699883 -70.01032051831709 2.63645290190191
v 0.4668229240373023 -71.8831460818752 2.194724172148423
v 1.342228328387307 -70.01032056908574 2.3248371805194616
v 1.0121508396601087 -71.88314615382069 1.7531260056138112
v 1.8045035775791973 -70.01032059799638 2.147384779136926
v 1.6672502210411722 -71.88314619479016 1.5016570741749782
v 1.6672502210411722 -71.88314619479016 1.5016570741749782
v 1.8045035775791973 -70.01032059799638 2.147384779136926
v 2.298989949179031 -70.0103206022182 2.121471465231591
v 2.367994889945635 -71.88314620077335 1.4649326068209019
v 2.777280557188533 -70.01032058133916 2.249626131249666
v 3.0457910579912095 -71.88314617118459 1.6465471052874863
v 3.19256151509677 -70.01032053740144 2.5193139863161984
v 3.634291241178289 -71.88314610892007 2.028723902602507
v 3.5041776972832395 -70.01032047470716 2.9041286562274866
v 4.07588894690889 -71.88314602007492 2.5740515878232975
v 3.6816282554497093 -70.01032039939298 3.3664037902183663
v 4.327358454352748 -71.88314591334552 3.2291520060133907
v 3.7075445645811556 -70.01032031883054 3.8608925810392836
v 4.364082691304816 -71.88314579917957 3.9298975965258784
v 4.364082691304816 -71.88314579917957 3.9298975965258784
v 3.7075445645811556 -70.01032031883054 3.8608925810392836
v 3.5793845993168816 -70.01032024090736 4.3391815762347195
v 4.182466925627182 -71.8831456887527 4.60769284296341
v 3.3096995090744485 -70.01032017324948 4.75446276454496
v 3.800289667508139 -71.88314559287386 5.196193026150482
v 2.9248841479571297 -70.01032012248064 5.066079637937451
v 3.2549612910813153 -71.88314552092831 5.637791653489111
v 2.4626085531622266 -70.01032009357013 5.243531117711952
v 2.5998617944992475 -71.88314547995887 5.889260239324932
v 1.9681213751553628 -70.0103200893484 5.26944397081327
v 1.8991168951927762 -71.8831454739759 5.9259835546689645
v 1.8991168951927762 -71.8831454739759 5.9259835546689645
v 1.9681213751553628 -70.0103200893484 5.26944397081327
v 1.4898297303368224 -70.01032011022812 5.14128515755904
v 1.221320496745193 -71.88314550356492 5.744367328187316
v 0.9913354005966823 -68.80476888482545 1.717071967377413
v 1.6585940175787073 -68.80476892655565 1.4609338240336405
v 1.0745500396396324 -70.0103201541657 4.871598224100542
v 0.6328204287591177 -71.88314556582955 5.36218983966627
v 4.940672473060204 -79.34025225561416 4.945269403971792
v 4.417070084434727 -79.34025212425487 5.751546948083603
v 3.0568918267647405 -70.2031648483034 4.526830680327485
v 3.2686105364717832 -70.20316490141846 4.20081275979052
v 0.000597893212272993 -79.34025207329378 6.064343940564056
v 0.15879790275761252 -75.63742271444326 5.888644756003377
v -0.4222801101249729 -75.63742283135079 5.171071524392017
v -0.6270312326904559 -79.34025219956675 5.289285868615247
v 0.8370182409009885 -79.34025198479864 6.60752312705481
v 0.9331815880273098 -75.63742263251183 6.391536308077317
v 1.8003527701935695 -79.34025194274463 6.865648948526628
v 1.8250669568452338 -75.63742259357676 6.630518026655971
v 2.7963043902332174 -79.34025195124809 6.813455059914278
v 2.7471485825060427 -75.63742260144974 6.582193970179781
v 1.8250669568452338 -75.63742259357676 6.630518026655971
v 1.8003527701935695 -79.34025194274463 6.865648948526628
v 3.7273814863141297 -79.34025200947684 6.456049473748045
v 3.6091686669664114 -75.63742265535956 6.251297978317096
v 4.502443705499104 -79.34025211173102 5.828417813423231
v 4.3267446634018825 -75.63742275002971 5.670216739806398
v 5.045622431185848 -79.34025224800129 4.9919967745285
v 4.82963621547583 -75.63742287619286 4.895832824134703
v 5.303747331049635 -79.34025240494853 4.028661554029907
v 5.068616090838418 -75.63742302149956 4.003946648909761
v 5.25155252082925 -79.34025256720957 3.032710394794289
v 5.020292495166245 -75.63742317172574 3.0818649080479594
v 4.8941460130549785 -79.34025271890138 2.1016326075073635
v 4.68939419928347 -75.63742331216653 2.2198455147936276
v 5.020292495166245 -75.63742317172574 3.0818649080479594
v 5.25155252082925 -79.34025256720957 3.032710394794289
v 4.266513891926138 -79.34025284517483 1.3265717707344507
v 4.1083138823807985 -75.63742342907423 1.5022711311722265
v 3.4300928530313968 -79.34025293366977 0.78339373625374
v 3.333929275503067 -75.6374235110057 0.9993793486962772
v 2.46675763253279 -79.34025297572364 0.5252688939904581
v 2.442044252288156 -75.63742354994045 0.7603994733336922
v 1.4708067036991679 -79.34025296722001 0.5774638770123489
v 1.5199625114263426 -75.63742354206755 0.8087230690058643
v 0.5397309900303071 -79.34025290899095 0.934871248794148
v 0.6579438669785276 -75.63742348815734 1.139621595290644
v 1.5199625114263426 -75.63742354206755 0.8087230690058643
v 1.4708067036991679 -79.34025296722001 0.5774638770123489
v -0.2353307107501479 -79.34025280673677 1.562502966719465
v -0.05963184145443279 -75.63742339348724 1.720702488198329
v -0.7785081116253423 -79.34025267046641 2.3989244664182126
v -0.562522126317333 -75.63742326732401 2.4950869798750457
v -1.036633126690134 -79.34025251351918 3.3622596869168064
v -0.8015015408759041 -75.63742312201748 3.386972003089945
v -0.9844377404647275 -79.34025235125824 4.3582101549463985
v -0.7531773691987098 -75.6374229717913 4.309053743951746
v -0.8015015408759041 -75.63742312201748 3.386972003089945
v -1.036633126690134 -79.34025251351918 3.3622596869168064
v 4.327358454352748 -71.88314591334552 3.2291520060133907
v -0.8720667640446322 -79.34025235514974 4.334324378716595
v -0.5275411109622041 -79.34025220892502 5.231845265463443
v -0.6270312326904559 -79.34025219956675 5.289285868615247
v -0.9844377404647275 -79.34025235125824 4.3582101549463985
v -0.9223812634729711 -79.34025251156282 3.3742677788001374
v -1.036633126690134 -79.34025251351918 3.3622596869168064
v -0.6735591327082346 -79.3402526628538 2.4456502241608615
v -0.7785081116253423 -79.34025267046641 2.3989244664182126
v -0.14995726248727692 -79.34025279421292 1.6393737168580886
v -0.2353307107501479 -79.34025280673677 1.562502966719465
v 0.5971713627801023 -79.34025289278202 1.0343609673188834
v 0.5397309900303071 -79.34025290899095 0.934871248794148
v 1.4946920191249546 -79.34025294891245 0.6898347958319405
v 1.4708067036991679 -79.34025296722001 0.5774638770123489
v 2.454749079845442 -79.34025295710973 0.6395203540041045
v 2.46675763253279 -79.34025297572364 0.5252688939904581
v 3.3833664040827216 -79.34025291657144 0.8883425423693397
v 3.4300928530313968 -79.34025293366977 0.78339373625374
v 4.189643026586509 -79.34025283126576 1.411945046195814
v 4.266513891926138 -79.34025284517483 1.3265717707344507
v 4.794655660924718 -79.34025270954314 2.1590732106591664
v 4.8941460130549785 -79.34025271890138 2.1016326075073635
v 5.139182235615181 -79.34025256331827 3.0565950190140496
v 5.25155252082925 -79.34025256720957 3.032710394794289
v 5.189495583033477 -79.34025240690514 4.016652079734524
v 5.303747331049635 -79.34025240494853 4.028661554029907
v 4.940672473060204 -79.34025225561416 4.945269403971792
v 5.045622431185848 -79.34025224800129 4.9919967745285
v 4.417070084434727 -79.34025212425487 5.751546948083603
v 4.502443705499104 -79.34025211173102 5.828417813423231
v 3.6699411135643345 -79.3402520256858 6.356559582421804
v 3.7273814863141297 -79.34025200947684 6.456049473748045
v 2.7724193052094392 -79.34025196955568 6.701083853092175
v 2.7963043902332174 -79.34025195124809 6.813455059914278
v 1.8123613228809177 -79.34025196135866 6.751396739706454
v 1.8003527701935695 -79.34025194274463 6.865648948526628
v 0.8837446898496637 -79.34025200189703 6.502574090537201
v 0.8370182409009885 -79.34025198479864 6.60752312705481
v 0.07746829774788466 -79.34025208720283 5.978970780303697
v 0.000597893212272993 -79.34025207329378 6.064343940564056
v 1.4946920191249546 -79.34025294891245 0.6898347958319405
v 2.454749079845442 -79.34025295710973 0.6395203540041045
v 2.26342716875223 -70.20316518506814 2.459783437962918
v 1.8752280085358564 -70.20316518175366 2.4801274745167836
v 3.6699411135643345 -79.3402520256858 6.356559582421804
v 2.754790095522708 -70.20316480844693 4.771467846608818
v 2.454749079845442 -79.34025295710973 0.6395203540041045
v 3.3833664040827216 -79.34025291657144 0.8883425423693397
v 2.6389135525420215 -70.20316516867652 2.560394465462925
v 2.26342716875223 -70.20316518506814 2.459783437962918
v -0.5275411109622041 -79.34025220892502 5.231845265463443
v -0.8720667640446322 -79.34025235514974 4.334324378716595
v 0.918229534479309 -70.20316494166573 3.9537766477958205
v 1.0575383073359035 -70.20316488253985 4.316688841967188
v 2.7724193052094392 -79.34025196955568 6.701083853092175
v 2.39187721014531 -70.20316478575072 4.910776273862398
v 4.189643026586509 -79.34025283126576 1.411945046195814
v 2.9649317034809997 -70.2031651341832 2.7721129447679567
v -0.9223812634729711 -79.34025251156282 3.3742677788001374
v 0.8978847491189157 -70.20316500491131 3.5655780635844736
v 1.8123613228809177 -79.34025196135866 6.751396739706454
v 2.0036777043259235 -70.20316478243618 4.9311207712202805
v 4.794655660924718 -79.34025270954314 2.1590732106591664
v 3.20956817855631 -70.20316508496478 3.0742135239999424
v -0.9223812634729711 -79.34025251156282 3.3742677788001374
v -0.6735591327082346 -79.3402526628538 2.4456502241608615
v 0.9984959494204304 -70.20316506608577 3.1900919101966956
v 0.8978847491189157 -70.20316500491131 3.5655780635844736
v 1.8123613228809177 -79.34025196135866 6.751396739706454
v 0.8837446898496637 -79.34025200189703 6.502574090537201
v 1.628191320536132 -70.20316479882817 4.830507439700188
v 2.0036777043259235 -70.20316478243618 4.9311207712202805
v 5.139182235615181 -79.34025256331827 3.0565950190140496
v 3.348877527417926 -70.20316502583864 3.437127100583361
v -0.14995726248727692 -79.34025279421292 1.6393737168580886
v 1.210214198323456 -70.20316511920092 2.8640735288557133
v 0.07746829774788466 -79.34025208720283 5.978970780303697
v 1.3021738608031797 -70.20316483332144 4.618789190797165
v 5.189495583033477 -79.34025240690514 4.016652079734524
v 3.3692220247758087 -70.20316496259298 3.825326145598725
v 0.5971713627801023 -79.34025289278202 1.0343609673188834
v 1.5123153535604672 -70.20316515905736 2.61943636257438
v 5.189495583033477 -79.34025240690514 4.016652079734524
v 3.3692220247758087 -70.20316496259298 3.825326145598725
v 4.40548731465924 -68.80476852360133 3.9342498497407137
v 4.368079244545697 -68.80476863988707 3.2204929969995244
v 4.36807555811356 -59.66740099556273 3.220485517881161
v 4.405483628227103 -59.667400879276926 3.9342428314263675
v 4.111942714015981 -68.80476874859721 2.55323495602253
v 4.368079244545697 -68.80476863988707 3.2204929969995244
v 3.2757771909487587 -68.80476824018524 5.6738453798689035
v 2.6085179979617124 -68.80476819845524 5.929982371202633
v 0.0466145887735081 -68.8047687138858 2.766292070997429
v 0.43588402392025216 -68.8047688115447 2.166865994161341
v 3.06272284079796 -68.8047689025122 1.6085114945762697
v 3.6621486872320475 -68.80476883909157 1.9977845585546439
v 4.22049846357595 -68.80476841112522 4.6246232026308105
v 3.831228510024687 -68.80476831346621 5.224049970672924
v 1.2043857187123308 -68.80476822249986 5.782397442996733
v 0.6049626371023464 -68.80476828592009 5.393126798239449
v -0.10096584659322616 -68.8047684851243 4.170420203010637
v -0.1383739167067688 -68.80476860140962 3.4566658846915423
v 2.298989949179031 -70.0103206022182 2.121471465231591
v 2.37234695348576 -68.80476893264955 1.4235296707542444
v 3.7075445645811556 -70.01032031883054 3.8608925810392836
v 3.6816282554497093 -70.01032039939298 3.3664037902183663
v 4.368079244545697 -68.80476863988707 3.2204929969995244
v 4.40548731465924 -68.80476852360133 3.9342498497407137
v 1.8947636796426082 -68.80476819236151 5.967385372471986
v 0.1551704535344811 -68.80476837641399 4.837679165595666
v -0.1383739167067688 -68.80476860140962 3.4566658846915423
v 2.37234695348576 -68.80476893264955 1.4235296707542444
v 4.40548731465924 -68.80476852360133 3.9342498497407137
v 1.8947636796426082 -68.80476819236151 5.967385372471986
v 0.9913354005966823 -68.80476888482545 1.717071967377413
v 0.43588402392025216 -68.8047688115447 2.166865994161341
v 0.4358806830911277 -59.66740116722036 2.1668585150429776
v 0.9913319445665536 -59.66740124050111 1.7170646034600536
v 0.1551704535344811 -68.80476837641399 4.837679165595666
v 0.6049626371023464 -68.80476828592009 5.393126798239449
v 0.6049591810722177 -59.66740064159583 5.393118858317068
v 0.15516676710234378 -59.66740073208973 4.837671225673285
v 4.22049846357595 -68.80476841112522 4.6246232026308105
v 4.40548731465924 -68.80476852360133 3.9342498497407137
v 4.405483628227103 -59.667400879276926 3.9342428314263675
v 4.220494777143813 -59.66740076680097 4.62461526270843
v 1.6585940175787073 -68.80476892655565 1.4609338240336405
v 1.6585906767495828 -59.66740128223128 1.460926460116281
v 3.831228510024687 -68.80476831346621 5.224049970672924
v 3.8312248235925495 -59.667400669141955 5.224042030750543
v 2.37234695348576 -68.80476893264955 1.4235296707542444
v 1.6585940175787073 -68.80476892655565 1.4609338240336405
v 1.6585906767495828 -59.66740128223128 1.460926460116281
v 2.3723434974556312 -59.66740128832524 1.4235221916358807
v 3.2757771909487587 -68.80476824018524 5.6738453798689035
v 3.27577373491863 -59.66740059586098 5.673837439946523
v 3.06272284079796 -68.8047689025122 1.6085114945762697
v 3.0627191543658228 -59.66740125818782 1.6085042458599146
v -0.10096584659322616 -68.8047684851243 4.170420203010637
v -0.10096953302536349 -59.66740084080004 4.170412263088256
v 2.6085179979617124 -68.80476819845524 5.929982371202633
v 2.608514311529575 -59.66740055413098 5.929974431280252
v 3.6621486872320475 -68.80476883909157 1.9977845585546439
v 3.66214500079991 -59.66740119476731 1.997776618632263
v -0.1383739167067688 -68.80476860140962 3.4566658846915423
v -0.13837737273689754 -59.66740095708525 3.4566586359751876
v 1.8947636796426082 -68.80476819236151 5.967385372471986
v 1.8947599932104708 -59.66740054803725 5.967377432549605
v 4.111942714015981 -68.80476874859721 2.55323495602253
v 4.111939027583844 -59.667401104272955 2.5532270161001493
v 0.0466145887735081 -68.8047687138858 2.766292070997429
v -0.1383739167067688 -68.80476860140962 3.4566658846915423
v -0.13837737273689754 -59.66740095708525 3.4566586359751876
v 0.04661124794438365 -59.667401069561464 2.7662845918790655
v 1.2043857187123308 -68.80476822249986 5.782397442996733
v 1.8947636796426082 -68.80476819236151 5.967385372471986
v 1.8947599932104708 -59.66740054803725 5.967377432549605
v 1.2043824930842106 -59.66740057817546 5.7823904246823865
v 4.07588894690889 -71.88314685879809 -2.573994443464013
v 3.504178388489265 -70.01032142098319 -2.9040721221122032
v 3.1925617454987787 -70.01032135828896 -2.5192576826029236
v 3.634290780374272 -71.88314676995287 -2.0286665278412137
v 2.77728101799255 -70.01032131435127 -2.2495700579383997
v 3.0457910579912095 -71.88314670768852 -1.646490652134227
v 3.0457910579912095 -71.88314670768852 -1.646490652134227
v 2.77728101799255 -70.01032131435127 -2.2495700579383997
v 2.2989908707870654 -70.01032129347215 -2.1214149311163077
v 2.367995350749652 -71.88314667809973 -1.464875923265634
v 1.8045044991872317 -70.01032129769396 -2.1473282450216424
v 1.667250912247198 -71.88314668408287 -1.5016001602177018
v 1.34222948039735 -70.01032132660458 -2.3247804160021697
v 1.0121516460671387 -71.88314672505231 -1.7530688612545262
v 0.9574138888780226 -70.01032137737323 -2.636396137384618
v 0.4668235576428259 -71.8831467969978 -2.1946670277891385
v 0.4668235576428259 -71.8831467969978 -2.1946670277891385
v 0.9574138888780226 -70.01032137737323 -2.636396137384618
v 0.6877291442386024 -70.01032144503111 -3.051677325694858
v 0.08464704833031078 -71.88314689287665 -2.78316721097621
v 0.5595690637733242 -70.01032152295429 -3.5299663208902934
v -0.0969682565433061 -71.88314700330366 -3.4609633790217758
v 0.5854849121007533 -70.0103216035165 -4.024453729299159
v -0.060243673988225055 -71.88314711746938 -4.161707587122212
v 0.7629359310712402 -70.01032167883073 -4.486729093692047
v 0.19122491184759838 -71.88314722419861 -4.816806853302262
v 1.074552689262731 -70.01032174152493 -4.871543302799318
v 0.6328239999902507 -71.88314731304393 -5.362135690533096
v 1.4898342231759898 -70.01032178546274 -5.141231618669868
v 1.221325219986369 -71.88314737530848 -5.744312718250125
v 1.221325219986369 -71.88314737530848 -5.744312718250125
v 1.4898342231759898 -70.01032178546274 -5.141231618669868
v 1.9681243703814744 -70.01032180634184 -5.26938674549196
v 1.8991206968259178 -71.88314740489707 -5.925926179907671
v 2.462611548388338 -70.01032180211996 -5.243472970782608
v 2.599865480931385 -71.88314739891379 -5.889201021347569
v 2.9248871431832413 -70.01032177320937 -5.066021030204089
v 3.254965207915461 -71.88314735794435 -5.637732435511748
v 3.30970250430056 -70.01032172244061 -4.754404617615616
v 3.8002931235382675 -71.8831472859988 -5.196133808173119
v 3.5793869033369674 -70.01032165478264 -4.339122968501358
v 4.182469229647268 -71.88314719011973 -4.607632242573996
v 4.182469229647268 -71.88314719011973 -4.607632242573996
v 3.5793869033369674 -70.01032165478264 -4.339122968501358
v 3.70754387337513 -70.0103215768589 -3.860830517275794
v 4.364083152108833 -71.88314707969263 -3.9298356137244137
v 0.9913360918027081 -68.80476944430936 -1.7170158260807593
v 0.43588465752577576 -68.80476951759007 -2.166809622462679
v 3.681628485851718 -70.01032149629691 -3.36634449127898
v 4.327357532744713 -71.8831469655268 -3.2290907144179517
v 1.8123667373281194 -79.34025416123336 -6.751337856719447
v 2.7724246044556367 -79.34025415303611 -6.701023587693117
v 2.3918802053714217 -70.2031663858753 -4.910718524900313
v 2.003680699552035 -70.20316638919002 -4.93106394386623
v 5.2515506776131815 -79.34025355538142 -3.03264529095305
v 5.020291112754194 -75.63742417591453 -3.0818019323497112
v 4.689393738479453 -75.63742403547445 -2.2197869167335424
v 4.894145091446944 -79.34025340369064 -2.1015737245203563
v 5.30374825265767 -79.34025371764244 -4.028596219786659
v 5.068616551642435 -75.63742432614066 -4.003883442809503
v 5.045624274401916 -79.34025387458959 -4.991930979481236
v 4.8296380586918986 -75.63742447144736 -4.895769618034445
v 4.502446931127224 -79.3402540108601 -5.828353400788018
v 4.3267474282259855 -75.63742459761053 -5.670153533706141
v 4.8296380586918986 -75.63742447144736 -4.895769618034445
v 5.045624274401916 -79.34025387458959 -4.991930979481236
v 3.7273860943543013 -79.34025411311458 -6.455986904328901
v 3.609173275006583 -75.63742469228097 -6.251236615432907
v 2.7963099198814234 -79.3402541713437 -6.81339479451522
v 2.7471541121542487 -75.63742474619121 -6.582135372119695
v 1.8003589910478013 -79.34025417984748 -6.865590526343638
v 1.8250723712924355 -75.63742475406437 -6.630460350203919
v 0.8370237705491945 -79.34025413779366 -6.607466087283871
v 0.9331868872735072 -75.63742471512944 -6.3914795532332995
v 0.0006022708504360708 -79.34025404929878 -6.064288283205169
v 0.1588022803957756 -75.63742463319824 -5.888589383571411
v -0.6270310022884473 -79.34025392302519 -5.2892265248242225
v -0.42227941891894716 -75.63742451629028 -5.1710133871359485
v 0.1588022803957756 -75.63742463319824 -5.888589383571411
v 0.0006022708504360708 -79.34025404929878 -6.064288283205169
v -0.9844373948617147 -79.34025377133369 -4.358150811155374
v -0.7531766779926841 -75.63742437584983 -4.308996067499694
v -1.0366328962881255 -79.34025360907273 -3.3622001127237735
v -0.8015015408759041 -75.63742422562353 -3.3869136354318683
v -0.7785080540248401 -79.3402534521255 -2.3988648922251796
v -0.5625216655133158 -75.637424080317 -2.495028612216969
v -0.2353304803481393 -79.3402533158552 -1.562443622928441
v -0.05963149585141991 -75.6374239541538 -1.7206442357412564
v 0.5397312204323157 -79.34025321360104 -0.9348121354051326
v 0.6579442125815405 -75.6374238594837 -1.1395634580345757
v -0.05963149585141991 -75.6374239541538 -1.7206442357412564
v -0.2353304803481393 -79.3402533158552 -1.562443622928441
v 1.4708069341011765 -79.34025315537201 -0.57740493642484
v 1.5199627418283512 -75.63742380557355 -0.8086652773528088
v 2.4667578629347986 -79.3402531468684 -0.5252101838049578
v 2.442044713092173 -75.63742379770065 -0.7603417392811388
v 3.430093313835414 -79.3402531889223 -0.7833350836687418
v 3.333929275503067 -75.63742383663546 -0.9993219026462346
v 4.266513431122121 -79.34025327741716 -1.3265126573454353
v 4.108312960772764 -75.63742391856675 -1.5022126483131453
v 3.333929275503067 -75.63742383663546 -0.9993219026462346
v 3.430093313835414 -79.3402531889223 -0.7833350836687418
v 0.6328239999902507 -71.88314731304393 -5.362135690533096
v 4.189642565782492 -79.34025329132623 -1.411886048007803
v 4.794655200120701 -79.34025341304888 -2.159014327672159
v 4.894145091446944 -79.34025340369064 -2.1015737245203563
v 4.266513431122121 -79.34025327741716 -1.3265126573454353
v 3.3833664040827216 -79.34025320602063 -0.8882838897843416
v 3.430093313835414 -79.3402531889223 -0.7833350836687418
v 2.454749079845442 -79.34025316548232 -0.6394615286175999
v 2.4667578629347986 -79.3402531468684 -0.5252101838049578
v 1.4946922495269632 -79.34025317367957 -0.6897758552444316
v 1.4708069341011765 -79.34025315537201 -0.57740493642484
v 0.5971715931821109 -79.34025322980997 -1.034301853929868
v 0.5397312204323157 -79.34025321360104 -0.9348121354051326
v -0.14995703208526834 -79.34025332837902 -1.6393143730670647
v -0.2353304803481393 -79.3402533158552 -1.562443622928441
v -0.6735590175072304 -79.34025345973811 -2.4455906499678286
v -0.7785080540248401 -79.3402534521255 -2.3988648922251796
v -0.9223813786739754 -79.34025361102906 -3.374207974205096
v -1.0366328962881255 -79.34025360907273 -3.3622001127237735
v -0.872066648843628 -79.34025376744228 -4.334265495729587
v -0.9844373948617147 -79.34025377133369 -4.358150811155374
v -0.5275411109622041 -79.34025391366686 -5.231785460868402
v -0.6270310022884473 -79.34025392302519 -5.2892265248242225
v 0.07747221458203057 -79.3402540353897 -5.97891512294481
v 0.0006022708504360708 -79.34025404929878 -6.064288283205169
v 0.8837497586938525 -79.34025412069516 -6.502516129158228
v 0.8370237705491945 -79.34025413779366 -6.607466087283871
v 1.8123667373281194 -79.34025416123336 -6.751337856719447
v 1.8003589910478013 -79.34025417984748 -6.865590526343638
v 2.7724246044556367 -79.34025415303611 -6.701023587693117
v 2.7963099198814234 -79.3402541713437 -6.81339479451522
v 3.6699454912024976 -79.34025409690562 -6.3564970130026595
v 3.7273860943543013 -79.34025411311458 -6.455986904328901
v 4.417073310062847 -79.34025399833632 -5.751482996252407
v 4.502446931127224 -79.3402540108601 -5.828353400788018
v 4.940674316276272 -79.34025386697695 -4.9452049913365785
v 5.045624274401916 -79.34025387458959 -4.991930979481236
v 5.189495583033477 -79.34025371568606 -4.016588127903328
v 5.30374825265767 -79.34025371764244 -4.028596219786659
v 5.139180392399112 -79.34025355927278 -3.0565301455748193
v 5.2515506776131815 -79.34025355538142 -3.03264529095305
v -0.14995703208526834 -79.34025332837902 -1.6393143730670647
v -0.6735590175072304 -79.34025345973811 -2.4455906499678286
v 0.9984971014304733 -70.20316610554036 -3.190034852440636
v 1.2102151199314903 -70.20316605242527 -2.8640167015016624
v 3.6699454912024976 -79.34025409690562 -6.3564970130026595
v 2.754792860346811 -70.2031663631791 -4.771410097646733
v -0.6735590175072304 -79.34025345973811 -2.4455906499678286
v -0.9223813786739754 -79.34025361102906 -3.374207974205096
v 0.8978855555259457 -70.20316616671482 -3.565521005828414
v 0.9984971014304733 -70.20316610554036 -3.190034852440636
v 4.794655200120701 -79.34025341304888 -2.159014327672159
v 4.189642565782492 -79.34025329132623 -1.411886048007803
v 2.9649319338830082 -70.203166037443 -2.772056117413906
v 3.2095686393603273 -70.2031660866615 -3.0741571574499087
v 4.417073310062847 -79.34025399833632 -5.751482996252407
v 3.0568939003828177 -70.20316632332248 -4.526772009757366
v -0.872066648843628 -79.34025376744228 -4.334265495729587
v 0.918230340886339 -70.20316622996052 -3.953720281245787
v 3.3833664040827216 -79.34025320602063 -0.8882838897843416
v 2.638914474150056 -70.2031660029497 -2.560337868510883
v 4.940674316276272 -79.34025386697695 -4.9452049913365785
v 3.268612379687852 -70.20316627020742 -4.200754089220401
v -0.5275411109622041 -79.34025391366686 -5.231785460868402
v 1.0575386529389164 -70.20316628908634 -4.316632014613137
v 3.3833664040827216 -79.34025320602063 -0.8882838897843416
v 2.454749079845442 -79.34025316548232 -0.6394615286175999
v 2.263428320762273 -70.20316598655805 -2.4597266106088673
v 2.638914474150056 -70.2031660029497 -2.560337868510883
v 4.940674316276272 -79.34025386697695 -4.9452049913365785
v 5.189495583033477 -79.34025371568606 -4.016588127903328
v 3.3692222551778173 -70.20316620903276 -3.825266553420571
v 3.268612379687852 -70.20316627020742 -4.200754089220401
v 0.07747221458203057 -79.3402540353897 -5.97891512294481
v 1.3021762800242698 -70.20316633830504 -4.618734206659183
v 1.4946922495269632 -79.34025317367957 -0.6897758552444316
v 1.8752289301438907 -70.20316598987256 -2.4800708775647413
v 5.139180392399112 -79.34025355927278 -3.0565301455748193
v 3.3488772970159175 -70.20316614578718 -3.4370679692092243
v 0.8837497586938525 -79.34025412069516 -6.502516129158228
v 1.628194430963248 -70.20316637279831 -4.830452455562206
v 0.5971715931821109 -79.34025322980997 -1.034301853929868
v 1.5123163903695058 -70.2031660125688 -2.6193795352203293
v 0.8837497586938525 -79.34025412069516 -6.502516129158228
v 1.628194430963248 -70.20316637279831 -4.830452455562206
v 1.2043926307725883 -68.8047701066358 -5.782346600946277
v 0.6049652867254451 -68.80477004321489 -5.393071808952839
v 0.6049616002933078 -59.66740239888861 -5.393067307166756
v 1.2043891747424595 -59.66740246230961 -5.782342559964212
v 0.15517091433849828 -68.8047699527207 -4.837622333092987
v 0.6049652867254451 -68.80477004321489 -5.393071808952839
v 3.2757811077829047 -68.80477008894923 -5.673787164954173
v 3.8312319660548155 -68.80477001566825 -5.223991755758194
v 2.3723476446917857 -68.80476939648528 -1.4234737598595992
v 1.658594708784733 -68.80476940257921 -1.4608779131389953
v -0.13837345590275163 -68.80476972772516 -3.4566095129928804
v -0.10096630739724333 -68.80476984401048 -4.170363831311975
v 1.8947677116777584 -68.80477013677313 -5.96732807916529
v 2.608521453991841 -68.80477013067926 -5.929924156287902
v 4.405485932247188 -68.80476980553209 -3.934185183569743
v 4.368079244545697 -68.80476968924734 -3.2204343212807767
v 3.6621482264280303 -68.80476949004336 -1.9977291084640159
v 3.0627233016019773 -68.8047694266227 -1.6084559292846374
v 0.6877291442386024 -70.01032144503111 -3.051677325694858
v 0.04661516477852956 -68.80476961524897 -2.766235699298767
v 1.4898342231759898 -70.01032178546274 -5.141231618669868
v 1.074552689262731 -70.01032174152493 -4.871543302799318
v 0.6049652867254451 -68.80477004321489 -5.393071808952839
v 1.2043926307725883 -68.8047701066358 -5.782346600946277
v 4.220500767596036 -68.8047699180091 -4.624564066108046
v 4.111943174819999 -68.80476958053768 -2.5531792755298937
v 3.0627233016019773 -68.8047694266227 -1.6084559292846374
v 0.04661516477852956 -68.80476961524897 -2.766235699298767
v 1.2043926307725883 -68.8047701066358 -5.782346600946277
v 4.220500767596036 -68.8047699180091 -4.624564066108046
v 0.9913360918027081 -68.80476944430936 -1.7170158260807593
v 1.658594708784733 -68.80476940257921 -1.4608779131389953
v 1.6585912527546043 -59.667401758252936 -1.460873526553917
v 0.9913327509735836 -59.66740179998308 -1.717011439495681
v 4.111943174819999 -68.80476958053768 -2.5531792755298937
v 4.368079244545697 -68.80476968924734 -3.2204343212807767
v 4.36807555811356 -59.66740204492103 -3.2204298194946936
v 4.111939488387861 -59.66740193621132 -2.5531743129397935
v 1.8947677116777584 -68.80477013677313 -5.96732807916529
v 1.2043926307725883 -68.8047701066358 -5.782346600946277
v 1.2043891747424595 -59.66740246230961 -5.782342559964212
v 1.894764025245621 -59.66740249244677 -5.96732311657519
v 0.43588465752577576 -68.80476951759007 -2.166809622462679
v 0.4358813166966513 -59.66740187326383 -2.1668053510786045
v 2.608521453991841 -68.80477013067926 -5.929924156287902
v 2.6085179979617124 -59.6674024863529 -5.929919193697803
v 0.04661516477852956 -68.80476961524897 -2.766235699298767
v 0.43588465752577576 -68.80476951759007 -2.166809622462679
v 0.4358813166966513 -59.66740187326383 -2.1668053510786045
v 0.04661182394940511 -59.6674019709227 -2.766231197512684
v 3.2757811077829047 -68.80477008894923 -5.673787164954173
v 3.2757774213507673 -59.667402444622866 -5.673782202364073
v -0.13837345590275163 -68.80476972772516 -3.4566095129928804
v -0.13837691193288038 -59.66740208339891 -3.456605241608806
v 3.6621482264280303 -68.80476949004336 -1.9977291084640159
v 3.662144539995893 -59.667401845716995 -1.9977241458739161
v 3.8312319660548155 -68.80477001566825 -5.223991755758194
v 3.831228510024687 -59.66740237134189 -5.223986793168094
v -0.10096630739724333 -68.80476984401048 -4.170363831311975
v -0.10096999382938066 -59.66740219968412 -4.170358868721875
v 3.0627233016019773 -68.8047694266227 -1.6084559292846374
v 3.06271961516984 -59.66740178229645 -1.6084516579005634
v 4.220500767596036 -68.8047699180091 -4.624564066108046
v 4.220497081163899 -59.66740227368274 -4.624559103517946
v 0.15517091433849828 -68.8047699527207 -4.837622333092987
v 0.15516722790636095 -59.667402308394344 -4.837617370502887
v 2.3723476446917857 -68.80476939648528 -1.4234737598595992
v 3.0627233016019773 -68.8047694266227 -1.6084559292846374
v 3.06271961516984 -59.66740178229645 -1.6084516579005634
v 2.372344188661657 -59.66740175215901 -1.4234692580735167
v 4.405485932247188 -68.80476980553209 -3.934185183569743
v 4.220500767596036 -68.8047699180091 -4.624564066108046
v 4.220497081163899 -59.66740227368274 -4.624559103517946
v 4.405482706619068 -59.6674021612059 -3.934181142587677
v 0.8145611299259059 74.67483587537782 -22.023456406985733
v 0.6549160965832357 74.47934075111442 -21.664930574403567
v 0.2694989830200001 74.39836460698056 -21.516424485774657
v -0.26949892541949794 74.39836460698056 -21.516424485774657
v -0.6549161541837378 74.47934075111442 -21.664930574403567
v -0.8145611299259059 74.67483587537782 -22.023456406985733
v 0.8145611299259059 117.44745284689998 -15.609878785215646
v -0.8145611299259059 117.4474454740348 -15.60988431486265
v -0.8145611299259059 117.24256288328507 -15.049104224752595
v -0.6549160965832357 117.10793259844965 -14.680606603155091
v -0.2694989830200001 117.05216612115989 -14.527969871423483
v 0.26949892541949794 117.05216612115989 -14.527969871423483
v 0.6549161541837378 117.1079325984498 -14.680605681547057
v 0.8145611299259059 117.24256841293344 -15.049103303145461
v -0.8145611299259059 74.67484305153218 22.023465105485858
v -0.6549161541837378 74.47934781044624 21.664939336604103
v -0.26949892541949794 74.39837161792298 21.51643327436058
v 0.2694989830200001 74.39837161792298 21.51643327436058
v 0.6549160965832357 74.47934781044624 21.664939336604103
v 0.8145611299259059 74.67484305153218 22.023465105485858
v 0.8145611299259059 117.44745793324321 15.609873546628513
v 0.8145611299259059 117.24257331655285 15.049098131318182
v 0.6549161541837378 117.10793738199746 14.680600553589713
v 0.26949892541949794 117.05217085497249 14.527964761637172
v -0.2694989830200001 117.05217085497249 14.527964761637172
v -0.6549160965832357 117.1079373819976 14.680601475197747
v -0.8145611299259059 117.2425677869048 15.049099052927117
v -0.8145611299259059 117.44745056037985 15.60987907627792
v 19.368134747014665 -63.318827297986445 0.00007765593845368657
v -2.572285920453678e-21 -63.318797806529346 0.00007765589497670623
v -2.5722845543470314e-21 -63.318756643855295 -18.87113999932121
v 3.7744682840042287 -63.31875664385558 -18.871141842537277
v 5.012843598228756 -63.318756617293616 -18.708105694831783
v 9.684069216723401 -63.31877104778914 -16.773219118206118
v 13.695340537913125 -63.3187558005973 -13.695259331778988
v 15.234319970323895 -63.31875547383777 -11.689623671184153
v 16.773299402734665 -63.31875514707809 -9.683987088981283
v 17.74074084783024 -63.31875476655847 -7.348374279733992
v 18.708182292925812 -63.31875438603876 -5.012761009682683
v -3.8224840625929346 -34.06141759674614 -19.603662793442854
v -19.368136590230733 -63.31876831507225 0.00007765587259365978
v -18.70818413614188 -63.3187691317674 -5.012761470484298
v -17.740742691046307 -63.318769512287105 -7.348374740535607
v -16.773301245950734 -63.318769892806785 -9.683988010586916
v -15.234321813539964 -63.31877021956646 -11.689624592789785
v -13.69534145952116 -63.31877054632599 -13.695260253384621
v -9.684070138331435 -63.31877104778974 -16.773222804638255
v -5.012844059032773 -63.31877136302276 -18.708109381261515
v -3.7744689752102545 -63.31877138958444 -18.87114368575094
v 18.708182292925812 -63.318738006920114 5.012916049083914
v 17.74074084783024 -63.318737626400406 7.348529319135223
v 16.773299402734665 -63.31873724588078 9.684142128382515
v 15.234319970323895 -63.31873691912111 11.689778710585385
v 13.695340537913125 -63.318736592361574 13.69541437118022
v 9.684069216723401 -63.31873609089797 16.77337600082582
v 5.012843598228756 -63.3187210299364 18.70826257744668
v 3.7744682840042287 -63.318721003374435 18.871298725152172
v -2.5722835785565694e-21 -63.31872100337475 18.871296881936104
v -3.8224840625929346 -34.061381717588716 19.603762219188845
v -3.7744689752102545 -63.3187357491027 18.871300568370643
v -5.012844059032773 -63.31873577566435 18.708266263881217
v -9.684070138331435 -63.318736090897374 16.773379687257957
v -13.69534145952116 -63.31875133808998 13.695415292790656
v -15.234321813539964 -63.318751664849515 11.68977963219582
v -16.773301245950734 -63.31875199160919 9.68414304999295
v -17.740742691046307 -63.31875237212887 7.348529779941643
v -18.70818413614188 -63.31875275264858 5.012916509890334
v 12.806721463169879 -58.55412865596455 -0.9190624181633161
v 12.508091890197193 -58.55412866367044 -0.966360840098298
v 12.20946323883254 -58.55412865596463 -0.9190630517688397
v 11.940067072708871 -58.55412863360141 -0.7817984631328979
v 11.726270597688426 -58.55412859876978 -0.568003485725512
v 11.58900353223089 -58.55412855487933 -0.2986057643882877
v 11.54170568630093 -58.55412850622636 0.000023987077308002525
v 11.58900353223089 -58.5541284575734 0.29865381356084286
v 11.726269676080392 -58.55412841368286 0.568051851700829
v 11.940063386276734 -58.5541283788512 0.7818471171107256
v 12.209462317224506 -58.554128356487865 0.919112339352191
v 12.508091890197193 -58.55412834878197 0.966410761287173
v 12.806721463169879 -58.55412835648781 0.9191127425557061
v 13.076119472509617 -58.55412837885109 0.7818477507162492
v 13.289914104313993 -58.554128413682804 0.568052254904344
v 13.42717932655546 -58.554128457573256 0.2986546199678729
v 13.474477172485422 -58.55412850622619 0.000024962460481542104
v 13.42717932655546 -58.554128554879156 -0.29860472757924905
v 13.289914104313993 -58.55412859876958 -0.568002333715469
v 13.076119472509617 -58.554128633601266 -0.7817975415248636
v 12.50810202788557 -64.40600070431947 -2.036797941699797
v 13.137516078148792 -64.40600068807802 -1.9371087526361308
v 13.705316944884771 -64.40600064094355 -1.6477992865136453
v 14.15592797719114 -64.40600056752979 -1.1971889454133076
v 14.44523824972066 -64.40600047502312 -0.6293869842677954
v 14.544927669186336 -64.40600037247867 0.000026369807488391078
v 14.44523824972066 -64.4060002699342 0.629439849047584
v 14.15592797719114 -64.40600017742756 1.1972414645900835
v 13.705316944884771 -64.40600010401377 1.647852151293434
v 13.137514234932723 -64.40600005687924 1.9371618478179282
v 12.50810202788557 -64.40600004063785 2.0368508064795856
v 11.878687977622349 -64.40600005687932 1.937161387013911
v 11.31088711088637 -64.40600010401391 1.6478512296853998
v 10.86027607858 -64.40600017742773 1.197240427781045
v 10.570966727658515 -64.40600026993448 0.6294381210325196
v 10.471277308192839 -64.40600037247901 0.000024297475701654145
v 10.57096764926655 -64.40600047502346 -0.6293891730868769
v 10.860277921796069 -64.40600056753019 -1.1971913646343977
v 11.310889875710473 -64.40600064094377 -1.647800784126701
v 11.87869258566252 -64.4060006880782 -1.9371096742441651
v -5.607407962281741 -58.55412662441228 11.550516509088007
v -5.417131845905487 -58.55412666269396 11.31554516787075
v -5.3087783893090545 -58.55412670868131 11.033276902331567
v -5.292954379359571 -58.55412675787326 10.731338756515632
v -5.3712081175547155 -58.5541268054543 10.439288543300048
v -5.53588058032517 -58.554126846766735 10.185714543909796
v -5.7708523823464475 -58.554126877766805 9.99543750592551
v -6.053122491101703 -58.55412689541981 9.88708404932908
v -6.355060636917642 -58.55412689799789 9.871260039379596
v -6.6471094677211795 -58.554126885248735 9.949513777574738
v -6.900684849523486 -58.55412685841995 10.114187622757242
v -7.09096096589974 -58.554126820138265 10.3491589639745
v -7.1993144224961725 -58.55412677415063 10.631429072729752
v -7.215138432445656 -58.55412672495865 10.933367218545687
v -7.13688331183846 -58.55412667737778 11.225416510153238
v -6.972210849068006 -58.55412663606535 11.47899050954349
v -6.737239047046728 -58.55412660506542 11.66926662591974
v -6.454969399095489 -58.55412658741241 11.777620082516172
v -6.153030792475533 -58.554126584834336 11.793444092465656
v -5.860981961671996 -58.55412659758349 11.715190354270511
v -4.490110285979654 -64.4059984417467 11.850774595240258
v -4.891150326139382 -64.40599836106145 12.346017261433259
v -5.425600502132966 -64.40599830451578 12.693092082338646
v -6.041146194695557 -64.40599827764422 12.858028585810935
v -6.6775322097385015 -64.40599828307779 12.824677434264522
v -7.272464756201202 -64.40599832028457 12.596303884965048
v -7.767707883198227 -64.40599838562221 12.195264305609344
v -8.114783625711652 -64.40599847269542 11.660812747203716
v -8.279718285967874 -64.4059985729807 11.045266133033097
v -8.246366212813427 -64.405998676661 10.408881039598196
v -8.017993585121985 -64.40599877358758 9.813949875547554
v -7.616952623354223 -64.40599885427329 9.31870444453045
v -7.082502447360639 -64.40599891081882 8.971630545233099
v -6.466956293994031 -64.40599893769024 8.806694963368844
v -5.830570278951086 -64.40599893225635 8.840047958131326
v -5.235637271684368 -64.40599889504986 9.06841966421473
v -4.740394144687343 -64.40599882971179 9.469462008394538
v -4.393318402173918 -64.40599874263873 10.003912645192132
v -4.228385585133765 -64.40599864235344 10.619459259362749
v -4.261737658288212 -64.405998538673 11.255845274405686
v -7.199313961692155 -58.55413023830127 -10.63137604111376
v -7.0909605050957225 -58.554130192313636 -10.349105932358508
v -6.900685310327503 -58.554130154032094 -10.114135512749286
v -6.6471122325452825 -58.55413012720348 -9.949462589174816
v -6.355062019329694 -58.55413011445401 -9.871207007763605
v -6.053123412709738 -58.55413011703192 -9.887030096105054
v -5.770853764758499 -58.554130134684954 -9.995383552701485
v -5.535881501933204 -58.55413016568485 -10.185659669077737
v -5.371208578358733 -58.554130206997314 -10.439233668467988
v -5.292953457751537 -58.55413025457801 -10.731282038467503
v -5.3087783893090545 -58.55413030377028 -11.033222027499507
v -5.41713138510147 -58.55413034975794 -11.31549213625476
v -5.607407501477724 -58.554130388039624 -11.550463477472016
v -5.860981500867979 -58.55413041486838 -11.71513732265452
v -6.153030331671516 -58.554130427617395 -11.79339013924163
v -6.454968477487455 -58.55413042503949 -11.777567050900181
v -6.737238125438694 -58.55413040738631 -11.669212672695714
v -6.972209927459971 -58.55413037638655 -11.478937477927499
v -7.136882851034443 -58.55413033507409 -11.225363478537247
v -7.215137971641639 -58.55413028749322 -10.933314186929696
v -8.017991741905917 -64.40600197136953 -9.813895858757721
v -8.246365291205393 -64.40600206829629 -10.408827944416398
v -8.279716442751806 -64.40600217197641 -11.045212116243265
v -8.114781782495584 -64.4060022722617 -11.660758730413884
v -7.7677060399821585 -64.40600235933474 -12.195209367211477
v -7.272462912985134 -64.40600242467255 -12.596249868175216
v -6.677530366522433 -64.40600246187915 -12.824622495866656
v -6.041144351479488 -64.40600246731276 -12.857973647413068
v -5.425598658916897 -64.4060024404412 -12.69303714394078
v -4.891148022119296 -64.40600238389538 -12.345961401427358
v -4.490108903567602 -64.40600230321024 -11.850719656842392
v -4.261734893464109 -64.40600220628306 -11.255784806359614
v -4.2283846635257305 -64.40600210260291 -10.619400634532745
v -4.393319323781952 -64.40600200231765 -10.003854020362128
v -4.740396448707429 -64.40600191524473 -9.469404305172569
v -5.235640036508471 -64.40600184990694 -9.068363804208829
v -5.830573504579206 -64.40600181270048 -8.839992098125425
v -6.466959519622151 -64.40600180726673 -8.806640024970978
v -7.082504751380725 -64.40600183413844 -8.971577450051301
v -7.6169544665702915 -64.40600189068442 -9.318654114172755
v -4.267106946696231 -70.20316578823815 -1.2424478258982543
v -3.883161353161313 -70.2031657783308 -1.1816367869638944
v -3.5367991656684694 -70.20316574957846 -1.005156336454566
v -3.261924039780695 -70.20316570479568 -0.7302814409688034
v -3.0854430132663424 -70.20316564836605 -0.3839188502724495
v -3.0246318591309773 -70.20316558581331 0.000027062917630283946
v -3.0854430132663424 -70.2031655232606 0.3839729704028996
v -3.261924039780695 -70.203165466831 0.730335388297747
v -3.5367991656684694 -70.20316542204813 1.005210514185518
v -3.88316181396533 -70.20316539329579 1.1816911950968552
v -4.267106946696231 -70.20316538338838 1.2425023492322194
v -4.6510539226432 -70.20316539329582 1.1816909646948466
v -4.997416340538052 -70.20316542204822 1.005210053381501
v -5.272291466425827 -70.20316546683108 0.7303348122927256
v -5.448771571332145 -70.20316552326076 0.38397190479360993
v -5.509582955869519 -70.20316558581351 0.00002579878267190547
v -5.448771110528128 -70.20316564836625 -0.3839202038842499
v -5.272290084013775 -70.20316570479591 -0.7302828233808549
v -4.997413575713949 -70.20316574957863 -1.0051572580626003
v -4.651051157819097 -70.20316577833088 -1.1816373629689159
v -3.5611750069705295 -59.66740187420939 -2.1726091776748113
v -4.267106485892214 -59.667401892425346 -2.2844179731939622
v -4.973034739185778 -59.66740187420962 -2.172610560086863
v -5.60986496930127 -59.667401821345095 -1.8481304577561852
v -6.115257304776378 -59.66740173900641 -1.342739274291127
v -6.439742591152253 -59.66740163525358 -0.7059088137736342
v -6.551551156269397 -59.667401520242635 0.000023276251829825773
v -6.439742591152253 -59.66740140523166 0.705955641682771
v -6.11525868718843 -59.66740130147869 1.3427867934062894
v -5.609872802969562 -59.66740121913995 1.8481784376753647
v -4.9730370432058635 -59.66740116627511 2.1726604984231157
v -4.267106485892214 -59.66740114805913 2.2844692939422666
v -3.5611750069705295 -59.667401166275 2.1726611896291415
v -2.924342472834951 -59.66740121913972 1.848179704886412
v -2.4189554366060406 -59.66740130147852 1.342787830215328
v -2.094471993446234 -59.667401405231345 0.7059575424993418
v -1.9826648107411415 -59.667401520242265 0.000025581964648918814
v -2.094471993446234 -59.66740163525316 -0.705906336952042
v -2.4189554366060406 -59.66740173900598 -1.3427366246680283
v -2.924342472834951 -59.667401821344725 -1.8481282689371037
v 1.0575383073359035 -70.20316488253985 4.316688841967188
v 0.918229534479309 -70.20316494166573 3.9537766477958205
v 0.8978847491189157 -70.20316500491131 3.5655780635844736
v 0.9984959494204304 -70.20316506608577 3.1900919101966956
v 1.210214198323456 -70.20316511920092 2.8640735288557133
v 1.5123153535604672 -70.20316515905736 2.61943636257438
v 1.8752280085358564 -70.20316518175366 2.4801274745167836
v 2.26342716875223 -70.20316518506814 2.459783437962918
v 2.6389135525420215 -70.20316516867652 2.560394465462925
v 2.9649317034809997 -70.2031651341832 2.7721129447679567
v 3.20956817855631 -70.20316508496478 3.0742135239999424
v 3.348877527417926 -70.20316502583864 3.437127100583361
v 3.3692220247758087 -70.20316496259298 3.825326145598725
v 3.2686105364717832 -70.20316490141846 4.20081275979052
v 3.0568918267647405 -70.2031648483034 4.526830680327485
v 2.754790095522708 -70.20316480844693 4.771467846608818
v 2.39187721014531 -70.20316478575072 4.910776273862398
v 2.0036777043259235 -70.20316478243618 4.9311207712202805
v 1.628191320536132 -70.20316479882817 4.830507439700188
v 1.3021738608031797 -70.20316483332144 4.618789190797165
v -0.10096953302536349 -59.66740084080004 4.170412263088256
v 0.15516676710234378 -59.66740073208973 4.837671225673285
v 0.6049591810722177 -59.66740064159583 5.393118858317068
v 1.2043824930842106 -59.66740057817546 5.7823904246823865
v 1.8947599932104708 -59.66740054803725 5.967377432549605
v 2.608514311529575 -59.66740055413098 5.929974431280252
v 3.27577373491863 -59.66740059586098 5.673837439946523
v 3.8312248235925495 -59.667400669141955 5.224042030750543
v 4.220494777143813 -59.66740076680097 4.62461526270843
v 4.405483628227103 -59.667400879276926 3.9342428314263675
v 4.36807555811356 -59.66740099556273 3.220485517881161
v 4.111939027583844 -59.667401104272955 2.5532270161001493
v 3.66214500079991 -59.66740119476731 1.997776618632263
v 3.0627191543658228 -59.66740125818782 1.6085042458599146
v 2.3723434974556312 -59.66740128832524 1.4235221916358807
v 1.6585906767495828 -59.66740128223128 1.460926460116281
v 0.9913319445665536 -59.66740124050111 1.7170646034600536
v 0.4358806830911277 -59.66740116722036 2.1668585150429776
v 0.04661124794438365 -59.667401069561464 2.7662845918790655
v -0.13837737273689754 -59.66740095708525 3.4566586359751876
v 3.2095686393603273 -70.2031660866615 -3.0741571574499087
v 2.9649319338830082 -70.203166037443 -2.772056117413906
v 2.638914474150056 -70.2031660029497 -2.560337868510883
v 2.263428320762273 -70.20316598655805 -2.4597266106088673
v 1.8752289301438907 -70.20316598987256 -2.4800708775647413
v 1.5123163903695058 -70.2031660125688 -2.6193795352203293
v 1.2102151199314903 -70.20316605242527 -2.8640167015016624
v 0.9984971014304733 -70.20316610554036 -3.190034852440636
v 0.8978855555259457 -70.20316616671482 -3.565521005828414
v 0.918230340886339 -70.20316622996052 -3.953720281245787
v 1.0575386529389164 -70.20316628908634 -4.316632014613137
v 1.3021762800242698 -70.20316633830504 -4.618734206659183
v 1.628194430963248 -70.20316637279831 -4.830452455562206
v 2.003680699552035 -70.20316638919002 -4.93106394386623
v 2.3918802053714217 -70.2031663858753 -4.910718524900313
v 2.754792860346811 -70.2031663631791 -4.771410097646733
v 3.0568939003828177 -70.20316632332248 -4.526772009757366
v 3.268612379687852 -70.20316627020742 -4.200754089220401
v 3.3692222551778173 -70.20316620903276 -3.825266553420571
v 3.3488772970159175 -70.20316614578718 -3.4370679692092243
v 3.662144539995893 -59.667401845716995 -1.9977241458739161
v 4.111939488387861 -59.66740193621132 -2.5531743129397935
v 4.36807555811356 -59.66740204492103 -3.2204298194946936
v 4.405482706619068 -59.6674021612059 -3.934181142587677
v 4.220497081163899 -59.66740227368274 -4.624559103517946
v 3.831228510024687 -59.66740237134189 -5.223986793168094
v 3.2757774213507673 -59.667402444622866 -5.673782202364073
v 2.6085179979617124 -59.6674024863529 -5.929919193697803
v 1.894764025245621 -59.66740249244677 -5.96732311657519
v 1.2043891747424595 -59.66740246230961 -5.782342559964212
v 0.6049616002933078 -59.66740239888861 -5.393067307166756
v 0.15516722790636095 -59.667402308394344 -4.837617370502887
v -0.10096999382938066 -59.66740219968412 -4.170358868721875
v -0.13837691193288038 -59.66740208339891 -3.456605241608806
v 0.04661182394940511 -59.6674019709227 -2.766231197512684
v 0.4358813166966513 -59.66740187326383 -2.1668053510786045
v 0.9913327509735836 -59.66740179998308 -1.717011439495681
v 1.6585912527546043 -59.667401758252936 -1.460873526553917
v 2.372344188661657 -59.66740175215901 -1.4234692580735167
v 3.06271961516984 -59.66740178229645 -1.6084516579005634
vt 0.27778205275535583 0.5453013777732849
vt 0.2879786193370819 0.5454843938350677
vt 0.2803493142127991 0.54173943400383
vt 0.274557888507843 0.9878414627164602
vt 0.2725273072719574 0.9878049409016967
vt 0.2718513011932373 0.9974910139571875
vt 0.2684694230556488 0.9878643890842795
vt 0.26671868562698364 0.9879562491551042
vt 0.10567716509103775 0.4852455258369446
vt 0.10773821920156479 0.4855118989944458
vt 0.10773821920156479 0.4776931405067444
vt 0.2764040231704712 0.9879195941612124
vt 0.2704506516456604 0.9878127612173557
vt 0.11277243494987488 0.493200421333313
vt 0.11353374272584915 0.4894024729728699
vt 0.10936634242534637 0.4894636869430542
vt 0.2713089883327484 0.5416783392429352
vt 0.2635054588317871 0.5453135371208191
vt 0.27393290400505066 0.5452744960784912
vt 0.298164963722229 0.44705355167388916
vt 0.3019101023674011 0.44722020626068115
vt 0.30192577838897705 0.4433930516242981
vt 0.2635054588317871 0.6299419105052948
vt 0.2879786193370819 0.6301127672195435
vt 0.13042742013931274 0.9879254875704646
vt 0.13525480031967163 0.9974923757836223
vt 0.13223226368427277 0.987836760468781
vt 0.13632141053676605 0.9877896197140217
vt 0.13832706212997437 0.9878344051539898
vt 0.14012286067008972 0.9879217557609081
vt 0.10567716509103775 0.46223312616348267
vt 0.10773821920156479 0.46978551149368286
vt 0.10773821920156479 0.46196669340133667
vt 0.13424259424209595 0.9877903973683715
vt 0.12386085093021393 0.6013979911804199
vt 0.11701291054487228 0.6457115709781647
vt 0.12300223112106323 0.6455734968185425
vt 0.11801657825708389 0.6012685000896454
vt 0.11486164480447769 0.6014860570430756
vt 0.1729123592376709 0.8528151363134384
vt 0.16712695360183716 0.8523224890232086
vt 0.17015106976032257 0.8869635835289955
vt 0.15216366946697235 0.8857975900173187
vt 0.16062140464782715 0.8519007861614227
vt 0.15349136292934418 0.8515562266111374
vt 0.18284042179584503 0.5456242859363556
vt 0.18051855266094208 0.5421066582202911
vt 0.17362451553344727 0.5459913313388824
vt 0.19656594097614288 0.9879658604040742
vt 0.20119258761405945 0.9974923168774694
vt 0.19840110838413239 0.9878927059471607
vt 0.20250409841537476 0.9878630042076111
vt 0.20449233055114746 0.9879085011780262
vt 0.20625567436218262 0.9879910089075565
vt 0.10565928369760513 0.4698633551597595
vt 0.10669871419668198 0.4776152968406677
vt 0.10773812234401703 0.4698633551597595
vt 0.20042648911476135 0.9878576723858714
vt 0.11713581532239914 0.4932006597518921
vt 0.11995166540145874 0.4893837571144104
vt 0.11572445929050446 0.48941153287887573
vt 0.18901591002941132 0.541870504617691
vt 0.18645837903022766 0.5455228686332703
vt 0.19662781059741974 0.545346587896347
vt 0.10773669928312302 0.4619017243385315
vt 0.10773669928312302 0.4567291736602783
vt 0.10537069290876389 0.45983827114105225
vt 0.19662779569625854 0.6300238370895386
vt 0.17362451553344727 0.6306686103343964
vt 0.04481372609734535 0.5053483247756958
vt 0.046814024448394775 0.5053983628749847
vt 0.047963496297597885 0.49567151069641113
vt 0.05090798810124397 0.5053558349609375
vt 0.05272265151143074 0.5052662193775177
vt 0.10567716509103775 0.4931424856185913
vt 0.10773821920156479 0.4934089183807373
vt 0.10773821920156479 0.4855901002883911
vt 0.04302807152271271 0.5052542984485626
vt 0.04889266937971115 0.5054008960723877
vt 0.04823145270347595 0.8919286355376244
vt 0.04730715975165367 0.8477871865034103
vt 0.04111432284116745 0.8477795422077179
vt 0.04030353203415871 0.8920426815748215
vt 0.04345930740237236 0.8921909928321838
vt 0.28623974323272705 0.25852227210998535
vt 0.28113293647766113 0.30270659923553467
vt 0.2860657870769501 0.3032461404800415
vt 0.22085417807102203 0.8519259542226791
vt 0.21940281987190247 0.8861592188477516
vt 0.22785623371601105 0.8522513657808304
vt 0.07422778755426407 0.6069981157779694
vt 0.0763210728764534 0.6412017643451691
vt 0.08224465698003769 0.6406956315040588
vt 0.11433853954076767 0.3981298804283142
vt 0.11433853954076767 0.44325292110443115
vt 0.11933798342943192 0.44325292110443115
vt 0.11933798342943192 0.3981298804283142
vt 0.9785378575325012 0.7241897881031036
vt 0.9711852073669434 0.5970562398433685
vt 0.9400566816329956 0.583391398191452
vt 0.932572066783905 0.6282343566417694
vt 0.30138859152793884 0.4048548936843872
vt 0.2963891625404358 0.4048548936843872
vt 0.2963891625404358 0.43177497386932373
vt 0.30138859152793884 0.43177497386932373
vt 0.12629838287830353 0.40394335985183716
vt 0.12129893153905869 0.4039433002471924
vt 0.12129892408847809 0.4903494715690613
vt 0.12629836797714233 0.4903494715690613
vt 0.12918031215667725 0.19197630882263184
vt 0.12752623856067657 0.19197630882263184
vt 0.12752623856067657 0.3220949172973633
vt 0.12918031215667725 0.3220949172973633
vt 0.9803377985954285 0.7238539755344391
vt 0.9803377985954285 0.5939109325408936
vt 0.7995380759239197 0.06107985973358154
vt 0.7535723447799683 0.15703529119491577
vt 0.7610569596290588 0.20187824964523315
vt 0.7921854257583618 0.18821340799331665
vt 0.1303630769252777 0.32190632820129395
vt 0.1303630918264389 0.19186466932296753
vt 0.9815222024917603 0.7236232459545135
vt 0.9815222024917603 0.5934944152832031
vt 0.8013380169868469 0.061415672302246094
vt 0.8013380169868469 0.19135868549346924
vt 0.8025224804878235 0.19177520275115967
vt 0.8025224804878235 0.061646342277526855
vt 0.1263434737920761 0.19186466932296753
vt 0.1263434737920761 0.32190632820129395
vt 0.5809007287025452 0.24515455961227417
vt 0.5759012699127197 0.24515455961227417
vt 0.5759012699127197 0.2902776002883911
vt 0.5809007287025452 0.2902776002883911
vt 0.11833620071411133 0.053006887435913086
vt 0.07237043976783752 0.14896231889724731
vt 0.0798550471663475 0.1938052773475647
vt 0.11098353564739227 0.1801404356956482
vt 0.10777352005243301 0.40280330181121826
vt 0.10777352005243301 0.4360399842262268
vt 0.11277296394109726 0.4360399842262268
vt 0.11277296394109726 0.40280330181121826
vt 0.575901210308075 0.3698546290397644
vt 0.5809006690979004 0.3698546290397644
vt 0.2925175726413727 0.1949726939201355
vt 0.2925175726413727 0.32509130239486694
vt 0.29417166113853455 0.32509130239486694
vt 0.29417166113853455 0.1949726939201355
vt 0.12013610452413559 0.05334270000457764
vt 0.12013614177703857 0.18328577280044556
vt 0.9441487193107605 0.30829304456710815
vt 0.9367960095405579 0.18115949630737305
vt 0.9056675434112549 0.16749465465545654
vt 0.8981829285621643 0.21233761310577393
vt 0.2913348078727722 0.1948610544204712
vt 0.2913348078727722 0.3249027132987976
vt 0.12132054567337036 0.053573429584503174
vt 0.12132057547569275 0.183702290058136
vt 0.9459486603736877 0.3079572319984436
vt 0.9471330642700195 0.30772650241851807
vt 0.9471330642700195 0.17759764194488525
vt 0.9459486603736877 0.17801415920257568
vt 0.295354425907135 0.1948610544204712
vt 0.295354425907135 0.3249027132987976
vt 0.8505268692970276 0.30814313888549805
vt 0.8505268692970276 0.13736015558242798
vt 0.8038162589073181 0.23592031002044678
vt 0.8038162589073181 0.2982251048088074
vt 0.29128968715667725 0.4083712697029114
vt 0.29128971695899963 0.3467126488685608
vt 0.2862902581691742 0.3467126488685608
vt 0.2862902581691742 0.4083712697029114
vt 0.8977046012878418 0.2982251048088074
vt 0.8977046012878418 0.23592031002044678
vt 0.8509939908981323 0.13736015558242798
vt 0.8509939908981323 0.30814313888549805
vt 0.13139782845973969 0.32359105348587036
vt 0.1313978135585785 0.4926029443740845
vt 0.13639727234840393 0.4926029443740845
vt 0.13639728724956512 0.32359105348587036
vt 0.3019784688949585 0.44663387537002563
vt 0.30697789788246155 0.44663387537002563
vt 0.30697789788246155 0.400770902633667
vt 0.3019784688949585 0.400770902633667
vt 0.2862902581691742 0.3467126488685608
vt 0.29128971695899963 0.3467126488685608
vt 0.29128971695899963 0.24258685111999512
vt 0.2862902581691742 0.24258685111999512
vt 0.8950992226600647 0.8965306282043457
vt 0.9418098330497742 0.886612631380558
vt 0.9418098330497742 0.8243078291416168
vt 0.8950992226600647 0.7257477045059204
vt 0.29633915424346924 0.32657134532928467
vt 0.2913397252559662 0.32657134532928467
vt 0.2913397252559662 0.38823002576828003
vt 0.29633915424346924 0.38823002576828003
vt 0.8961688280105591 0.3433157801628113
vt 0.8494582176208496 0.3333978056907654
vt 0.8494582772254944 0.5041807293891907
vt 0.8961688280105591 0.4056205749511719
vt 0.13134782016277313 0.32359111309051514
vt 0.1263483762741089 0.32359111309051514
vt 0.1263483762741089 0.4926029443740845
vt 0.13134782016277313 0.4926029443740845
vt 0.3019784688949585 0.44709253311157227
vt 0.3019784688949585 0.4929555058479309
vt 0.30697789788246155 0.4929555058479309
vt 0.30697789788246155 0.44709253311157227
vt 0.2913397252559662 0.38823002576828003
vt 0.2913396954536438 0.4923558831214905
vt 0.29633915424346924 0.4923558831214905
vt 0.29633915424346924 0.38823002576828003
vt 0.7298204898834229 0.21061939001083374
vt 0.7366431951522827 0.20861196517944336
vt 0.7357528805732727 0.20320361852645874
vt 0.7321985363960266 0.20424938201904297
vt 0.25170037150382996 0.5456209778785706
vt 0.2635054588317871 0.535467803478241
vt 0.25170037150382996 0.53577521443367
vt 0.29897889494895935 0.54595085978508
vt 0.29897889494895935 0.5361050963401794
vt 0.2879786193370819 0.5356386601924896
vt 0.24126853048801422 0.546168327331543
vt 0.24126853048801422 0.5363225638866425
vt 0.1703559011220932 0.5465928912162781
vt 0.17267107963562012 0.5467889308929443
vt 0.17266331613063812 0.5369455516338348
vt 0.1703481376171112 0.5367494821548462
vt 0.14598937332630157 0.9531238488852978
vt 0.15226879715919495 0.9534292630851269
vt 0.1583470106124878 0.9199362620711327
vt 0.14981910586357117 0.9195214584469795
vt 0.2635054886341095 0.6738045513629913
vt 0.27587929368019104 0.6737579703330994
vt 0.27587929368019104 0.6298953294754028
vt 0.28155121207237244 0.9742869157344103
vt 0.2776179015636444 0.9741202555596828
vt 0.2646460235118866 0.9741690624505281
vt 0.26091596484184265 0.9743647798895836
vt 0.2758793234825134 0.8513665348291397
vt 0.2879786491394043 0.8515839874744415
vt 0.2879786193370819 0.67397540807724
vt 0.2688671350479126 0.9740591645240784
vt 0.2641215920448303 0.8856706023216248
vt 0.2531879246234894 0.8859553337097168
vt 0.2557915449142456 0.919661357998848
vt 0.2651999294757843 0.9194163307547569
vt 0.27329158782958984 0.9740424808114767
vt 0.2435261309146881 0.8864622637629509
vt 0.24747765064239502 0.9200975596904755
vt 0.2969764173030853 0.8862608373165131
vt 0.2867881953716278 0.8858288377523422
vt 0.28470441699028015 0.9195525050163269
vt 0.2934713363647461 0.9199242144823074
vt 0.26002585887908936 0.9532296098768711
vt 0.26695361733436584 0.9530492201447487
vt 0.2755820155143738 0.8856274411082268
vt 0.27506154775619507 0.9193792045116425
vt 0.2539040148258209 0.9535508193075657
vt 0.28131553530693054 0.9531494788825512
vt 0.28777098655700684 0.9534231051802635
vt 0.16207414865493774 0.8862796202301979
vt 0.16419167816638947 0.8520766645669937
vt 0.27421510219573975 0.9530218727886677
vt 0.29897892475128174 0.8520504385232925
vt 0.25170043110847473 0.8517205566167831
vt 0.241268590092659 0.8522678762674332
vt 0.2635055184364319 0.8514131158590317
vt 0.16529718041419983 0.9205248057842255
vt 0.15738645195960999 0.9538626186549664
vt 0.14874254167079926 0.9745544604957104
vt 0.1456243246793747 0.9742904100567102
vt 0.14158642292022705 0.9880456505343318
vt 0.9923143982887268 0.7230957746505737
vt 0.9965556859970093 0.7231162190437317
vt 0.9965556859970093 0.5455076098442078
vt 0.9923152923583984 0.5454868972301483
vt 0.1727723628282547 0.6752491593360901
vt 0.16698694229125977 0.6747564673423767
vt 0.25170040130615234 0.6741119921207428
vt 0.2412685602903366 0.6746593117713928
vt 0.29897889494895935 0.6744418740272522
vt 0.981857180595398 0.4165881872177124
vt 0.9847426414489746 0.41636472940444946
vt 0.9847426414489746 0.40651899576187134
vt 0.981857180595398 0.4067424535751343
vt 0.7743754386901855 0.2190413475036621
vt 0.7800744771957397 0.22590678930282593
vt 0.7922577857971191 0.21615707874298096
vt 0.7891754508018494 0.2137002944946289
vt 0.9999097585678101 0.416718065738678
vt 0.9999097585678101 0.4068722724914551
vt 0.9847426414489746 0.40651899576187134
vt 0.9847426414489746 0.41636472940444946
vt 0.9999097585678101 0.5013464391231537
vt 0.9847427010536194 0.5009931027889252
vt 0.9910135269165039 0.5456020534038544
vt 0.9923152923583984 0.5454868972301483
vt 0.9847427010536194 0.5009931027889252
vt 0.9818572402000427 0.5012165606021881
vt 0.17273779213428497 0.631397008895874
vt 0.17042261362075806 0.6312009692192078
vt 0.25170037150382996 0.6302493512630463
vt 0.24126854538917542 0.6307966709136963
vt 0.27264639735221863 0.5349795818328857
vt 0.2763529419898987 0.5349656343460083
vt 0.2763529419898987 0.49569380283355713
vt 0.27264639735221863 0.49570775032043457
vt 0.29897889494895935 0.6305792331695557
vt 0.9805789589881897 0.7944518774747849
vt 0.9803155660629272 0.7830946445465088
vt 0.9422386288642883 0.7830946147441864
vt 0.9425020217895508 0.7944518476724625
vt 0.7153380513191223 0.21981757879257202
vt 0.7254917621612549 0.21366477012634277
vt 0.7247775793075562 0.21210312843322754
vt 0.7142365574836731 0.2184906005859375
vt 0.7488479614257812 0.20995813608169556
vt 0.7604588270187378 0.2126569151878357
vt 0.7610784769058228 0.21105682849884033
vt 0.7490247488021851 0.2082551121711731
vt 0.7709625959396362 0.21821433305740356
vt 0.7719829082489014 0.2168262004852295
vt 0.7731071710586548 0.22019988298416138
vt 0.778734564781189 0.22697901725769043
vt 0.7800744771957397 0.22590678930282593
vt 0.7743754386901855 0.2190413475036621
vt 0.7428846955299377 0.21013003587722778
vt 0.7437625527381897 0.20840680599212646
vt 0.7312065958976746 0.211983323097229
vt 0.7369213700294495 0.21030187606811523
vt 0.9804766774177551 0.7657442390918732
vt 0.9806228876113892 0.7601079195737839
vt 0.9425459504127502 0.7601079046726227
vt 0.942399799823761 0.7657442092895508
vt 0.9811027646064758 0.8046782910823822
vt 0.9430258274078369 0.804678276181221
vt 0.9812876582145691 0.8067530989646912
vt 0.9432107210159302 0.80675308406353
vt 0.9712399840354919 0.5281164944171906
vt 0.9715997576713562 0.5213620960712433
vt 0.9334812164306641 0.5217546224594116
vt 0.933121383190155 0.5285090208053589
vt 0.9811728000640869 0.7500449270009995
vt 0.9430959224700928 0.7500449270009995
vt 0.980323076248169 0.777237594127655
vt 0.9803305268287659 0.7713805586099625
vt 0.9422536492347717 0.7713805288076401
vt 0.94224613904953 0.7772375792264938
vt 0.27311089634895325 0.5413633286952972
vt 0.2762216031551361 0.5413318872451782
vt 0.26876431703567505 0.5354479849338531
vt 0.2799772620201111 0.5350307822227478
vt 0.2799772620201111 0.49575895071029663
vt 0.30192577838897705 0.4929370880126953
vt 0.3019057512283325 0.45367467403411865
vt 0.2963918149471283 0.4533246159553528
vt 0.2964118421077728 0.4925870895385742
vt 0.7394617199897766 0.2030966877937317
vt 0.2792225480079651 0.541405975818634
vt 0.27393290400505066 0.5452744960784912
vt 0.2758834958076477 0.545813798904419
vt 0.2758834958076477 0.545813798904419
vt 0.29897889494895935 0.49683326482772827
vt 0.2879785895347595 0.49636685848236084
vt 0.2828364074230194 0.5355462729930878
vt 0.282836377620697 0.4962744116783142
vt 0.10778102278709412 0.48315393924713135
vt 0.11428104341030121 0.4829784035682678
vt 0.11428104341030121 0.4436838626861572
vt 0.10778102278709412 0.44385939836502075
vt 0.1726323664188385 0.49768316745758057
vt 0.17031718790531158 0.4974871277809143
vt 0.26876431703567505 0.49617618322372437
vt 0.2635054588317871 0.4961959719657898
vt 0.25170037150382996 0.49650341272354126
vt 0.24126853048801422 0.49705076217651367
vt 0.27778205275535583 0.5453013777732849
vt 0.9847426414489746 0.37134015560150146
vt 0.981857180595398 0.3715636134147644
vt 0.9999097585678101 0.3676005005836487
vt 0.9847426414489746 0.37134015560150146
vt 0.7812764048576355 0.280866801738739
vt 0.7730905413627625 0.2893902063369751
vt 0.7741920351982117 0.29071712493896484
vt 0.7920436263084412 0.27634286880493164
vt 0.11480939388275146 0.5352653861045837
vt 0.1115642711520195 0.5354214310646057
vt 0.11161652207374573 0.6016420423984528
vt 0.14134334027767181 0.6010936796665192
vt 0.1412915587425232 0.5354196727275848
vt 0.1289048045873642 0.5354244709014893
vt 0.12895658612251282 0.6010984480381012
vt 0.15329410135746002 0.6013605892658234
vt 0.1532423198223114 0.5356866121292114
vt 0.12302452325820923 0.6738661825656891
vt 0.11703521013259888 0.6740042567253113
vt 0.12182207405567169 0.9745648354291916
vt 0.1289510875940323 0.9880505595356226
vt 0.12496752291917801 0.9742983840405941
vt 0.13752508163452148 0.9740088749676943
vt 0.1417982578277588 0.974104268476367
vt 0.11717520654201508 0.8515702486038208
vt 0.10628102719783783 0.6745329797267914
vt 0.10642102360725403 0.8520989716053009
vt 0.13309599459171295 0.9740105643868446
vt 0.13323743641376495 0.9878135677427053
vt 0.1296226978302002 0.8855548202991486
vt 0.1304226964712143 0.9193125441670418
vt 0.1402946561574936 0.9193087220191956
vt 0.1410951018333435 0.8855503797531128
vt 0.13095442950725555 0.974059971049428
vt 0.10042047500610352 0.8869905024766922
vt 0.10529434680938721 0.9205479323863983
vt 0.11230520904064178 0.9199540317058563
vt 0.10856795310974121 0.8863002806901932
vt 0.12881284952163696 0.974109310656786
vt 0.13170704245567322 0.9529700316488743
vt 0.13897614181041718 0.952967207878828
vt 0.12407548725605011 0.8856827169656754
vt 0.1256493628025055 0.9194226190447807
vt 0.11320403963327408 0.9538796804845333
vt 0.11836642771959305 0.9534423500299454
vt 0.1208760216832161 0.9195326566696167
vt 0.11852829158306122 0.885810561478138
vt 0.2810439169406891 0.4091598391532898
vt 0.2805252969264984 0.4051206707954407
vt 0.2771555781364441 0.4051206707954407
vt 0.2774214446544647 0.406980037689209
vt 0.12467744946479797 0.9531320929527283
vt 0.09762419015169144 0.8528442233800888
vt 0.14154060184955597 0.8512893170118332
vt 0.1281922459602356 0.9530510269105434
vt 0.12915384769439697 0.8512940853834152
vt 0.16459448635578156 0.8517702966928482
vt 0.16445264220237732 0.6742040514945984
vt 0.16048142313957214 0.6743347644805908
vt 0.16062140464782715 0.8519007861614227
vt 0.16048142313957214 0.6743347644805908
vt 0.15335135161876678 0.6739902198314667
vt 0.14140060544013977 0.6737233102321625
vt 0.09748417139053345 0.6752782166004181
vt 0.12901383638381958 0.6737280786037445
vt 0.12316451966762543 0.8514321744441986
vt 0.15613482892513275 0.6014987528324127
vt 0.15608306229114532 0.5358247756958008
vt 0.7857734560966492 0.23277217149734497
vt 0.7940868139266968 0.2196168303489685
vt 0.1729123294353485 0.6296787559986115
vt 0.17283786833286285 0.5352272987365723
vt 0.16926957666873932 0.5350825786590576
vt 0.16934405267238617 0.6295340657234192
vt 0.16934405267238617 0.6295340657234192
vt 0.1561698019504547 0.6458356976509094
vt 0.1661146581172943 0.6742834448814392
vt 0.16445264220237732 0.6742040514945984
vt 0.1561698019504547 0.6458356976509094
vt 0.1533290594816208 0.6456975340843201
vt 0.14137831330299377 0.6454306244850159
vt 0.11796590685844421 0.5352299213409424
vt 0.117934949696064 0.4959675073623657
vt 0.11477840691804886 0.4960029721260071
vt 0.10625872761011124 0.6462402939796448
vt 0.09746186435222626 0.6469854116439819
vt 0.12899154424667358 0.6454353928565979
vt 0.9706413149833679 0.5485336184501648
vt 0.932522714138031 0.5489261150360107
vt 0.9326163530349731 0.560634046792984
vt 0.9707348942756653 0.5602415204048157
vt 0.784106433391571 0.27571016550064087
vt 0.7937750220298767 0.2731131315231323
vt 0.7896851301193237 0.25915342569351196
vt 0.7914196252822876 0.2593269944190979
vt 0.791056215763092 0.24717015027999878
vt 0.7893350720405579 0.24744325876235962
vt 0.7875005602836609 0.23551982641220093
vt 0.7859100699424744 0.2362210750579834
vt 0.7843619585037231 0.23375821113586426
vt 0.7857734560966492 0.23277217149734497
vt 0.7883108258247375 0.2648535370826721
vt 0.7902077436447144 0.26436179876327515
vt 0.9713308215141296 0.5768212974071503
vt 0.9332122802734375 0.5772137939929962
vt 0.9334812164306641 0.5823822915554047
vt 0.971599817276001 0.5819897651672363
vt 0.9707873463630676 0.5373269319534302
vt 0.9326688051223755 0.5377194583415985
vt 0.9708802103996277 0.5348709225654602
vt 0.9327616095542908 0.5352634489536285
vt 0.21983449161052704 0.08508956432342529
vt 0.1817368119955063 0.08535557985305786
vt 0.18112842738628387 0.09401541948318481
vt 0.21922610700130463 0.09374940395355225
vt 0.9708983898162842 0.5659471750259399
vt 0.932779848575592 0.5663396716117859
vt 0.9329432845115662 0.5720453262329102
vt 0.9710618257522583 0.5716527998447418
vt 0.7869365215301514 0.2705535888671875
vt 0.7940868139266968 0.2700052857398987
vt 0.11153332144021988 0.49615901708602905
vt 0.12377790361642838 0.49627935886383057
vt 0.12380888313055038 0.5355417728424072
vt 0.1560520976781845 0.4965624213218689
vt 0.15321137011051178 0.49642425775527954
vt 0.12887385487556458 0.4961620569229126
vt 0.14126059412956238 0.49615728855133057
vt 0.1728101521730423 0.5000568926334381
vt 0.16924184560775757 0.49991220235824585
vt 0.16926957666873932 0.5350825786590576
vt 0.16924184560775757 0.49991220235824585
vt 0.1560520976781845 0.4965624213218689
vt 0.15608306229114532 0.5358247756958008
vt 0.018555456772446632 0.9961452586576343
vt 0.01855546236038208 0.9568958021700382
vt 0.000480650836834684 0.9556268230080605
vt 0.00048063951544463634 0.9948762455023825
vt 0.00048061690176837146 0.8894280567765236
vt 0.018555479124188423 0.8906970843672752
vt 0.01855548657476902 0.8469213545322418
vt 0.0099196657538414 0.8461366593837738
vt 0.2810439169406891 0.40108150243759155
vt 0.2774214446544647 0.4032612442970276
vt 0.1662546545267105 0.8518494218587875
vt 0.16758927702903748 0.8519644290208817
vt 0.16745257377624512 0.6743985116481781
vt 0.16459448635578156 0.8517702966928482
vt 0.7032411694526672 0.2318894863128662
vt 0.6964070796966553 0.2328914999961853
vt 0.694646954536438 0.23609864711761475
vt 0.6998624801635742 0.23804575204849243
vt 0.20900729298591614 0.5453786253929138
vt 0.20900729298591614 0.5355271995067596
vt 0.19662781059741974 0.5354951322078705
vt 0.3081304728984833 0.546635091304779
vt 0.3081304728984833 0.5367893278598785
vt 0.22085422277450562 0.5456494987010956
vt 0.22085422277450562 0.5357980728149414
vt 0.22364364564418793 0.5457799434661865
vt 0.22364364564418793 0.53592848777771
vt 0.06460500508546829 0.5398154854774475
vt 0.07056378573179245 0.5733315646648407
vt 0.0776410922408104 0.5727235376834869
vt 0.06981628388166428 0.5393677055835724
vt 0.19662779569625854 0.673911839723587
vt 0.1845593899488449 0.6302328407764435
vt 0.1845593899488449 0.6741208434104919
vt 0.27793988585472107 0.9880345799028873
vt 0.284823477268219 0.9745317045599222
vt 0.20398683845996857 0.9741631466895342
vt 0.2082229107618332 0.974260026589036
vt 0.18455936014652252 0.8518320322036743
vt 0.17362451553344727 0.6745566129684448
vt 0.17362448573112488 0.8522678017616272
vt 0.19956037402153015 0.9741517044603825
vt 0.19696472585201263 0.8858786597847939
vt 0.19755452871322632 0.9196060597896576
vt 0.20742067694664001 0.9196315854787827
vt 0.20843039453029633 0.885908342897892
vt 0.19524511694908142 0.9742264151573181
vt 0.21686239540576935 0.9198474511504173
vt 0.30076488852500916 0.9204695746302605
vt 0.305452436208725 0.8868945762515068
vt 0.19133517146110535 0.9743822552263737
vt 0.19851376116275787 0.9531968124210835
vt 0.2057785838842392 0.9532155841588974
vt 0.18578718602657318 0.8860722258687019
vt 0.18793630599975586 0.9197726100683212
vt 0.21273089945316315 0.9533745795488358
vt 0.29314151406288147 0.9538247548043728
vt 0.17565947771072388 0.8864758312702179
vt 0.1792214810848236 0.9201199188828468
vt 0.08245249092578888 0.6062914729118347
vt 0.08520127087831497 0.6404387950897217
vt 0.18501441180706024 0.9535751603543758
vt 0.19143149256706238 0.95331946387887
vt 0.3081304728984833 0.8527346700429916
vt 0.20900724828243256 0.8516550809144974
vt 0.19662776589393616 0.8516230285167694
vt 0.21889688074588776 0.9536628648638725
vt 0.22523625195026398 0.9202390164136887
vt 0.22913424670696259 0.8866142556071281
vt 0.21197986602783203 0.974435705691576
vt 0.23187294602394104 0.8521476835012436
vt 0.23187121748924255 0.6744362413883209
vt 0.22785626351833344 0.6745401322841644
vt 0.22785623371601105 0.8522513657808304
vt 0.22785626351833344 0.6745401322841644
vt 0.22085420787334442 0.674214780330658
vt 0.20900727808475494 0.6739438772201538
vt 0.3081304728984833 0.6751261055469513
vt 0.24059931933879852 0.5453009605407715
vt 0.24059931933879852 0.5354495048522949
vt 0.23708520829677582 0.5353111624717712
vt 0.23708520829677582 0.5451626181602478
vt 0.7026551365852356 0.2764355540275574
vt 0.694341778755188 0.2895909547805786
vt 0.6961708068847656 0.2930506467819214
vt 0.7083541750907898 0.2833009958267212
vt 0.22364364564418793 0.5457799434661865
vt 0.23708520829677582 0.5451626181602478
vt 0.23708520829677582 0.5353111624717712
vt 0.22364364564418793 0.53592848777771
vt 0.23708519339561462 0.6298398673534393
vt 0.22364363074302673 0.630457192659378
vt 0.23350372910499573 0.6745112836360931
vt 0.24059930443763733 0.629978209733963
vt 0.23708519339561462 0.6298398673534393
vt 0.23187121748924255 0.6744362413883209
vt 0.22364363074302673 0.630457192659378
vt 0.22085420787334442 0.6303267776966095
vt 0.20900727808475494 0.6300558745861053
vt 0.1862184852361679 0.5352502167224884
vt 0.1862185001373291 0.4959557056427002
vt 0.18260343372821808 0.49601829051971436
vt 0.18260343372821808 0.5353128015995026
vt 0.3081304728984833 0.6312634646892548
vt 0.3800349831581116 0.10860466957092285
vt 0.34194546937942505 0.10861879587173462
vt 0.34194543957710266 0.12033390998840332
vt 0.3800349533557892 0.12031978368759155
vt 0.7057384848594666 0.22733914852142334
vt 0.707152247428894 0.2283409833908081
vt 0.698743462562561 0.2500542998313904
vt 0.6970089673995972 0.24988073110580444
vt 0.6973724365234375 0.26203763484954834
vt 0.6990935802459717 0.2617644667625427
vt 0.7009280323982239 0.2736878991127014
vt 0.7025185227394104 0.2729867100715637
vt 0.7040666341781616 0.2754495143890381
vt 0.7026551365852356 0.2764355540275574
vt 0.7083541750907898 0.2833009958267212
vt 0.7096940279006958 0.2822287082672119
vt 0.7001177668571472 0.244354248046875
vt 0.6982216835021973 0.24485087394714355
vt 0.7043221592903137 0.23349756002426147
vt 0.7014921307563782 0.23865413665771484
vt 0.3805586099624634 0.13673466444015503
vt 0.34246909618377686 0.1367487907409668
vt 0.3427264094352722 0.14183443784713745
vt 0.38081589341163635 0.1418202519416809
vt 0.3803013861179352 0.09730201959609985
vt 0.34221187233924866 0.0973162055015564
vt 0.3804285526275635 0.09480202198028564
vt 0.34233900904655457 0.09481614828109741
vt 0.38089632987976074 0.08788704872131348
vt 0.34280678629875183 0.08790117502212524
vt 0.34345439076423645 0.15015453100204468
vt 0.381543904542923 0.1501404047012329
vt 0.3801681399345398 0.12598437070846558
vt 0.34207862615585327 0.12599855661392212
vt 0.3422117829322815 0.13166314363479614
vt 0.3803013265132904 0.13164901733398438
vt 0.18624472618103027 0.5416296720504761
vt 0.18314585089683533 0.5416648387908936
vt 0.1914987415075302 0.5355839431285858
vt 0.17932792007923126 0.49614882469177246
vt 0.17932792007923126 0.5354433357715607
vt 0.1914987415075302 0.4962894916534424
vt 0.1862185001373291 0.4959557056427002
vt 0.1862184852361679 0.5352502167224884
vt 0.1914987415075302 0.5355839431285858
vt 0.6937922239303589 0.23964375257492065
vt 0.18050014972686768 0.5417906939983368
vt 0.18455545604228973 0.5461027920246124
vt 0.18645837903022766 0.5455228686332703
vt 0.18455545604228973 0.5461027920246124
vt 0.3081304728984833 0.49751752614974976
vt 0.1782718449831009 0.5359547138214111
vt 0.17827185988426208 0.49666017293930054
vt 0.17362453043460846 0.49684542417526245
vt 0.17362453043460846 0.5361399054527283
vt 0.12123946100473404 0.4830390214920044
vt 0.12123946845531464 0.4437671899795532
vt 0.11434800177812576 0.4437258839607239
vt 0.11434800177812576 0.4829977750778198
vt 0.22364364564418793 0.49663400650024414
vt 0.22085422277450562 0.4965035915374756
vt 0.19662781059741974 0.4962006211280823
vt 0.1914987415075302 0.4962894916534424
vt 0.18901591002941132 0.541870504617691
vt 0.20900730788707733 0.49623268842697144
vt 0.107732854783535 0.4528106451034546
vt 0.10459858924150467 0.4528106451034546
vt 0.10495829582214355 0.4565403461456299
vt 0.10689713805913925 0.4566839337348938
vt 0.24059933423995972 0.5002503395080566
vt 0.237085223197937 0.5001120269298553
vt 0.237085223197937 0.5001120269298553
vt 0.22364364564418793 0.49663400650024414
vt 0.7629368305206299 0.29554301500320435
vt 0.756252110004425 0.304984986782074
vt 0.036716993898153305 0.8919563665986061
vt 0.03671694174408913 0.958155132830143
vt 0.04030347615480423 0.9582414589822292
vt 0.06550835072994232 0.891848661005497
vt 0.0534999817609787 0.8921171277761459
vt 0.0534999705851078 0.9577694311738014
vt 0.06550834327936172 0.9575009569525719
vt 0.0763210579752922 0.8913147449493408
vt 0.07632105052471161 0.9569670371711254
vt 0.047307148575782776 0.8195038586854935
vt 0.04111431539058685 0.819496214389801
vt 0.0374482199549675 0.5188984870910645
vt 0.04125267639756203 0.5190988481044769
vt 0.05423695594072342 0.5191148519515991
vt 0.05810319632291794 0.5189239382743835
vt 0.04111432656645775 0.6419888734817505
vt 0.02919541299343109 0.6416909098625183
vt 0.029195399954915047 0.8191982507705688
vt 0.04994317516684532 0.5192108750343323
vt 0.04785334691405296 0.505399614572525
vt 0.05309130623936653 0.6077412664890289
vt 0.06421325355768204 0.607492595911026
vt 0.0619463250041008 0.5737571120262146
vt 0.052375953644514084 0.5739710628986359
vt 0.04772881790995598 0.5192081034183502
vt 0.020726341754198074 0.6069321632385254
vt 0.03058081492781639 0.6074511408805847
vt 0.03300579637289047 0.5737214088439941
vt 0.024526070803403854 0.5732748508453369
vt 0.04551447555422783 0.5192053914070129
vt 0.058259621262550354 0.5401287972927094
vt 0.051212575286626816 0.5402863323688507
vt 0.047355614602565765 0.6077341735363007
vt 0.04744042083621025 0.5739649832248688
vt 0.03694957494735718 0.5401025116443634
vt 0.030705614015460014 0.53977370262146
vt 0.041619911789894104 0.6077271103858948
vt 0.04250488057732582 0.5739589035511017
vt 0.2658955454826355 0.3931446075439453
vt 0.2622731029987335 0.3953244090080261
vt 0.2620072066783905 0.39718377590179443
vt 0.2653769254684448 0.39718377590179443
vt 0.04394413158297539 0.540277361869812
vt 0.018555527552962303 0.6411305665969849
vt 0.06550836563110352 0.6417356729507446
vt 0.0475783571600914 0.5402818620204926
vt 0.053499992936849594 0.6420041620731354
vt 0.061278462409973145 0.5186511278152466
vt 0.05421297997236252 0.5051381886005402
vt 0.08646342903375626 0.6407400667667389
vt 0.08224465698003769 0.6406956315040588
vt 0.08224466443061829 0.8182029873132706
vt 0.08646232634782791 0.8182476907968521
vt 0.0763210654258728 0.8187091052532196
vt 0.08224466443061829 0.8182029873132706
vt 0.06550835818052292 0.8192430287599564
vt 0.01855549030005932 0.8186379075050354
vt 0.053499985486269 0.8195114880800247
vt 0.04730716720223427 0.6419965028762817
vt 0.07867859303951263 0.891112208366394
vt 0.07867857813835144 0.9567644782364368
vt 0.7140531539916992 0.29016637802124023
vt 0.6992531418800354 0.2955074906349182
vt 0.09660399705171585 0.8625793904066086
vt 0.0935605838894844 0.8628046214580536
vt 0.09356057643890381 0.957224901765585
vt 0.09660399705171585 0.956999659538269
vt 0.07867860794067383 0.8467899113893509
vt 0.0935605838894844 0.8628046214580536
vt 0.08784577250480652 0.8181306570768356
vt 0.08646232634782791 0.8182476907968521
vt 0.076321080327034 0.8469924628734589
vt 0.07867860794067383 0.8467899113893509
vt 0.06550837308168411 0.8475263714790344
vt 0.04346108436584473 0.9582077376544476
vt 0.040303438901901245 0.9974909031298012
vt 0.04346108064055443 0.9974571804050356
vt 0.029195407405495644 0.8474815785884857
vt 0.05349999666213989 0.8477948307991028
vt 0.21922607719898224 0.13846546411514282
vt 0.21884365379810333 0.127302885055542
vt 0.1807459592819214 0.12756884098052979
vt 0.18112841248512268 0.1387314796447754
vt 0.757222056388855 0.2972244620323181
vt 0.7526810765266418 0.3059985637664795
vt 0.7395806312561035 0.2992495894432068
vt 0.7279698252677917 0.29655081033706665
vt 0.7273501753807068 0.298150897026062
vt 0.7394039034843445 0.30095261335372925
vt 0.7174659967422485 0.29099345207214355
vt 0.7164456844329834 0.29238152503967285
vt 0.7153214812278748 0.28900790214538574
vt 0.7140531539916992 0.29016637802124023
vt 0.7455439567565918 0.29907774925231934
vt 0.7446707487106323 0.3008027672767639
vt 0.21877841651439667 0.10987842082977295
vt 0.21884362399578094 0.10415613651275635
vt 0.1807459443807602 0.10442215204238892
vt 0.18068073689937592 0.11014437675476074
vt 0.21983447670936584 0.14832764863967896
vt 0.1817367821931839 0.14859366416931152
vt 0.381364107131958 0.08097201585769653
vt 0.381543904542923 0.07893455028533936
vt 0.34345436096191406 0.0789487361907959
vt 0.3432745635509491 0.08098620176315308
vt 0.21877841651439667 0.121451735496521
vt 0.21871317923069 0.11560064554214478
vt 0.18061549961566925 0.11586660146713257
vt 0.18068073689937592 0.12171775102615356
vt 0.7495179772377014 0.3056715130805969
vt 0.7515072226524353 0.2989058494567871
vt 0.03671693801879883 0.9974045525304973
vt 0.28623971343040466 0.4084506034851074
vt 0.2861747741699219 0.3691561222076416
vt 0.2812407314777374 0.368799090385437
vt 0.2813056707382202 0.40809351205825806
vt 0.07632105052471161 0.9962164361495525
vt 0.07867858558893204 0.9960138774476945
vt 0.04823138937354088 0.957763098180294
vt 0.04823136329650879 0.9970125420950353
vt 0.053499966859817505 0.9970188289880753
vt 0.06550834327936172 0.9967503799125552
vt 0.09356057643890381 0.9923836719244719
vt 0.09660399705171585 0.9921584315598011
vt 0.09356057643890381 0.957224901765585
vt 0.07867857813835144 0.9567644782364368
vt 0.07867858558893204 0.9960138774476945
vt 0.09356057643890381 0.9923836719244719
vt 0.2658955454826355 0.40122294425964355
vt 0.2622731029987335 0.3990432024002075
vt 0.23136122524738312 0.8524172604084015
vt 0.23350369930267334 0.8522224873304367
vt 0.23187294602394104 0.8521476835012436
vt 0.08784577995538712 0.6406233310699463
vt 0.08646342903375626 0.6407400667667389
vt 0.30095797777175903 0.3853307366371155
vt 0.30095797777175903 0.3804219961166382
vt 0.2963870167732239 0.3804219961166382
vt 0.2963870167732239 0.3853307366371155
vt 0.2621932327747345 0.40723586082458496
vt 0.26683172583580017 0.40723586082458496
vt 0.26518309116363525 0.40130263566970825
vt 0.2638418972492218 0.40130263566970825
vt 0.11231237649917603 0.39676690101623535
vt 0.10797584801912308 0.39676690101623535
vt 0.10965612530708313 0.4025622010231018
vt 0.11091003566980362 0.4025622010231018
vt 0.3084045946598053 0.4892011880874634
vt 0.30721402168273926 0.4892011880874634
vt 0.30721402168273926 0.49051809310913086
vt 0.3084045946598053 0.49051809310913086
vt 0.12576733529567719 0.3976637125015259
vt 0.12143079191446304 0.3976637125015259
vt 0.12283314019441605 0.4034590721130371
vt 0.12408704310655594 0.4034590721130371
vt 0.27693063020706177 0.4034108519554138
vt 0.2722921371459961 0.4034108519554138
vt 0.273940771818161 0.4091615676879883
vt 0.27528199553489685 0.4091615676879883
vt 0.27711111307144165 0.40143030881881714
vt 0.2721116542816162 0.40143030881881714
vt 0.2722921371459961 0.4034108519554138
vt 0.27693063020706177 0.4034108519554138
vt 0.12597128748893738 0.3956780433654785
vt 0.12129729241132736 0.3956780433654785
vt 0.12143079191446304 0.3976637125015259
vt 0.12576733529567719 0.3976637125015259
vt 0.1124458834528923 0.3947811722755432
vt 0.10777189582586288 0.3947811722755432
vt 0.10797584801912308 0.39676690101623535
vt 0.11231237649917603 0.39676690101623535
vt 0.262012779712677 0.40916091203689575
vt 0.26701220870018005 0.40916091203689575
vt 0.26683172583580017 0.40723586082458496
vt 0.2621932327747345 0.40723586082458496
vt 0.30106428265571594 0.3902885317802429
vt 0.30106428265571594 0.3853797912597656
vt 0.29638755321502686 0.3853797912597656
vt 0.29638755321502686 0.3902885317802429
vt 0.2722921371459961 0.3993745446205139
vt 0.27693063020706177 0.3993745446205139
vt 0.27528199553489685 0.39481276273727417
vt 0.273940771818161 0.39481276273727417
vt 0.30092865228652954 0.3923296332359314
vt 0.29659244418144226 0.3923295736312866
vt 0.2984568476676941 0.39677339792251587
vt 0.2997106611728668 0.39677345752716064
vt 0.3084585666656494 0.49186134338378906
vt 0.30721428990364075 0.49186134338378906
vt 0.30721428990364075 0.49317824840545654
vt 0.3084585666656494 0.49317824840545654
vt 0.27152928709983826 0.3967873454093933
vt 0.267193078994751 0.3967873454093933
vt 0.2684110701084137 0.40123116970062256
vt 0.2696648836135864 0.40123116970062256
vt 0.2527960240840912 0.39738577604293823
vt 0.2481575459241867 0.39738577604293823
vt 0.24980618059635162 0.4020618200302124
vt 0.25114738941192627 0.4020618200302124
vt 0.25297650694847107 0.39539915323257446
vt 0.24797706305980682 0.39539915323257446
vt 0.2481575459241867 0.39738577604293823
vt 0.2527960240840912 0.39738577604293823
vt 0.27173420786857605 0.394802987575531
vt 0.2670605778694153 0.394802987575531
vt 0.267193078994751 0.3967873454093933
vt 0.27152928709983826 0.3967873454093933
vt 0.30106115341186523 0.3903452157974243
vt 0.29638752341270447 0.3903452157974243
vt 0.29659244418144226 0.3923295736312866
vt 0.30092865228652954 0.3923296332359314
vt 0.2721116542816162 0.401358962059021
vt 0.27711111307144165 0.401358962059021
vt 0.27693063020706177 0.3993745446205139
vt 0.2722921371459961 0.3993745446205139
vt 0.30641356110572815 0.3791416883468628
vt 0.30197563767433167 0.3791416883468628
vt 0.30197563767433167 0.3840503692626953
vt 0.30641356110572815 0.3840503692626953
vt 0.2672426998615265 0.40322768688201904
vt 0.2688913345336914 0.40916091203689575
vt 0.27023255825042725 0.40916091203689575
vt 0.27188119292259216 0.40322768688201904
vt 0.24549807608127594 0.40007054805755615
vt 0.24409572780132294 0.3942751884460449
vt 0.24284182488918304 0.3942751884460449
vt 0.2411615401506424 0.40007054805755615
vt 0.30362528562545776 0.3940242528915405
vt 0.3049665093421936 0.3940242528915405
vt 0.3049665093421936 0.39290380477905273
vt 0.30362528562545776 0.39290380477905273
vt 0.3008575737476349 0.40263980627059937
vt 0.29917728900909424 0.39684444665908813
vt 0.29792338609695435 0.39684444665908813
vt 0.29652103781700134 0.40263980627059937
vt 0.30197665095329285 0.38905757665634155
vt 0.30362528562545776 0.39290380477905273
vt 0.3049665093421936 0.39290380477905273
vt 0.3066151440143585 0.38905757665634155
vt 0.104590505361557 0.4527667164802551
vt 0.1061069667339325 0.4525895118713379
vt 0.1061069667339325 0.44803518056869507
vt 0.104590505361557 0.44785797595977783
vt 0.3010615110397339 0.40462547540664673
vt 0.3008575737476349 0.40263980627059937
vt 0.29652103781700134 0.40263980627059937
vt 0.29638752341270447 0.40462547540664673
vt 0.24563157558441162 0.4020562171936035
vt 0.24549807608127594 0.40007054805755615
vt 0.2411615401506424 0.40007054805755615
vt 0.2409575879573822 0.4020562171936035
vt 0.2670622169971466 0.40130263566970825
vt 0.2672426998615265 0.40322768688201904
vt 0.27188119292259216 0.40322768688201904
vt 0.27206167578697205 0.40130263566970825
vt 0.30661478638648987 0.38409948348999023
vt 0.30197665095329285 0.38409948348999023
vt 0.30197665095329285 0.38900822401046753
vt 0.30661478638648987 0.38900822401046753
vt 0.25517538189888 0.39750057458877563
vt 0.2568240165710449 0.4020623564720154
vt 0.25816524028778076 0.4020623564720154
vt 0.2598138749599457 0.39750057458877563
vt 0.11446940153837204 0.3934282660484314
vt 0.11568739265203476 0.39787209033966064
vt 0.11694120615720749 0.39787209033966064
vt 0.11880560219287872 0.3934282660484314
vt 0.30843374133110046 0.4918481707572937
vt 0.30843374133110046 0.4905312657356262
vt 0.3072141408920288 0.4905312657356262
vt 0.3072141408920288 0.4918481707572937
vt 0.30644550919532776 0.39852505922317505
vt 0.30458107590675354 0.3940812349319458
vt 0.3033272624015808 0.3940812349319458
vt 0.3021093010902405 0.39852505922317505
vt 0.12611788511276245 0.3939007520675659
vt 0.12446925789117813 0.39063364267349243
vt 0.12312803417444229 0.39063364267349243
vt 0.12147939950227737 0.3939007520675659
vt 0.12629836797714233 0.39561426639556885
vt 0.12611788511276245 0.3939007520675659
vt 0.12147939950227737 0.3939007520675659
vt 0.12129891663789749 0.39561426639556885
vt 0.30665045976638794 0.40050941705703735
vt 0.30644550919532776 0.39852505922317505
vt 0.3021093010902405 0.39852505922317505
vt 0.3019768297672272 0.40050947666168213
vt 0.11433690786361694 0.3914439082145691
vt 0.11446940153837204 0.3934282660484314
vt 0.11880560219287872 0.3934282660484314
vt 0.11901053041219711 0.3914439082145691
vt 0.2549949288368225 0.39551615715026855
vt 0.25517538189888 0.39750057458877563
vt 0.2598138749599457 0.39750057458877563
vt 0.25999435782432556 0.39551615715026855
vt 0.6928672194480896 0.2664802074432373
vt 0.6081774830818176 0.2664802074432373
vt 0.6081774830818176 0.3083779215812683
vt 0.6928672194480896 0.3083779215812683
vt 0.13684576749801636 0.20512080192565918
vt 0.22153544425964355 0.20512086153030396
vt 0.22153548896312714 0.1977406144142151
vt 0.13684576749801636 0.1977406144142151
vt 0.13684576749801636 0.22062134742736816
vt 0.22153548896312714 0.22062134742736816
vt 0.5178491473197937 0.1889306902885437
vt 0.4641883671283722 0.2032088041305542
vt 0.4728224575519562 0.22300446033477783
vt 0.5178491473197937 0.20192819833755493
vt 0.6080512404441833 0.1438426375389099
vt 0.6674936413764954 0.1438426375389099
vt 0.6674936413764954 0.11654430627822876
vt 0.6138328909873962 0.10226619243621826
vt 0.5178491473197937 0.16163235902786255
vt 0.4584067165851593 0.16163235902786255
vt 0.5178491473197937 0.1343340277671814
vt 0.4641883671283722 0.1200559139251709
vt 0.6138328909873962 0.18541908264160156
vt 0.6674936413764954 0.17114096879959106
vt 0.13684576749801636 0.23612183332443237
vt 0.22153548896312714 0.23612183332443237
vt 0.6928671598434448 0.2254926562309265
vt 0.6081775426864624 0.2254926562309265
vt 0.9351016283035278 0.9995842351054307
vt 0.9351016283035278 0.916431300342083
vt 0.8853744268417358 0.9164312556385994
vt 0.8853744268417358 0.9995841906638816
vt 0.13684576749801636 0.1977406144142151
vt 0.22153548896312714 0.1977406144142151
vt 0.22153544425964355 0.14938175678253174
vt 0.13684576749801636 0.14938175678253174
vt 0.5178491473197937 0.12133657932281494
vt 0.4728224575519562 0.10026025772094727
vt 0.6081775426864624 0.32878947257995605
vt 0.6928672194480896 0.32878947257995605
vt 0.6928672194480896 0.20644032955169678
vt 0.6081774830818176 0.206440269947052
vt 0.6674936413764954 0.1035468578338623
vt 0.6224669814109802 0.08247053623199463
vt 0.13684572279453278 0.24350202083587646
vt 0.22153548896312714 0.24350202083587646
vt 0.6224669814109802 0.20521479845046997
vt 0.6674936413764954 0.1841384768486023
vt 0.6081775426864624 0.39138710498809814
vt 0.6928672194480896 0.39138710498809814
vt 0.6928672194480896 0.3498106598854065
vt 0.6081775426864624 0.3498106598854065
vt 0.8158719539642334 0.9995841460186057
vt 0.8158719539642334 0.9164312556385994
vt 0.8026342988014221 0.9164312556385994
vt 0.8026342988014221 0.9995841460186057
vt 0.8436748385429382 0.9995842348726001
vt 0.8436748385429382 0.916431300342083
vt 0.4430267810821533 0.18893074989318848
vt 0.3893660306930542 0.20320892333984375
vt 0.3980000913143158 0.22300457954406738
vt 0.4430267810821533 0.2019282579421997
vt 0.6935879588127136 0.1405963897705078
vt 0.7530303597450256 0.1405963897705078
vt 0.7530303597450256 0.11329805850982666
vt 0.6993696093559265 0.09901994466781616
vt 0.4430267810821533 0.16163241863250732
vt 0.3835843503475189 0.1616324782371521
vt 0.4430267810821533 0.13433408737182617
vt 0.3893660306930542 0.12005603313446045
vt 0.6993696689605713 0.18217283487319946
vt 0.7530303597450256 0.16789472103118896
vt 0.8714776039123535 0.999584190431051
vt 0.8714776635169983 0.916431300342083
vt 0.6081775426864624 0.4329635500907898
vt 0.6928672194480896 0.43296360969543457
vt 0.5803662538528442 0.1738874316215515
vt 0.5803662538528442 0.09073442220687866
vt 0.5304846167564392 0.09073448181152344
vt 0.5304846167564392 0.1738874316215515
vt 0.24118363857269287 0.40961599349975586
vt 0.24118362367153168 0.4927690029144287
vt 0.2910653054714203 0.4927690625190735
vt 0.2910653054714203 0.40961599349975586
vt 0.4430268108844757 0.12133663892745972
vt 0.3980001211166382 0.10026031732559204
vt 0.6928672790527344 0.33001500368118286
vt 0.6081775426864624 0.3300149440765381
vt 0.6081774830818176 0.4527592062950134
vt 0.6928671598434448 0.4527592658996582
vt 0.7530303597450256 0.10030055046081543
vt 0.7080036997795105 0.07922422885894775
vt 0.8847153186798096 0.9995841460186057
vt 0.8847153782844543 0.9164312109351158
vt 0.7080036997795105 0.2019684910774231
vt 0.7530303597450256 0.18089216947555542
vt 0.3828635513782501 0.3084931969642639
vt 0.29817378520965576 0.3084931969642639
vt 0.29817378520965576 0.34948068857192993
vt 0.38286352157592773 0.34948068857192993
vt 0.3828635513782501 0.23772132396697998
vt 0.2981737554073334 0.23772132396697998
vt 0.29817378520965576 0.24510151147842407
vt 0.38286352157592773 0.24510151147842407
vt 0.38286352157592773 0.222220778465271
vt 0.29817378520965576 0.222220778465271
vt 0.281698614358902 0.20928508043289185
vt 0.22803786396980286 0.22356319427490234
vt 0.23667195439338684 0.24335891008377075
vt 0.281698614358902 0.2222825288772583
vt 0.00029721230384893715 0.1817011833190918
vt 0.05973966047167778 0.1817011833190918
vt 0.05973965302109718 0.15440279245376587
vt 0.006078856531530619 0.14012473821640015
vt 0.2816985845565796 0.1819867491722107
vt 0.2222561538219452 0.1819867491722107
vt 0.2816985547542572 0.15468841791152954
vt 0.22803780436515808 0.14041030406951904
vt 0.006078924518078566 0.22327762842178345
vt 0.059739671647548676 0.20899951457977295
vt 0.38286352157592773 0.2067202925682068
vt 0.2981737554073334 0.2067202925682068
vt 0.38286346197128296 0.2665954828262329
vt 0.29817378520965576 0.2665954828262329
vt 0.38286352157592773 0.15098124742507935
vt 0.2981737554073334 0.15098124742507935
vt 0.29817378520965576 0.1993401050567627
vt 0.38286352157592773 0.1993401050567627
vt 0.9479140043258667 0.16637486219406128
vt 0.9479140043258667 0.0832219123840332
vt 0.8981868028640747 0.0832219123840332
vt 0.8981868028640747 0.1663748025894165
vt 0.2816985547542572 0.1416909098625183
vt 0.23667185008525848 0.12061464786529541
vt 0.29817378520965576 0.36853307485580444
vt 0.38286352157592773 0.36853307485580444
vt 0.38286343216896057 0.2461838722229004
vt 0.2981737554073334 0.2461838722229004
vt 0.05973964184522629 0.14140534400939941
vt 0.01471296139061451 0.12032908201217651
vt 0.38286352157592773 0.1993401050567627
vt 0.29817378520965576 0.1993401050567627
vt 0.014712994918227196 0.24307328462600708
vt 0.059739671647548676 0.2219969630241394
vt 0.596404492855072 0.45701467990875244
vt 0.5771929621696472 0.3715125322341919
vt 0.5747408866882324 0.37159544229507446
vt 0.5870754718780518 0.45733022689819336
vt 0.5718583464622498 0.3716390132904053
vt 0.5761085748672485 0.4574960470199585
vt 0.5688274502754211 0.3716390132904053
vt 0.5645772218704224 0.4574959874153137
vt 0.5659449100494385 0.37159544229507446
vt 0.5536102652549744 0.45733022689819336
vt 0.5634928345680237 0.3715125322341919
vt 0.5442812442779541 0.4570147395133972
vt 0.5442813038825989 0.912882387638092
vt 0.5634928345680237 0.9989589403849095
vt 0.5659449100494385 0.9987984573235735
vt 0.5536103248596191 0.9122718200087547
vt 0.5688274502754211 0.9987140838056803
vt 0.5645772218704224 0.9119508117437363
vt 0.571858286857605 0.9987141727469862
vt 0.5761085152626038 0.9119508564472198
vt 0.5747408866882324 0.9987984573235735
vt 0.5870754718780518 0.9122718200087547
vt 0.5771929025650024 0.9989589848555624
vt 0.596404492855072 0.9128823429346085
vt 0.44675955176353455 0.8768325373530388
vt 0.4275476634502411 0.7907559871673584
vt 0.42509564757347107 0.7909164726734161
vt 0.4374304711818695 0.8774431049823761
vt 0.42221304774284363 0.7910007983446121
vt 0.4264635741710663 0.877764068543911
vt 0.4191822111606598 0.7910009324550629
vt 0.4149322509765625 0.8777641132473946
vt 0.41629964113235474 0.7909165173768997
vt 0.4039652943611145 0.8774431943893433
vt 0.41384756565093994 0.7907559871673584
vt 0.39463624358177185 0.8768326714634895
vt 0.5442812442779541 0.7025972604751587
vt 0.5634928345680237 0.7886738628149033
vt 0.5659448504447937 0.7885134220123291
vt 0.5536102652549744 0.701986700296402
vt 0.5688273906707764 0.7884290516376495
vt 0.5645772218704224 0.7016658186912537
vt 0.571858286857605 0.788429006934166
vt 0.5761085748672485 0.7016657292842865
vt 0.5747408866882324 0.7885134220123291
vt 0.5870754718780518 0.701986700296402
vt 0.5771929025650024 0.7886739075183868
vt 0.5964044332504272 0.7025972604751587
vt 0.635917603969574 0.6027689576148987
vt 0.620892345905304 0.6025417447090149
vt 0.6345474123954773 0.7485560774803162
vt 0.6406229138374329 0.7486479580402374
vt 0.5941244959831238 0.5809270739555359
vt 0.5923606157302856 0.6407323181629181
vt 0.6046362519264221 0.6415356993675232
vt 0.6073835492134094 0.581794798374176
vt 0.5785374641418457 0.580470860004425
vt 0.577929675579071 0.6403099596500397
vt 0.5621483325958252 0.580470860004425
vt 0.5627560615539551 0.6403099596500397
vt 0.5465613007545471 0.5809270739555359
vt 0.5483251214027405 0.6407323181629181
vt 0.5333021283149719 0.5817948877811432
vt 0.5360493659973145 0.6415356695652008
vt 0.3969166576862335 0.9985029503004625
vt 0.39868032932281494 0.9386975765228271
vt 0.3864046335220337 0.9378943182528019
vt 0.3836575448513031 0.9976352225057781
vt 0.412503719329834 0.9989589849719778
vt 0.41311129927635193 0.9391199797391891
vt 0.4288928806781769 0.9989588961470872
vt 0.4282849133014679 0.9391199350357056
vt 0.44447991251945496 0.9985027725342661
vt 0.4427158832550049 0.9386974424123764
vt 0.45773905515670776 0.9976349559146911
vt 0.45499154925346375 0.937894094735384
vt 0.5941245555877686 0.7912121564149857
vt 0.5923606753349304 0.8510174304246902
vt 0.6046363711357117 0.8518208265304565
vt 0.607383668422699 0.7920798808336258
vt 0.5785374641418457 0.7907559424638748
vt 0.577929675579071 0.850595086812973
vt 0.5621483325958252 0.7907559424638748
vt 0.5627561211585999 0.850595086812973
vt 0.5465613007545471 0.7912121564149857
vt 0.5483251214027405 0.8510174304246902
vt 0.5333021283149719 0.7920798808336258
vt 0.5360494256019592 0.851820781826973
vt 0.5465612411499023 0.5781597793102264
vt 0.5483251214027405 0.5183203518390656
vt 0.5360494256019592 0.5179052352905273
vt 0.5333021283149719 0.5777113735675812
vt 0.5621483325958252 0.578395426273346
vt 0.5627561211585999 0.5185385048389435
vt 0.5785374641418457 0.578395426273346
vt 0.577929675579071 0.5185386836528778
vt 0.5941244959831238 0.5781596899032593
vt 0.5923606753349304 0.5183203220367432
vt 0.6073835492134094 0.5777113735675812
vt 0.6046363115310669 0.5179052948951721
vt 0.6101360321044922 0.9564481936395168
vt 0.6101360321044922 0.9409363716840744
vt 0.6082714200019836 0.940646406263113
vt 0.6082714200019836 0.9567381702363491
vt 0.6150180697441101 0.9712008219212294
vt 0.6133359670639038 0.9720423463732004
vt 0.6243041753768921 0.9837501849979162
vt 0.6229692697525024 0.9850608743727207
vt 0.6370854377746582 0.9928677808493376
vt 0.6362283825874329 0.9945193845778704
vt 0.652110755443573 0.9976611991878599
vt 0.6518154144287109 0.9994919915916398
vt 0.6679092645645142 0.9976612103637308
vt 0.6682046055793762 0.999492002709303
vt 0.6829345226287842 0.9928677915595472
vt 0.6837916374206543 0.9945193626917899
vt 0.6957157850265503 0.9837501514703035
vt 0.6970507502555847 0.9850608520209789
vt 0.705001950263977 0.9712008107453585
vt 0.7066840529441833 0.9720423351973295
vt 0.709883987903595 0.9564481824636459
vt 0.7117486000061035 0.9567381590604782
vt 0.7098839282989502 0.9409363381564617
vt 0.7117486000061035 0.9406463727355003
vt 0.705001950263977 0.926183708012104
vt 0.7066840529441833 0.9253421872854233
vt 0.6957157850265503 0.9136343747377396
vt 0.6970506906509399 0.9123236760497093
vt 0.6829345226287842 0.9045167565345764
vt 0.6837915778160095 0.9028651639819145
vt 0.6679092049598694 0.8997233361005783
vt 0.6682045459747314 0.8978925421833992
vt 0.6521106958389282 0.8997233510017395
vt 0.6518153548240662 0.8978925570845604
vt 0.6370853781700134 0.9045167863368988
vt 0.6362283229827881 0.9028652012348175
vt 0.6243041157722473 0.9136344566941261
vt 0.6229692101478577 0.9123237431049347
vt 0.6150180101394653 0.926183819770813
vt 0.613335907459259 0.9253422990441322
vt 0.7388671636581421 0.7520881146192551
vt 0.7238419055938721 0.7525278776884079
vt 0.7191367149353027 0.8966575115919113
vt 0.7252122163772583 0.8964797034859657
vt 0.6081110835075378 0.6021095216274261
vt 0.6293793320655823 0.7483812868595123
vt 0.7080433964729309 0.7525277882814407
vt 0.7127485871315002 0.8966574743390083
vt 0.2081909477710724 0.2446996569633484
vt 0.19540970027446747 0.24553602933883667
vt 0.18175457417964935 0.3899277448654175
vt 0.18692266941070557 0.38958948850631714
vt 0.0717686340212822 0.2444140911102295
vt 0.05898735299706459 0.24525052309036255
vt 0.045332469046115875 0.38964205980300903
vt 0.050500597804784775 0.3893038034439087
vt 0.6930180788040161 0.7520881146192551
vt 0.7066731452941895 0.8964796587824821
vt 0.18038441240787506 0.24597591161727905
vt 0.17567911744117737 0.39010554552078247
vt 0.04396205395460129 0.2456902265548706
vt 0.0392569974064827 0.3898199200630188
vt 0.68023681640625 0.7512515783309937
vt 0.7015050649642944 0.8961414098739624
vt 0.1645859181880951 0.24597591161727905
vt 0.1692909598350525 0.39010554552078247
vt 0.028163515031337738 0.2456902265548706
vt 0.032868873327970505 0.3898199200630188
vt 0.679522693157196 0.6021095216274261
vt 0.6667414307594299 0.6025417447090149
vt 0.6530864834785461 0.7485560178756714
vt 0.6582546234130859 0.7483813166618347
vt 0.14956063032150269 0.245536208152771
vt 0.1632154881954193 0.3899277448654175
vt 0.013138249516487122 0.24525052309036255
vt 0.026793373748660088 0.38964205980300903
vt 0.6517161726951599 0.6027689576148987
vt 0.6470110416412354 0.7486479878425598
vt 0.13677933812141418 0.2446996569633484
vt 0.1580473780632019 0.3895895481109619
vt 0.0003570578701328486 0.2444140911102295
vt 0.021625319495797157 0.38930392265319824
vt 0.751648485660553 0.7512515783309937
vt 0.7303802967071533 0.8961414098739624
vt 0.5215822458267212 0.45701467990875244
vt 0.5023707151412964 0.3715125322341919
vt 0.4999186396598816 0.37159544229507446
vt 0.5122532248497009 0.45733022689819336
vt 0.4970360994338989 0.3716390132904053
vt 0.5012863278388977 0.4574960470199585
vt 0.4940052032470703 0.3716390132904053
vt 0.48975497484207153 0.4574959874153137
vt 0.49112263321876526 0.37159544229507446
vt 0.4787880480289459 0.45733022689819336
vt 0.48867061734199524 0.3715125322341919
vt 0.46945902705192566 0.4570147395133972
vt 0.3946366608142853 0.7025973498821259
vt 0.4138481914997101 0.7886739075183868
vt 0.4163002669811249 0.7885134220123291
vt 0.40396571159362793 0.7019867897033691
vt 0.41918280720710754 0.7884290516376495
vt 0.41493260860443115 0.7016657888889313
vt 0.42221370339393616 0.7884291410446167
vt 0.42646393179893494 0.7016658186912537
vt 0.4250962436199188 0.7885134220123291
vt 0.43743085861206055 0.7019867897033691
vt 0.42754828929901123 0.7886739522218704
vt 0.4467599093914032 0.7025973200798035
vt 0.37193718552589417 0.8768325373530388
vt 0.3527252972126007 0.7907559871673584
vt 0.3502733111381531 0.7909164726734161
vt 0.3626081347465515 0.8774431049823761
vt 0.34739071130752563 0.7910007983446121
vt 0.3516412377357483 0.877764068543911
vt 0.3443598449230194 0.7910009324550629
vt 0.3401098847389221 0.8777641132473946
vt 0.34147730469703674 0.7909165173768997
vt 0.3291429579257965 0.8774431943893433
vt 0.33902522921562195 0.7907559871673584
vt 0.31981390714645386 0.8768326714634895
vt 0.46945899724960327 0.7025973200798035
vt 0.48867055773735046 0.7886739075183868
vt 0.4911225736141205 0.7885134667158127
vt 0.47878798842430115 0.7019867300987244
vt 0.49400511384010315 0.7884290963411331
vt 0.48975491523742676 0.7016658782958984
vt 0.49703601002693176 0.7884290516376495
vt 0.5012862682342529 0.7016657888889313
vt 0.4999185800552368 0.7885134667158127
vt 0.5122532248497009 0.7019867300987244
vt 0.5023705959320068 0.7886739522218704
vt 0.5215821862220764 0.7025973200798035
vt 0.635917603969574 0.7507728189229965
vt 0.620892345905304 0.7505455911159515
vt 0.6345474123954773 0.8965599238872528
vt 0.6406229138374329 0.8966518044471741
vt 0.519302248954773 0.5809271037578583
vt 0.5175383687019348 0.6407323479652405
vt 0.5298139452934265 0.641535758972168
vt 0.5325613021850586 0.5817948579788208
vt 0.5037152171134949 0.5804708898067474
vt 0.5031074285507202 0.6403099894523621
vt 0.4873260259628296 0.5804708898067474
vt 0.48793378472328186 0.6403099894523621
vt 0.4717389941215515 0.5809271037578583
vt 0.47350284457206726 0.6407323479652405
vt 0.4584798812866211 0.581794947385788
vt 0.46122708916664124 0.6415356993675232
vt 0.3220943212509155 0.9985029503004625
vt 0.32385796308517456 0.9386975765228271
vt 0.3115822970867157 0.9378943182528019
vt 0.3088352084159851 0.9976352225057781
vt 0.3376813530921936 0.9989589849719778
vt 0.33828896284103394 0.9391199797391891
vt 0.3540705442428589 0.9989588961470872
vt 0.3534625768661499 0.9391199350357056
vt 0.36965757608413696 0.9985027725342661
vt 0.3678935170173645 0.9386974424123764
vt 0.38291671872138977 0.9976349559146911
vt 0.38016921281814575 0.937894094735384
vt 0.44447994232177734 0.5809271037578583
vt 0.4427160620689392 0.6407324075698853
vt 0.45499175786972046 0.6415357887744904
vt 0.4577390253543854 0.5817948579788208
vt 0.4288928806781769 0.5804708898067474
vt 0.4282850921154022 0.6403100490570068
vt 0.4125036895275116 0.5804708898067474
vt 0.41311147809028625 0.6403100490570068
vt 0.3969166576862335 0.5809271037578583
vt 0.39868053793907166 0.6407324075698853
vt 0.3836575448513031 0.5817948579788208
vt 0.3864048421382904 0.641535758972168
vt 0.4717390239238739 0.5781597793102264
vt 0.47350290417671204 0.5183203518390656
vt 0.4612271785736084 0.5179052352905273
vt 0.4584799110889435 0.5777113735675812
vt 0.487326055765152 0.578395426273346
vt 0.487933874130249 0.5185385048389435
vt 0.5037152171134949 0.578395426273346
vt 0.5031074285507202 0.5185386836528778
vt 0.519302248954773 0.5781596899032593
vt 0.5175384283065796 0.5183203220367432
vt 0.5325613617897034 0.5777113735675812
vt 0.5298140645027161 0.5179052948951721
vt 0.002382025122642517 0.4496105909347534
vt 0.002382025122642517 0.4340987801551819
vt 0.0005173971294425428 0.4338088035583496
vt 0.0005173858371563256 0.4499005675315857
vt 0.007264021318405867 0.4643632173538208
vt 0.005581915844231844 0.46520477533340454
vt 0.016550157219171524 0.47691261768341064
vt 0.015215232968330383 0.4782232642173767
vt 0.029331427067518234 0.4860302209854126
vt 0.028474347665905952 0.4876818060874939
vt 0.04435671120882034 0.4908236265182495
vt 0.04406138136982918 0.49265438318252563
vt 0.060155224055051804 0.4908236265182495
vt 0.06045055016875267 0.4926544427871704
vt 0.07518050074577332 0.4860302209854126
vt 0.07603757828474045 0.4876817464828491
vt 0.08796177804470062 0.47691255807876587
vt 0.08929670602083206 0.4782232642173767
vt 0.09724791347980499 0.4643632173538208
vt 0.09893002361059189 0.46520477533340454
vt 0.10212992876768112 0.4496105909347534
vt 0.10399455577135086 0.4499005675315857
vt 0.10212992131710052 0.4340987205505371
vt 0.10399454832077026 0.4338088035583496
vt 0.0972478911280632 0.4193460941314697
vt 0.0989300012588501 0.41850459575653076
vt 0.08796174824237823 0.40679681301116943
vt 0.08929667621850967 0.4054861068725586
vt 0.07518046349287033 0.3976791501045227
vt 0.07603754103183746 0.3960275650024414
vt 0.06015517935156822 0.3928857445716858
vt 0.06045050546526909 0.3910549283027649
vt 0.044356655329465866 0.3928857445716858
vt 0.0440613254904747 0.39105498790740967
vt 0.029331373050808907 0.3976792097091675
vt 0.028474293649196625 0.3960276246070862
vt 0.016550112515687943 0.4067968726158142
vt 0.015215182676911354 0.40548616647720337
vt 0.007263993378728628 0.4193462133407593
vt 0.0055818879045546055 0.4185047149658203
vt 0.7388671636581421 0.6052280962467194
vt 0.7238419055938721 0.6056678891181946
vt 0.7191367149353027 0.749797523021698
vt 0.7252122163772583 0.7496196925640106
vt 0.6081110835075378 0.750113382935524
vt 0.6293793320655823 0.896385133266449
vt 0.7080433964729309 0.6056677997112274
vt 0.7127485871315002 0.7497974634170532
vt 0.28031668066978455 0.2446996569633484
vt 0.26753541827201843 0.24553602933883667
vt 0.2538802921772003 0.3899277448654175
vt 0.2590484023094177 0.38958948850631714
vt 0.45505577325820923 0.22434532642364502
vt 0.4422744810581207 0.22518175840377808
vt 0.4286195933818817 0.36957329511642456
vt 0.4337877333164215 0.3692350387573242
vt 0.6930180788040161 0.6052280962467194
vt 0.7066731452941895 0.7496196627616882
vt 0.252510130405426 0.24597591161727905
vt 0.24780483543872833 0.39010554552078247
vt 0.4272491931915283 0.22562146186828613
vt 0.42254412174224854 0.3697511553764343
vt 0.68023681640625 0.6043915748596191
vt 0.7015050649642944 0.7492814064025879
vt 0.23671163618564606 0.24597591161727905
vt 0.24141667783260345 0.39010554552078247
vt 0.41145065426826477 0.22562146186828613
vt 0.41615602374076843 0.3697511553764343
vt 0.679522693157196 0.750113382935524
vt 0.6667414307594299 0.7505455911159515
vt 0.6530864834785461 0.8965598791837692
vt 0.6582546234130859 0.8963851779699326
vt 0.22168636322021484 0.245536208152771
vt 0.23534122109413147 0.3899277448654175
vt 0.39642539620399475 0.22518175840377808
vt 0.41008052229881287 0.36957329511642456
vt 0.6517161726951599 0.7507728189229965
vt 0.6470110416412354 0.8966518491506577
vt 0.20890505611896515 0.2446996569633484
vt 0.23017311096191406 0.3895895481109619
vt 0.3836441934108734 0.22434532642364502
vt 0.40491247177124023 0.36923515796661377
vt 0.751648485660553 0.6043915748596191
vt 0.7303802967071533 0.7492814064025879
vt 0.4467598795890808 0.4570147395133972
vt 0.4275483191013336 0.37151259183883667
vt 0.4250962734222412 0.37159550189971924
vt 0.43743085861206055 0.45733022689819336
vt 0.42221373319625854 0.37163907289505005
vt 0.42646393179893494 0.45749610662460327
vt 0.41918283700942993 0.3716390132904053
vt 0.41493257880210876 0.4574960470199585
vt 0.4163002669811249 0.37159550189971924
vt 0.40396568179130554 0.45733022689819336
vt 0.41384822130203247 0.37151259183883667
vt 0.3946366310119629 0.457014799118042
vt 0.46945899724960327 0.912882387638092
vt 0.4886705279350281 0.9989589403849095
vt 0.49112260341644287 0.9987984573235735
vt 0.47878801822662354 0.9122718200087547
vt 0.49400514364242554 0.9987140838056803
vt 0.48975491523742676 0.9119508117437363
vt 0.49703603982925415 0.9987141727469862
vt 0.5012862682342529 0.9119508564472198
vt 0.4999185800552368 0.9987984573235735
vt 0.5122531652450562 0.9122718200087547
vt 0.5023706555366516 0.9989589848555624
vt 0.5215822458267212 0.9128823429346085
vt 0.37193718552589417 0.6665475070476532
vt 0.3527252972126007 0.5804709494113922
vt 0.3502733111381531 0.58063143491745
vt 0.3626081347465515 0.6671580672264099
vt 0.34739071130752563 0.5807157754898071
vt 0.3516412377357483 0.6674790382385254
vt 0.3443598449230194 0.5807158946990967
vt 0.3401098847389221 0.6674790680408478
vt 0.34147730469703674 0.5806314647197723
vt 0.3291429579257965 0.6671581566333771
vt 0.33902522921562195 0.5804709494113922
vt 0.31981390714645386 0.6665476262569427
vt 0.3198142945766449 0.4923122525215149
vt 0.3390258550643921 0.5783888697624207
vt 0.3414779007434845 0.5782284438610077
vt 0.32914331555366516 0.49170172214508057
vt 0.34436044096946716 0.5781440436840057
vt 0.34011024236679077 0.49138081073760986
vt 0.3473913371562958 0.5781440138816833
vt 0.35164159536361694 0.4913807511329651
vt 0.35027390718460083 0.5782284438610077
vt 0.36260852217674255 0.49170172214508057
vt 0.35272592306137085 0.578388899564743
vt 0.37193748354911804 0.4923122525215149
vt 0.635917603969574 0.45476508140563965
vt 0.620892345905304 0.45453786849975586
vt 0.6345474123954773 0.6005522012710571
vt 0.6406229138374329 0.6006440818309784
vt 0.3696575462818146 0.3706420660018921
vt 0.36789366602897644 0.4304473400115967
vt 0.3801692724227905 0.4312506914138794
vt 0.3829165995121002 0.3715097904205322
vt 0.3540705144405365 0.37018585205078125
vt 0.35346272587776184 0.43002498149871826
vt 0.3376813530921936 0.37018585205078125
vt 0.3382891118526459 0.43002498149871826
vt 0.3220943212509155 0.3706420660018921
vt 0.3238581418991089 0.4304473400115967
vt 0.3088351786136627 0.3715099096298218
vt 0.31158241629600525 0.4312506914138794
vt 0.3220943212509155 0.7882179170846939
vt 0.32385796308517456 0.728412538766861
vt 0.3115822970867157 0.7276092767715454
vt 0.3088352084159851 0.7873501926660538
vt 0.3376813530921936 0.7886739522218704
vt 0.33828896284103394 0.7288349568843842
vt 0.3540705442428589 0.7886738628149033
vt 0.3534625768661499 0.7288348972797394
vt 0.36965757608413696 0.7882177382707596
vt 0.3678935170173645 0.7284124195575714
vt 0.38291671872138977 0.7873499244451523
vt 0.38016921281814575 0.7276090681552887
vt 0.519302248954773 0.7912121564149857
vt 0.5175383687019348 0.8510174304246902
vt 0.5298140645027161 0.8518208265304565
vt 0.5325613617897034 0.7920798808336258
vt 0.5037152171134949 0.7907559424638748
vt 0.5031074285507202 0.850595086812973
vt 0.4873260259628296 0.7907559424638748
vt 0.48793381452560425 0.850595086812973
vt 0.4717389941215515 0.7912121564149857
vt 0.47350284457206726 0.8510174304246902
vt 0.4584798812866211 0.7920798808336258
vt 0.461227148771286 0.851820781826973
vt 0.3969166576862335 0.5781598091125488
vt 0.39868053793907166 0.5183204114437103
vt 0.386404812335968 0.5179052948951721
vt 0.3836575448513031 0.5777114033699036
vt 0.4125036895275116 0.5783954560756683
vt 0.41311147809028625 0.5185385644435883
vt 0.4288928508758545 0.5783954560756683
vt 0.42828506231307983 0.5185387432575226
vt 0.44447988271713257 0.5781597197055817
vt 0.4427160322666168 0.5183203518390656
vt 0.4577389657497406 0.5777114033699036
vt 0.4549916982650757 0.5179053246974945
vt 0.13880430161952972 0.4498962163925171
vt 0.13880430161952972 0.43438440561294556
vt 0.13693967461585999 0.4340944290161133
vt 0.1369396597146988 0.45018619298934937
vt 0.14368629455566406 0.4646488428115845
vt 0.14200419187545776 0.46549034118652344
vt 0.15297242999076843 0.47719818353652954
vt 0.1516375094652176 0.4785088896751404
vt 0.16575370728969574 0.4863157868385315
vt 0.164896622300148 0.4879673719406128
vt 0.18077898025512695 0.4911091923713684
vt 0.1804836541414261 0.4929400086402893
vt 0.19657748937606812 0.4911091923713684
vt 0.19687283039093018 0.4929400086402893
vt 0.21160277724266052 0.4863157868385315
vt 0.21245984733104706 0.4879673719406128
vt 0.22438405454158783 0.47719818353652954
vt 0.22571897506713867 0.4785088896751404
vt 0.2336701899766922 0.4646488428115845
vt 0.2353522926568985 0.46549034118652344
vt 0.23855219781398773 0.4498962163925171
vt 0.24041682481765747 0.45018619298934937
vt 0.23855219781398773 0.4343843460083008
vt 0.24041682481765747 0.4340943694114685
vt 0.2336701601743698 0.4196317195892334
vt 0.2353522777557373 0.41879022121429443
vt 0.22438402473926544 0.40708237886428833
vt 0.22571894526481628 0.4057716727256775
vt 0.21160273253917694 0.3979647755622864
vt 0.21245981752872467 0.3963131904602051
vt 0.19657744467258453 0.39317137002944946
vt 0.1968727856874466 0.39134055376052856
vt 0.18077892065048218 0.39317137002944946
vt 0.1804835945367813 0.39134055376052856
vt 0.16575364768505096 0.3979647755622864
vt 0.16489656269550323 0.3963131904602051
vt 0.15297238528728485 0.4070824980735779
vt 0.15163744986057281 0.40577173233032227
vt 0.14368626475334167 0.41963183879852295
vt 0.14200416207313538 0.4187902808189392
vt 0.7388671636581421 0.45836812257766724
vt 0.7238419055938721 0.45880788564682007
vt 0.7191367149353027 0.6029375195503235
vt 0.7252122163772583 0.6027597188949585
vt 0.6081110835075378 0.4541056752204895
vt 0.6293793320655823 0.6003774106502533
vt 0.7080433964729309 0.4588078260421753
vt 0.7127485871315002 0.6029374599456787
vt 0.7650594115257263 0.3072400689125061
vt 0.7522781491279602 0.3080764412879944
vt 0.7386230230331421 0.4524681568145752
vt 0.7437911033630371 0.45212996006011963
vt 0.5298781394958496 0.22434526681900024
vt 0.5170968770980835 0.2251816987991333
vt 0.5034419894218445 0.3695732355117798
vt 0.5086101293563843 0.36923497915267944
vt 0.6930180788040161 0.45836812257766724
vt 0.7066731452941895 0.6027596592903137
vt 0.7372528910636902 0.30851632356643677
vt 0.7325475811958313 0.4526459574699402
vt 0.5020715594291687 0.22562140226364136
vt 0.4973665177822113 0.36975109577178955
vt 0.68023681640625 0.45753157138824463
vt 0.7015050649642944 0.6024214029312134
vt 0.721454381942749 0.30851632356643677
vt 0.726159393787384 0.4526459574699402
vt 0.48627302050590515 0.22562140226364136
vt 0.4909783899784088 0.36975109577178955
vt 0.679522693157196 0.4541056752204895
vt 0.6667414307594299 0.45453786849975586
vt 0.6530864834785461 0.6005521714687347
vt 0.6582546234130859 0.6003774702548981
vt 0.7064290642738342 0.3080766201019287
vt 0.7200839519500732 0.4524681568145752
vt 0.47124776244163513 0.2251816987991333
vt 0.48490288853645325 0.3695732355117798
vt 0.6517161726951599 0.45476508140563965
vt 0.6470110416412354 0.6006441414356232
vt 0.6936478018760681 0.3072400689125061
vt 0.7149158120155334 0.45212996006011963
vt 0.4584665596485138 0.22434526681900024
vt 0.4797348380088806 0.369235098361969
vt 0.751648485660553 0.45753157138824463
vt 0.7303802967071533 0.6024214029312134
vt 0.8228867053985596 0.43034297227859497
vt 0.8239219784736633 0.4116531014442444
vt 0.8192012310028076 0.41158896684646606
vt 0.8161967992782593 0.4302520751953125
vt 0.8151854276657104 0.41146689653396606
vt 0.8105060458183289 0.4300791621208191
vt 0.9005522727966309 0.6032286882400513
vt 0.9049341082572937 0.621382087469101
vt 0.90894615650177 0.621638685464859
vt 0.906237781047821 0.6035923361778259
vt 0.9136646389961243 0.6218149065971375
vt 0.9129244685173035 0.6038419902324677
vt 0.9186276793479919 0.6218935251235962
vt 0.91995769739151 0.6039533913135529
vt 0.9233494997024536 0.6218667328357697
vt 0.9266490936279297 0.6039155423641205
vt 0.8417946696281433 0.6261166036128998
vt 0.8369874954223633 0.6075357794761658
vt 0.8329726457595825 0.6076844930648804
vt 0.836105227470398 0.6263273060321808
vt 0.8282524347305298 0.6077798902988434
vt 0.8294160962104797 0.6264625191688538
vt 0.8232888579368591 0.607812762260437
vt 0.8223820924758911 0.6265091001987457
vt 0.8185677528381348 0.6077798902988434
vt 0.8156917095184326 0.6264625191688538
vt 0.8145512938499451 0.6076844334602356
vt 0.8099998831748962 0.626327246427536
vt 0.8116325736045837 0.6075358092784882
vt 0.8058637380599976 0.6261165738105774
vt 0.7907535433769226 0.8224290013313293
vt 0.786074161529541 0.8038167953491211
vt 0.7820584177970886 0.8039388060569763
vt 0.7850627899169922 0.8226019740104675
vt 0.7773376703262329 0.804003044962883
vt 0.7783728837966919 0.8226929157972336
vt 0.7723739147186279 0.804003044962883
vt 0.771338701248169 0.82269287109375
vt 0.7676531672477722 0.8039388507604599
vt 0.7646488547325134 0.8226019740104675
vt 0.7636374235153198 0.8038168400526047
vt 0.7589580416679382 0.8224290460348129
vt 0.8423015475273132 0.4300791621208191
vt 0.8376221656799316 0.41146695613861084
vt 0.8336064219474792 0.41158902645111084
vt 0.836610734462738 0.4302521347999573
vt 0.9195261001586914 0.6342077553272247
vt 0.926341712474823 0.6341691613197327
vt 0.8288856744766235 0.4116531014442444
vt 0.8299208879470825 0.43034297227859497
vt 0.14443673193454742 0.1482582688331604
vt 0.1536022424697876 0.14845526218414307
vt 0.15647266805171967 0.05752915143966675
vt 0.15276658535003662 0.0574495792388916
vt 0.8314024209976196 0.5040641725063324
vt 0.8310317397117615 0.4675542116165161
vt 0.8217757940292358 0.46755433082580566
vt 0.8214049935340881 0.5040641725063324
vt 0.8409106135368347 0.5039349496364594
vt 0.8398346900939941 0.4674346446990967
vt 0.8489987254142761 0.503689169883728
vt 0.847322940826416 0.46720707416534424
vt 0.7603489756584167 0.896284855902195
vt 0.7614248991012573 0.8597844839096069
vt 0.7539366483688354 0.8595569133758545
vt 0.7522608637809753 0.8960389792919159
vt 0.7698571681976318 0.8964139744639397
vt 0.77022784948349 0.8599041849374771
vt 0.7798546552658081 0.8964140638709068
vt 0.7794838547706604 0.85990409553051
vt 0.7893628478050232 0.8962847664952278
vt 0.7882868051528931 0.8597844839096069
vt 0.7974509596824646 0.8960388898849487
vt 0.7957750558853149 0.8595569133758545
vt 0.8033273816108704 0.8957006856799126
vt 0.8012155890464783 0.8592436760663986
vt 0.8118983507156372 0.7001721262931824
vt 0.8127233982086182 0.6636656224727631
vt 0.8052337169647217 0.6634877026081085
vt 0.8038086295127869 0.6999799311161041
vt 0.8214071393013 0.700238436460495
vt 0.8215269446372986 0.6637269556522369
vt 0.831404447555542 0.7001721262931824
vt 0.8307827711105347 0.6636656820774078
vt 0.8409115076065063 0.699979841709137
vt 0.8395846486091614 0.6634876430034637
vt 0.8489977717399597 0.6996803879737854
vt 0.8470712304115295 0.6632104516029358
vt 0.9226316213607788 0.5313756167888641
vt 0.9216663241386414 0.567572295665741
vt 0.9304712414741516 0.5675224661827087
vt 0.932141900062561 0.5313217639923096
vt 0.9126354455947876 0.5312174558639526
vt 0.9124115109443665 0.5674258768558502
vt 0.9031318426132202 0.5308624505996704
vt 0.9036127924919128 0.5670972168445587
vt 0.895051121711731 0.5303457081317902
vt 0.8961314558982849 0.566618800163269
vt 0.811896800994873 0.5039348602294922
vt 0.8129728436470032 0.4674346446990967
vt 0.8054845929145813 0.46720701456069946
vt 0.8038086295127869 0.5036890804767609
vt 0.7948881387710571 0.8221910297870636
vt 0.0014530494809150696 0.08368617296218872
vt 0.004431108478456736 0.0746869444847107
vt 0.003405013121664524 0.07417362928390503
vt 0.0003156126767862588 0.08350926637649536
vt 0.001453040400519967 0.09314846992492676
vt 0.00031560842762701213 0.09332531690597534
vt 0.004431088455021381 0.10214763879776001
vt 0.0034049961250275373 0.10266095399856567
vt 0.010095678269863129 0.10980284214019775
vt 0.009281364269554615 0.11060237884521484
vt 0.017892325296998024 0.11536461114883423
vt 0.017369505017995834 0.11637210845947266
vt 0.027057835832238197 0.11828863620758057
vt 0.02687768079340458 0.11940544843673706
vt 0.03669501841068268 0.11828863620758057
vt 0.036875173449516296 0.11940544843673706
vt 0.04586054012179375 0.115364670753479
vt 0.046383362263441086 0.11637210845947266
vt 0.05365719273686409 0.10980284214019775
vt 0.05447150766849518 0.11060237884521484
vt 0.05932179465889931 0.10214769840240479
vt 0.06034788489341736 0.10266101360321045
vt 0.062299858778715134 0.09314846992492676
vt 0.06343729048967361 0.09332537651062012
vt 0.062299855053424835 0.08368617296218872
vt 0.06343729048967361 0.08350926637649536
vt 0.059321798384189606 0.0746869444847107
vt 0.060347896069288254 0.07417362928390503
vt 0.053657203912734985 0.06703180074691772
vt 0.054471518844366074 0.06623226404190063
vt 0.04586055502295494 0.061469972133636475
vt 0.04638337343931198 0.06046247482299805
vt 0.03669503703713417 0.05854594707489014
vt 0.03687518462538719 0.05742919445037842
vt 0.027057839557528496 0.05854594707489014
vt 0.026877688243985176 0.05742919445037842
vt 0.01789233088493347 0.06147003173828125
vt 0.017369508743286133 0.06046253442764282
vt 0.010095681063830853 0.06703180074691772
vt 0.009281366132199764 0.06623226404190063
vt 0.9418785572052002 0.3250230550765991
vt 0.9340819120407104 0.32478612661361694
vt 0.9470555782318115 0.4140932559967041
vt 0.9502081274986267 0.41418904066085815
vt 0.16323944926261902 0.14845538139343262
vt 0.16036947071552277 0.0575292706489563
vt 0.9911571741104126 0.21909642219543457
vt 0.9833605289459229 0.21933329105377197
vt 0.9750309586524963 0.30849939584732056
vt 0.9781835079193115 0.3084036111831665
vt 0.4717845618724823 0.010155081748962402
vt 0.4639853239059448 0.010024070739746094
vt 0.4782167673110962 0.09914642572402954
vt 0.48137038946151733 0.09919941425323486
vt 0.172404944896698 0.14825838804244995
vt 0.16407553851604462 0.0574495792388916
vt 0.9741950035095215 0.2194579839706421
vt 0.9713248610496521 0.30854976177215576
vt 0.4583166837692261 0.009774923324584961
vt 0.47592464089393616 0.09904563426971436
vt 0.18020159006118774 0.14788365364074707
vt 0.167228102684021 0.05729800462722778
vt 0.9645578265190125 0.2194579839706421
vt 0.9674280881881714 0.308549702167511
vt 0.9776434302330017 0.32478612661361694
vt 0.9698467254638672 0.3250231146812439
vt 0.9615170955657959 0.41418910026550293
vt 0.9646696448326111 0.4140932559967041
vt 0.4997500777244568 0.009774982929229736
vt 0.4905872046947479 0.010024070739746094
vt 0.4889732003211975 0.09914636611938477
vt 0.4926782250404358 0.09904569387435913
vt 0.9553923010826111 0.21933329105377197
vt 0.9637219905853271 0.30849939584732056
vt 0.9606812596321106 0.3251476287841797
vt 0.9578109979629517 0.41423946619033813
vt 0.48095089197158813 0.010155141353607178
vt 0.48507678508758545 0.09919935464859009
vt 0.9475956559181213 0.21909642219543457
vt 0.960569441318512 0.30840349197387695
vt 0.9510440230369568 0.3251476287841797
vt 0.953914225101471 0.41423946619033813
vt 0.13664008677005768 0.14788347482681274
vt 0.14961400628089905 0.05729800462722778
vt 0.8052839040756226 0.5958563685417175
vt 0.8094968795776367 0.5960709154605865
vt 0.8088793158531189 0.5062203705310822
vt 0.8046663999557495 0.5060058534145355
vt 0.8152943253517151 0.5962086319923401
vt 0.8094968795776367 0.5960709154605865
vt 0.7712733745574951 0.792438805103302
vt 0.7644593119621277 0.7923462241888046
vt 0.9055514931678772 0.6338399350643158
vt 0.912362277507782 0.6340943276882172
vt 0.8292734622955322 0.5962086617946625
vt 0.8221088647842407 0.5962561070919037
vt 0.7852522134780884 0.792346179485321
vt 0.778438150882721 0.7924388498067856
vt 0.8368002772331238 0.3999963402748108
vt 0.8299861550331116 0.400088906288147
vt 0.8160074353218079 0.3999963402748108
vt 0.8102110028266907 0.39982008934020996
vt 0.9273679256439209 0.6217373609542847
vt 0.932141900062561 0.6339822709560394
vt 0.2549351751804352 0.4080844521522522
vt 0.2549351751804352 0.4032108187675476
vt 0.2479868084192276 0.40213024616241455
vt 0.2479868084192276 0.40916502475738525
vt 0.7586629390716553 0.7921700924634933
vt 0.8228214979171753 0.400088906288147
vt 0.8997604846954346 0.6334696412086487
vt 0.8360867500305176 0.5960709154605865
vt 0.7910485863685608 0.7921700477600098
vt 0.8425966501235962 0.39982008934020996
vt 0.9195261001586914 0.6342077553272247
vt 0.912362277507782 0.6340943276882172
vt 0.9108887314796448 0.723812460899353
vt 0.9180525541305542 0.7239258885383606
vt 0.8228214979171753 0.400088906288147
vt 0.8299861550331116 0.400088906288147
vt 0.8299862146377563 0.31023627519607544
vt 0.8228214979171753 0.31023627519607544
vt 0.7852522134780884 0.792346179485321
vt 0.7910485863685608 0.7921700477600098
vt 0.791048526763916 0.7023173868656158
vt 0.7852520942687988 0.7024935483932495
vt 0.926341712474823 0.6341691613197327
vt 0.9248681664466858 0.7238873243331909
vt 0.778438150882721 0.7924388498067856
vt 0.7784380316734314 0.7025862336158752
vt 0.8360867500305176 0.5960709154605865
vt 0.8418818116188049 0.5958563387393951
vt 0.8412642478942871 0.5060057938098907
vt 0.8354691863059998 0.5062203109264374
vt 0.7712733745574951 0.792438805103302
vt 0.7712732553482056 0.7025861442089081
vt 0.8292734622955322 0.5962086617946625
vt 0.8286559581756592 0.5063581466674805
vt 0.8160074353218079 0.3999963402748108
vt 0.8160074353218079 0.31014370918273926
vt 0.7644593119621277 0.7923462241888046
vt 0.7644591927528381 0.7024936079978943
vt 0.8221088647842407 0.5962561070919037
vt 0.8214913606643677 0.5064055323600769
vt 0.8102110028266907 0.39982008934020996
vt 0.8102110624313354 0.3099675178527832
vt 0.7586629390716553 0.7921700924634933
vt 0.7586628198623657 0.7023173868656158
vt 0.8152943253517151 0.5962086319923401
vt 0.814676821231842 0.5063580870628357
vt 0.9055514931678772 0.6338399350643158
vt 0.8997604846954346 0.6334696412086487
vt 0.8982868790626526 0.7231877744197845
vt 0.90407794713974 0.723558098077774
vt 0.8368002772331238 0.3999963402748108
vt 0.8425966501235962 0.39982008934020996
vt 0.842596709728241 0.3099675178527832
vt 0.8368003368377686 0.31014370918273926
vt 0.8685277104377747 0.82269287109375
vt 0.8695629835128784 0.8040030002593994
vt 0.8648421764373779 0.8039388954639435
vt 0.8618378043174744 0.8226019740104675
vt 0.8608264327049255 0.8038167953491211
vt 0.856147050857544 0.8224290460348129
vt 0.90208899974823 0.3833695650100708
vt 0.9064708352088928 0.4015229344367981
vt 0.9104828834533691 0.40177953243255615
vt 0.9077745676040649 0.38373321294784546
vt 0.9152013659477234 0.4019557237625122
vt 0.9144611954689026 0.3839828372001648
vt 0.9201644659042358 0.4020344018936157
vt 0.9214944839477539 0.38409423828125
vt 0.9248862862586975 0.4020075798034668
vt 0.9281858801841736 0.3840563893318176
vt 0.8417946696281433 0.8222915679216385
vt 0.8369874954223633 0.8037107288837433
vt 0.8329726457595825 0.8038594424724579
vt 0.836105227470398 0.8225022554397583
vt 0.8282524347305298 0.8039548248052597
vt 0.8294160962104797 0.8226374536752701
vt 0.8232888579368591 0.8039877116680145
vt 0.8223820924758911 0.8226840645074844
vt 0.8185677528381348 0.8039548248052597
vt 0.8156917095184326 0.8226374536752701
vt 0.8145512938499451 0.8038593977689743
vt 0.8099998831748962 0.8225022107362747
vt 0.8116325736045837 0.8037107735872269
vt 0.8058637380599976 0.8222915232181549
vt 0.7907535433769226 0.6263913512229919
vt 0.786074161529541 0.6077791452407837
vt 0.7820584177970886 0.6079011559486389
vt 0.7850627899169922 0.6265643239021301
vt 0.7773376703262329 0.6079654097557068
vt 0.7783728837966919 0.6266552805900574
vt 0.7723739147186279 0.6079654097557068
vt 0.771338701248169 0.626655250787735
vt 0.7676531672477722 0.6079012155532837
vt 0.7646488547325134 0.6265643239021301
vt 0.7636374235153198 0.6077792048454285
vt 0.7589580416679382 0.6263914108276367
vt 0.8879424929618835 0.8224290460348129
vt 0.8832631707191467 0.8038168847560883
vt 0.8792474269866943 0.8039389401674271
vt 0.8822517395019531 0.8226020187139511
vt 0.9210628867149353 0.4143486022949219
vt 0.9278784394264221 0.4143100380897522
vt 0.8745266199111938 0.8040030002593994
vt 0.8755618333816528 0.82269287109375
vt 0.305764764547348 0.149857759475708
vt 0.3149302899837494 0.15005475282669067
vt 0.31780070066452026 0.05912870168685913
vt 0.3140946328639984 0.05904906988143921
vt 0.8770434260368347 0.8964140638709068
vt 0.8766726851463318 0.8599041402339935
vt 0.8674167394638062 0.8599042296409607
vt 0.8670459389686584 0.8964140638709068
vt 0.886551558971405 0.896284855902195
vt 0.8854756951332092 0.8597845286130905
vt 0.8946397304534912 0.8960390686988831
vt 0.8929639458656311 0.8595570027828217
vt 0.7603489756584167 0.7002472281455994
vt 0.7614248991012573 0.6637468338012695
vt 0.7539366483688354 0.6635192632675171
vt 0.7522608637809753 0.7000013291835785
vt 0.7698571681976318 0.7003763318061829
vt 0.77022784948349 0.6638665497303009
vt 0.7798546552658081 0.70037642121315
vt 0.7794838547706604 0.6638664603233337
vt 0.7893628478050232 0.7002471387386322
vt 0.7882868051528931 0.6637468338012695
vt 0.7974509596824646 0.7000012397766113
vt 0.7957750558853149 0.6635192632675171
vt 0.8033273816108704 0.6996630430221558
vt 0.8012155890464783 0.6632060408592224
vt 0.8118983507156372 0.8963470906019211
vt 0.8127233982086182 0.8598405867815018
vt 0.8052337169647217 0.8596626371145248
vt 0.8038086295127869 0.8961548879742622
vt 0.8214071393013 0.8964133784174919
vt 0.8215269446372986 0.8599019050598145
vt 0.831404447555542 0.8963470906019211
vt 0.8307827711105347 0.8598406314849854
vt 0.8409115076065063 0.8961547985672951
vt 0.8395846486091614 0.8596625924110413
vt 0.8489977717399597 0.8958553373813629
vt 0.8470712304115295 0.8593854010105133
vt 0.9241683483123779 0.3115164637565613
vt 0.9232030510902405 0.3477131724357605
vt 0.9320079684257507 0.34766334295272827
vt 0.9336786866188049 0.3114626407623291
vt 0.9141721725463867 0.31135833263397217
vt 0.9139482975006104 0.34756672382354736
vt 0.9046685695648193 0.31100332736968994
vt 0.9051495790481567 0.34723806381225586
vt 0.8965878486633301 0.3104865550994873
vt 0.897668182849884 0.3467596173286438
vt 0.8575378060340881 0.8962847664952278
vt 0.8586137890815735 0.8597845286130905
vt 0.8511255383491516 0.8595569133758545
vt 0.849449634552002 0.8960389792919159
vt 0.7948881387710571 0.6261534094810486
vt 0.3847401738166809 0.06361740827560425
vt 0.3877182602882385 0.054618239402770996
vt 0.3866921365261078 0.05410486459732056
vt 0.38360273838043213 0.06344050168991089
vt 0.3847401738166809 0.07307970523834229
vt 0.38360273838043213 0.07325661182403564
vt 0.38771823048591614 0.08207893371582031
vt 0.3866921365261078 0.08259224891662598
vt 0.39338281750679016 0.08973407745361328
vt 0.3925684988498688 0.09053361415863037
vt 0.4011794626712799 0.09529590606689453
vt 0.40065664052963257 0.09630340337753296
vt 0.4103449881076813 0.09821993112564087
vt 0.41016483306884766 0.09933674335479736
vt 0.4199821650981903 0.09821993112564087
vt 0.4201623201370239 0.09933674335479736
vt 0.4291476905345917 0.09529590606689453
vt 0.429670512676239 0.09630340337753296
vt 0.4369443356990814 0.08973413705825806
vt 0.4377586543560028 0.09053367376327515
vt 0.44260892271995544 0.08207893371582031
vt 0.4436350166797638 0.08259230852127075
vt 0.44558700919151306 0.07307976484298706
vt 0.44672444462776184 0.07325661182403564
vt 0.4455869793891907 0.06361746788024902
vt 0.44672444462776184 0.06344056129455566
vt 0.44260892271995544 0.054618239402770996
vt 0.4436350464820862 0.05410492420196533
vt 0.4369443356990814 0.04696303606033325
vt 0.4377586543560028 0.04616349935531616
vt 0.4291476905345917 0.04140126705169678
vt 0.429670512676239 0.04039376974105835
vt 0.4199821650981903 0.03847724199295044
vt 0.4201623201370239 0.037360429763793945
vt 0.4103449881076813 0.03847724199295044
vt 0.41016483306884766 0.03736048936843872
vt 0.4011794626712799 0.04140126705169678
vt 0.40065664052963257 0.04039376974105835
vt 0.39338281750679016 0.04696309566497803
vt 0.3925684988498688 0.04616355895996094
vt 0.9418785572052002 0.4153709411621094
vt 0.9340819120407104 0.4151340126991272
vt 0.9470555782318115 0.504441112279892
vt 0.9502081274986267 0.5045369565486908
vt 0.3245674669742584 0.15005487203598022
vt 0.32169750332832336 0.059128761291503906
vt 0.9858227372169495 0.8074839115142822
vt 0.9780260920524597 0.8077208250761032
vt 0.9696964621543884 0.8968868926167488
vt 0.9728490710258484 0.8967911005020142
vt 0.961837649345398 0.07729917764663696
vt 0.9540384411811829 0.07716816663742065
vt 0.9682698845863342 0.1662905216217041
vt 0.9714235067367554 0.16634351015090942
vt 0.3337329924106598 0.14985787868499756
vt 0.3254035711288452 0.05904906988143921
vt 0.9688605666160583 0.8078454881906509
vt 0.965990424156189 0.8969372808933258
vt 0.9483698010444641 0.07691901922225952
vt 0.9659777283668518 0.16618973016738892
vt 0.34152963757514954 0.14948314428329468
vt 0.3285561501979828 0.05889749526977539
vt 0.9592233896255493 0.8078454881906509
vt 0.9620936512947083 0.8969372361898422
vt 0.9776434302330017 0.4151340126991272
vt 0.9698467254638672 0.41537100076675415
vt 0.9615170955657959 0.5045369863510132
vt 0.9646696448326111 0.504441112279892
vt 0.98980313539505 0.0769190788269043
vt 0.9806402921676636 0.07716816663742065
vt 0.9790263175964355 0.16629046201705933
vt 0.9827313423156738 0.1661897897720337
vt 0.950057864189148 0.8077208250761032
vt 0.958387553691864 0.8968868926167488
vt 0.9606812596321106 0.41549551486968994
vt 0.9578109979629517 0.504587322473526
vt 0.9710040092468262 0.07729923725128174
vt 0.9751299023628235 0.16634345054626465
vt 0.9422612190246582 0.8074839115142822
vt 0.955234944820404 0.896791011095047
vt 0.9510440230369568 0.41549551486968994
vt 0.953914225101471 0.5045873820781708
vt 0.2979681193828583 0.14948296546936035
vt 0.31094205379486084 0.05889749526977539
vt 0.8052839040756226 0.792031317949295
vt 0.8094968795776367 0.7922458797693253
vt 0.8088793158531189 0.7023953199386597
vt 0.8046663999557495 0.702180802822113
vt 0.8152943253517151 0.7923835664987564
vt 0.8094968795776367 0.7922458797693253
vt 0.7712733745574951 0.596401184797287
vt 0.7644593119621277 0.5963085889816284
vt 0.9070882797241211 0.41398078203201294
vt 0.9138990640640259 0.4142351746559143
vt 0.8292734622955322 0.79238361120224
vt 0.8221088647842407 0.7924310714006424
vt 0.7852522134780884 0.5963085293769836
vt 0.778438150882721 0.5964012145996094
vt 0.8824412226676941 0.7923462241888046
vt 0.8756271600723267 0.792438805103302
vt 0.8616483807563782 0.7923462241888046
vt 0.855851948261261 0.7921700030565262
vt 0.92890465259552 0.4018782377243042
vt 0.9336786866188049 0.4141231179237366
vt 0.2619530260562897 0.4080844521522522
vt 0.2619530260562897 0.4032108187675476
vt 0.2550046741962433 0.40213024616241455
vt 0.2550046741962433 0.40916502475738525
vt 0.7586629390716553 0.5961324572563171
vt 0.8684624433517456 0.792438805103302
vt 0.9012972116470337 0.4136105179786682
vt 0.8360867500305176 0.7922458797693253
vt 0.7910485863685608 0.5961323976516724
vt 0.8882376551628113 0.7921700030565262
vt 0.9210628867149353 0.4143486022949219
vt 0.9138990640640259 0.4142351746559143
vt 0.9124255180358887 0.5039533078670502
vt 0.9195892810821533 0.5040667355060577
vt 0.8684624433517456 0.792438805103302
vt 0.8756271600723267 0.792438805103302
vt 0.8756272196769714 0.7025862038135529
vt 0.8684625029563904 0.7025862038135529
vt 0.7852522134780884 0.5963085293769836
vt 0.7910485863685608 0.5961323976516724
vt 0.791048526763916 0.5062797665596008
vt 0.7852520942687988 0.5064559280872345
vt 0.9278784394264221 0.4143100380897522
vt 0.9264048933982849 0.5040281713008881
vt 0.778438150882721 0.5964012145996094
vt 0.7784380316734314 0.5065486133098602
vt 0.8360867500305176 0.7922458797693253
vt 0.8418818116188049 0.7920312881469727
vt 0.8412642478942871 0.7021807432174683
vt 0.8354691863059998 0.7023952603340149
vt 0.7712733745574951 0.596401184797287
vt 0.7712732553482056 0.5065485239028931
vt 0.8292734622955322 0.79238361120224
vt 0.8286559581756592 0.702533096075058
vt 0.8616483807563782 0.7923462241888046
vt 0.861648440361023 0.7024936079978943
vt 0.7644593119621277 0.5963085889816284
vt 0.7644591927528381 0.5064559578895569
vt 0.8221088647842407 0.7924310714006424
vt 0.8214913606643677 0.7025804817676544
vt 0.855851948261261 0.7921700030565262
vt 0.8558520078659058 0.7023174464702606
vt 0.7586629390716553 0.5961324572563171
vt 0.7586628198623657 0.5062797665596008
vt 0.8152943253517151 0.7923835664987564
vt 0.814676821231842 0.7025330364704132
vt 0.9070882797241211 0.41398078203201294
vt 0.9012972116470337 0.4136105179786682
vt 0.8998236656188965 0.5033286213874817
vt 0.9056147336959839 0.5036989450454712
vt 0.8824412226676941 0.7923462241888046
vt 0.8882376551628113 0.7921700030565262
vt 0.888237714767456 0.7023174464702606
vt 0.8824412822723389 0.7024936079978943
vt 0.8685277104377747 0.6266552805900574
vt 0.8695629835128784 0.6079654097557068
vt 0.8648421764373779 0.6079013049602509
vt 0.8618378043174744 0.6265643835067749
vt 0.8608264327049255 0.6077792048454285
vt 0.856147050857544 0.6263914406299591
vt 0.7718076109886169 0.3833695650100708
vt 0.7761894464492798 0.4015229344367981
vt 0.7802014946937561 0.40177953243255615
vt 0.7774931788444519 0.38373321294784546
vt 0.7849199771881104 0.4019557237625122
vt 0.7841798067092896 0.3839828372001648
vt 0.7898830771446228 0.4020344018936157
vt 0.7912130951881409 0.38409423828125
vt 0.7946048974990845 0.4020075798034668
vt 0.7979044914245605 0.3840563893318176
vt 0.5684471726417542 0.2953851819038391
vt 0.5636399984359741 0.2768043279647827
vt 0.5596251487731934 0.2769530415534973
vt 0.5627577304840088 0.29559582471847534
vt 0.5549049377441406 0.27704840898513794
vt 0.5560685992240906 0.2957310676574707
vt 0.54994136095047 0.27708131074905396
vt 0.549034595489502 0.29577767848968506
vt 0.5452202558517456 0.27704840898513794
vt 0.5423442125320435 0.2957310676574707
vt 0.5412037968635559 0.27695298194885254
vt 0.5366523861885071 0.29559582471847534
vt 0.5382850766181946 0.2768043875694275
vt 0.5325162410736084 0.29538512229919434
vt 0.110873743891716 0.31559139490127563
vt 0.10619433969259262 0.2969791889190674
vt 0.10217861831188202 0.2971011996269226
vt 0.10518297553062439 0.3157643675804138
vt 0.09745783358812332 0.2971654534339905
vt 0.09849309176206589 0.31585532426834106
vt 0.09249412268400192 0.2971654534339905
vt 0.09145890921354294 0.3158552646636963
vt 0.08777333796024323 0.2971012592315674
vt 0.08476901799440384 0.3157643675804138
vt 0.08375760912895203 0.29697924852371216
vt 0.07907824963331223 0.3155914545059204
vt 0.8879424929618835 0.6263914406299591
vt 0.8832631707191467 0.6077792942523956
vt 0.8792474269866943 0.6079013347625732
vt 0.8822517395019531 0.6265644133090973
vt 0.7907814979553223 0.4143486022949219
vt 0.7975970506668091 0.4143100380897522
vt 0.8745266199111938 0.6079654097557068
vt 0.8755618333816528 0.6266552805900574
vt 0.8115971684455872 0.1358533501625061
vt 0.8207626938819885 0.13605034351348877
vt 0.823633074760437 0.04512429237365723
vt 0.8199270367622375 0.045044660568237305
vt 0.8770434260368347 0.7003764808177948
vt 0.8766726851463318 0.6638665497303009
vt 0.8674167394638062 0.6638666391372681
vt 0.8670459389686584 0.7003764808177948
vt 0.886551558971405 0.7002472579479218
vt 0.8854756951332092 0.6637469232082367
vt 0.8946397304534912 0.7000014781951904
vt 0.8929639458656311 0.663519412279129
vt 0.08046916872262955 0.38944727182388306
vt 0.08154509216547012 0.3529468774795532
vt 0.07405684888362885 0.3527193069458008
vt 0.07238102704286575 0.38920140266418457
vt 0.08997734636068344 0.38957637548446655
vt 0.09034804999828339 0.3530665636062622
vt 0.09997484087944031 0.3895764946937561
vt 0.099604032933712 0.35306650400161743
vt 0.1094830259680748 0.3894471526145935
vt 0.10840701311826706 0.3529468774795532
vt 0.11757117509841919 0.389201283454895
vt 0.11589525640010834 0.3527193069458008
vt 0.12344755977392197 0.38886308670043945
vt 0.12133580446243286 0.3524060845375061
vt 0.538550853729248 0.3694406747817993
vt 0.539375901222229 0.3329342007637024
vt 0.5318862199783325 0.3327562212944031
vt 0.5304611325263977 0.36924850940704346
vt 0.5480596423149109 0.36950695514678955
vt 0.5481794476509094 0.3329954743385315
vt 0.5580569505691528 0.3694406747817993
vt 0.5574352741241455 0.3329342007637024
vt 0.5675640106201172 0.3692483901977539
vt 0.5662371516227722 0.3327562212944031
vt 0.5756502747535706 0.36894893646240234
vt 0.5737237334251404 0.33247900009155273
vt 0.7938869595527649 0.3115164637565613
vt 0.7929216623306274 0.3477131724357605
vt 0.8017265796661377 0.34766334295272827
vt 0.8033972978591919 0.3114626407623291
vt 0.7838907837867737 0.31135833263397217
vt 0.7836669087409973 0.34756672382354736
vt 0.7743871808052063 0.31100332736968994
vt 0.7748681902885437 0.34723806381225586
vt 0.766306459903717 0.3104865550994873
vt 0.767386794090271 0.3467596173286438
vt 0.8575378060340881 0.7002471685409546
vt 0.8586137890815735 0.6637469232082367
vt 0.8511255383491516 0.6635193228721619
vt 0.849449634552002 0.7000013887882233
vt 0.11500833183526993 0.3153534531593323
vt 0.22341199219226837 0.08397173881530762
vt 0.2263900488615036 0.07497256994247437
vt 0.22536395490169525 0.07445919513702393
vt 0.2222745418548584 0.08379483222961426
vt 0.22341197729110718 0.09343403577804565
vt 0.2222745418548584 0.09361094236373901
vt 0.2263900190591812 0.10243326425552368
vt 0.22536392509937286 0.10294657945632935
vt 0.23205462098121643 0.11008840799331665
vt 0.23124030232429504 0.11088794469833374
vt 0.23985126614570618 0.1156502366065979
vt 0.23932844400405884 0.11665773391723633
vt 0.24901677668094635 0.11857426166534424
vt 0.24883662164211273 0.11969107389450073
vt 0.2586539685726166 0.11857426166534424
vt 0.2588340938091278 0.11969107389450073
vt 0.26781946420669556 0.1156502366065979
vt 0.2683422863483429 0.11665773391723633
vt 0.2756161391735077 0.11008846759796143
vt 0.2764304578304291 0.11088800430297852
vt 0.2812807261943817 0.10243326425552368
vt 0.28230682015419006 0.10294663906097412
vt 0.28425878286361694 0.09343409538269043
vt 0.2853962182998657 0.09361094236373901
vt 0.28425878286361694 0.08397179841995239
vt 0.2853962182998657 0.08379489183425903
vt 0.2812807261943817 0.07497256994247437
vt 0.28230682015419006 0.0744592547416687
vt 0.2756161391735077 0.06731736660003662
vt 0.2764304578304291 0.06651782989501953
vt 0.26781949400901794 0.061755597591400146
vt 0.2683423161506653 0.06074810028076172
vt 0.2586539685726166 0.05883157253265381
vt 0.2588341236114502 0.057714760303497314
vt 0.24901677668094635 0.05883157253265381
vt 0.24883662164211273 0.057714760303497314
vt 0.23985126614570618 0.061755597591400146
vt 0.23932844400405884 0.06074810028076172
vt 0.23205462098121643 0.0673174262046814
vt 0.23124030232429504 0.0665178894996643
vt 0.8587749004364014 0.04684251546859741
vt 0.8509782552719116 0.04660564661026001
vt 0.8639519214630127 0.1359127163887024
vt 0.8671044707298279 0.13600856065750122
vt 0.8303998708724976 0.13605046272277832
vt 0.8275299072265625 0.045124351978302
vt 0.9791295528411865 0.9100993722677231
vt 0.9713329076766968 0.9103362783789635
vt 0.9630033373832703 0.9995023490046151
vt 0.9661558866500854 0.9994065568316728
vt 0.5439102649688721 0.0008272528648376465
vt 0.5361109972000122 0.0006962418556213379
vt 0.5503424406051636 0.08981859683990479
vt 0.5534960627555847 0.08987158536911011
vt 0.8395653963088989 0.13585346937179565
vt 0.831235945224762 0.045044660568237305
vt 0.9621673822402954 0.9104609489440918
vt 0.959297239780426 0.9995527332066558
vt 0.5304423570632935 0.0004470944404602051
vt 0.5480503439903259 0.0897178053855896
vt 0.8473620414733887 0.13547873497009277
vt 0.8343885540962219 0.044893085956573486
vt 0.9525302052497864 0.9104609489440918
vt 0.9554004669189453 0.9995526887651067
vt 0.8945397734642029 0.04660564661026001
vt 0.8867431282997131 0.04684263467788696
vt 0.8784134387969971 0.136008620262146
vt 0.881566047668457 0.1359127163887024
vt 0.5718757510185242 0.00044715404510498047
vt 0.5627129077911377 0.0006962418556213379
vt 0.5610988736152649 0.08981853723526001
vt 0.5648038983345032 0.08971786499023438
vt 0.943364679813385 0.9103362783789635
vt 0.9516943693161011 0.9995023490046151
vt 0.8775776028633118 0.04696708917617798
vt 0.8747074007987976 0.13605892658233643
vt 0.5530766248703003 0.0008273124694824219
vt 0.5572024583816528 0.08987152576446533
vt 0.9355680346488953 0.9100993722677231
vt 0.9485418200492859 0.9994064679485746
vt 0.8679404258728027 0.04696708917617798
vt 0.8708105683326721 0.1360589861869812
vt 0.8038005232810974 0.13547855615615845
vt 0.8167744278907776 0.044893085956573486
vt 0.5319364070892334 0.2651249170303345
vt 0.5361493825912476 0.2653394937515259
vt 0.5355318188667297 0.1754888892173767
vt 0.5313189029693604 0.17527437210083008
vt 0.5419468283653259 0.26547718048095703
vt 0.5361493825912476 0.2653394937515259
vt 0.09139358252286911 0.2856011986732483
vt 0.08457950502634048 0.2855086326599121
vt 0.7768068909645081 0.41398078203201294
vt 0.7836176753044128 0.4142351746559143
vt 0.5559259653091431 0.2654772400856018
vt 0.5487613677978516 0.265524685382843
vt 0.10537241399288177 0.28550857305526733
vt 0.09855832904577255 0.28560125827789307
vt 0.8824412226676941 0.5963086187839508
vt 0.8756271600723267 0.5964012145996094
vt 0.8616483807563782 0.5963086187839508
vt 0.855851948261261 0.5961323976516724
vt 0.798623263835907 0.4018782377243042
vt 0.8033972978591919 0.4141231179237366
vt 0.2479173243045807 0.4080844521522522
vt 0.2479173243045807 0.4032108187675476
vt 0.2409689575433731 0.40213024616241455
vt 0.2409689575433731 0.40916502475738525
vt 0.07878311723470688 0.28533250093460083
vt 0.8684624433517456 0.5964012145996094
vt 0.7710158228874207 0.4136105179786682
vt 0.5627392530441284 0.2653394937515259
vt 0.11116880178451538 0.28533244132995605
vt 0.8882376551628113 0.5961323976516724
vt 0.7907814979553223 0.4143486022949219
vt 0.7836176753044128 0.4142351746559143
vt 0.7821441292762756 0.5039533078670502
vt 0.7893078923225403 0.5040667355060577
vt 0.8684624433517456 0.5964012145996094
vt 0.8756271600723267 0.5964012145996094
vt 0.8756272196769714 0.5065486133098602
vt 0.8684625029563904 0.5065486133098602
vt 0.10537241399288177 0.28550857305526733
vt 0.11116880178451538 0.28533244132995605
vt 0.11116869002580643 0.19547981023788452
vt 0.10537230223417282 0.1956559419631958
vt 0.7975970506668091 0.4143100380897522
vt 0.7961235046386719 0.5040281713008881
vt 0.09855832904577255 0.28560125827789307
vt 0.098558209836483 0.19574862718582153
vt 0.5627392530441284 0.2653394937515259
vt 0.5685343146324158 0.2651248574256897
vt 0.567916750907898 0.17527437210083008
vt 0.5621216893196106 0.1754888892173767
vt 0.09139358252286911 0.2856011986732483
vt 0.09139347076416016 0.19574856758117676
vt 0.5559259653091431 0.2654772400856018
vt 0.55530846118927 0.1756266951560974
vt 0.8616483807563782 0.5963086187839508
vt 0.861648440361023 0.5064560174942017
vt 0.08457950502634048 0.2855086326599121
vt 0.08457939326763153 0.19565600156784058
vt 0.5487613677978516 0.265524685382843
vt 0.5481438636779785 0.17567408084869385
vt 0.855851948261261 0.5961323976516724
vt 0.8558520078659058 0.506279855966568
vt 0.07878311723470688 0.28533250093460083
vt 0.07878299802541733 0.19547981023788452
vt 0.5419468283653259 0.26547718048095703
vt 0.5413293242454529 0.17562663555145264
vt 0.7768068909645081 0.41398078203201294
vt 0.7710158228874207 0.4136105179786682
vt 0.7695422768592834 0.5033286213874817
vt 0.7753333449363708 0.5036989450454712
vt 0.8824412226676941 0.5963086187839508
vt 0.8882376551628113 0.5961323976516724
vt 0.888237714767456 0.506279855966568
vt 0.8824412822723389 0.5064560174942017
vt 0.2963891625404358 0.44122737646102905
vt 0.2968790829181671 0.4424489140510559
vt 0.2980618476867676 0.4429548382759094
vt 0.29971590638160706 0.4429548382759094
vt 0.3008986711502075 0.4424489140510559
vt 0.30138859152793884 0.44122737646102905
vt 0.12629836797714233 0.4903494715690613
vt 0.12129892408847809 0.4903494715690613
vt 0.12129891663789749 0.49172472953796387
vt 0.12178883701562881 0.49262839555740356
vt 0.12297160178422928 0.493002712726593
vt 0.12462567538022995 0.493002712726593
vt 0.125808447599411 0.49262839555740356
vt 0.12629836797714233 0.49172472953796387
vt 0.10777352005243301 0.44212251901626587
vt 0.10826344043016434 0.44290852546691895
vt 0.1094462051987648 0.4432341456413269
vt 0.11110028624534607 0.4432341456413269
vt 0.11228305101394653 0.44290852546691895
vt 0.11277296394109726 0.44212251901626587
vt 0.27715378999710083 0.40101659297943115
vt 0.27898597717285156 0.40101659297943115
vt 0.2801899313926697 0.40053558349609375
vt 0.280688613653183 0.39937424659729004
vt 0.280688613653183 0.39775019884109497
vt 0.2801899313926697 0.39658886194229126
vt 0.27898597717285156 0.39610785245895386
vt 0.27715378999710083 0.39610785245895386
vt 0.7572449445724487 0.9995512309251353
vt 0.7572449445724487 0.9546743258833885
vt 0.7127113342285156 0.9546743407845497
vt 0.7127113342285156 0.9634199663996696
vt 0.7130960822105408 0.9662893414497375
vt 0.7176621556282043 0.9771127942949533
vt 0.7249257564544678 0.9864071067422628
vt 0.7296587824821472 0.9899729937314987
vt 0.7343918085098267 0.9935388807207346
vt 0.7399035692214966 0.9957804861478508
vt 0.7454153299331665 0.9980220966972411
vt 0.15613482892513275 0.6014987528324127
vt 0.7572449445724487 0.909797415137291
vt 0.7454152703285217 0.9113265573978424
vt 0.7399035096168518 0.9135681688785553
vt 0.7343918085098267 0.9158097803592682
vt 0.7296587824821472 0.9193756729364395
vt 0.724925696849823 0.9229415655136108
vt 0.7176620960235596 0.93223587423563
vt 0.713096022605896 0.9430593363940716
vt 0.7127112746238708 0.9459287114441395
vt 0.7690746188163757 0.9980220855213702
vt 0.7745863795280457 0.9957804749719799
vt 0.7800980806350708 0.993538866750896
vt 0.784831166267395 0.9899729741737247
vt 0.7895641922950745 0.9864070815965533
vt 0.7968277931213379 0.9771127700805664
vt 0.8013938665390015 0.9662893153727055
vt 0.8017786145210266 0.9634199403226376
vt 0.8017786145210266 0.9546743109822273
vt 0.07867859303951263 0.891112208366394
vt 0.8017786145210266 0.9459286853671074
vt 0.8013938665390015 0.9430593103170395
vt 0.7968277931213379 0.9322358518838882
vt 0.7895641922950745 0.922941543161869
vt 0.7848311066627502 0.9193756505846977
vt 0.7800980806350708 0.915809765458107
vt 0.7745863199234009 0.9135681614279747
vt 0.7690746188163757 0.9113265499472618
vt 0.5837395191192627 0.25656598806381226
vt 0.5861915349960327 0.25831514596939087
vt 0.5890740752220154 0.2592347264289856
vt 0.592104971408844 0.2592347264289856
vt 0.5949875116348267 0.25831514596939087
vt 0.5974395871162415 0.25656598806381226
vt 0.5992211103439331 0.2541584372520447
vt 0.6001577377319336 0.25132817029953003
vt 0.6001577377319336 0.2483522891998291
vt 0.5992211103439331 0.24552202224731445
vt 0.5974395871162415 0.24311447143554688
vt 0.5949875712394714 0.24136531352996826
vt 0.5921050310134888 0.24044567346572876
vt 0.5890741348266602 0.24044567346572876
vt 0.5861915946006775 0.24136531352996826
vt 0.5837395191192627 0.24311447143554688
vt 0.581957995891571 0.24552202224731445
vt 0.5810214281082153 0.2483522891998291
vt 0.5810214281082153 0.25132817029953003
vt 0.581957995891571 0.2541584372520447
vt 0.9533084034919739 0.1844748854637146
vt 0.9495535492897034 0.18954920768737793
vt 0.9475795030593872 0.19551444053649902
vt 0.9475795030593872 0.20178663730621338
vt 0.9495535492897034 0.20775187015533447
vt 0.9533084034919739 0.2128261923789978
vt 0.9584764838218689 0.21651291847229004
vt 0.9645519852638245 0.21845108270645142
vt 0.970940113067627 0.21845108270645142
vt 0.9770156145095825 0.21651285886764526
vt 0.9821836948394775 0.2128261923789978
vt 0.985938549041748 0.2077518105506897
vt 0.9879125952720642 0.2017865777015686
vt 0.9879125952720642 0.19551438093185425
vt 0.9859384894371033 0.18954914808273315
vt 0.9821836948394775 0.18447482585906982
vt 0.9770155549049377 0.18078815937042236
vt 0.9709400534629822 0.1788499355316162
vt 0.9645519256591797 0.1788499355316162
vt 0.9584764838218689 0.18078815937042236
vt 0.5837395191192627 0.2755429148674011
vt 0.5861915349960327 0.27729207277297974
vt 0.5890740752220154 0.27821171283721924
vt 0.592104971408844 0.27821171283721924
vt 0.5949875116348267 0.27729207277297974
vt 0.5974395871162415 0.2755429148674011
vt 0.5992211103439331 0.27313536405563354
vt 0.6001577377319336 0.2703050971031189
vt 0.6001577377319336 0.26732921600341797
vt 0.5992211103439331 0.2644990086555481
vt 0.5974395871162415 0.26209139823913574
vt 0.5949875712394714 0.26034224033355713
vt 0.5921050310134888 0.2594226598739624
vt 0.5890741348266602 0.2594226002693176
vt 0.5861915946006775 0.26034224033355713
vt 0.5837395191192627 0.26209139823913574
vt 0.581957995891571 0.2644989490509033
vt 0.5810214281082153 0.26732921600341797
vt 0.5810214281082153 0.2703050971031189
vt 0.581957995891571 0.27313536405563354
vt 0.18634994328022003 0.05059784650802612
vt 0.18259508907794952 0.05567216873168945
vt 0.18062107264995575 0.06163740158081055
vt 0.18062107264995575 0.0679095983505249
vt 0.18259508907794952 0.073874831199646
vt 0.18634995818138123 0.07894915342330933
vt 0.19151805341243744 0.08263587951660156
vt 0.1975935399532318 0.08457404375076294
vt 0.2039816677570343 0.08457404375076294
vt 0.21005713939666748 0.08263587951660156
vt 0.2152252346277237 0.07894915342330933
vt 0.2189800888299942 0.073874831199646
vt 0.22095412015914917 0.0679095983505249
vt 0.22095412015914917 0.06163734197616577
vt 0.21898005902767181 0.05567216873168945
vt 0.2152252197265625 0.05059778690338135
vt 0.2100571095943451 0.04691112041473389
vt 0.20398162305355072 0.044972896575927734
vt 0.19759349524974823 0.044972896575927734
vt 0.19151802361011505 0.04691112041473389
vt 0.5837395191192627 0.29451984167099
vt 0.5861915349960327 0.2962689995765686
vt 0.5890740752220154 0.2971886396408081
vt 0.592104971408844 0.2971886396408081
vt 0.5949875116348267 0.2962690591812134
vt 0.5974395871162415 0.29451984167099
vt 0.5992211103439331 0.2921122908592224
vt 0.6001577377319336 0.28928208351135254
vt 0.6001577377319336 0.28630614280700684
vt 0.5992211103439331 0.28347593545913696
vt 0.5974395871162415 0.2810683846473694
vt 0.5949875712394714 0.279319167137146
vt 0.5921050310134888 0.27839958667755127
vt 0.5890741348266602 0.27839958667755127
vt 0.5861915946006775 0.279319167137146
vt 0.5837395191192627 0.2810683250427246
vt 0.581957995891571 0.2834758758544922
vt 0.5810214281082153 0.28630614280700684
vt 0.5810214281082153 0.28928202390670776
vt 0.581957995891571 0.2921122908592224
vt 0.34767797589302063 0.04440420866012573
vt 0.3439231216907501 0.04947853088378906
vt 0.34194910526275635 0.055443763732910156
vt 0.34194910526275635 0.06171596050262451
vt 0.3439231216907501 0.06768125295639038
vt 0.34767797589302063 0.07275551557540894
vt 0.35284608602523804 0.07644224166870117
vt 0.3589215576648712 0.07838046550750732
vt 0.3653097152709961 0.07838046550750732
vt 0.3713851869106293 0.07644224166870117
vt 0.3765532672405243 0.07275551557540894
vt 0.3803081214427948 0.0676811933517456
vt 0.3822821378707886 0.06171596050262451
vt 0.3822821378707886 0.055443763732910156
vt 0.3803080916404724 0.04947853088378906
vt 0.3765532672405243 0.04440420866012573
vt 0.3713851273059845 0.040717482566833496
vt 0.3653096556663513 0.038779258728027344
vt 0.35892152786254883 0.03877931833267212
vt 0.35284605622291565 0.04071754217147827
vt 0.6044479608535767 0.30392998456954956
vt 0.6021575331687927 0.300834596157074
vt 0.5990049242973328 0.2985856533050537
vt 0.5952988862991333 0.29740333557128906
vt 0.5914020538330078 0.29740333557128906
vt 0.5876960158348083 0.2985856533050537
vt 0.5845434069633484 0.300834596157074
vt 0.5822529196739197 0.3039299249649048
vt 0.5810487270355225 0.3075687885284424
vt 0.5810487270355225 0.3113948702812195
vt 0.5822529196739197 0.3150336742401123
vt 0.5845434069633484 0.3181290626525879
vt 0.5876959562301636 0.3203779458999634
vt 0.5914020538330078 0.3215603232383728
vt 0.5952988266944885 0.3215603232383728
vt 0.5990049242973328 0.32037800550460815
vt 0.6021575331687927 0.3181290626525879
vt 0.6044480204582214 0.3150336742401123
vt 0.6056521534919739 0.3113948702812195
vt 0.6056521534919739 0.3075687885284424
vt 0.7365393042564392 0.06638848781585693
vt 0.7387533187866211 0.05969804525375366
vt 0.7387533187866211 0.052663326263427734
vt 0.7365393042564392 0.04597294330596924
vt 0.732327938079834 0.040281713008880615
vt 0.7265315651893616 0.03614675998687744
vt 0.7197175025939941 0.03397291898727417
vt 0.7125527262687683 0.03397291898727417
vt 0.7057386636734009 0.03614681959152222
vt 0.6999422907829285 0.04028165340423584
vt 0.6957309246063232 0.04597294330596924
vt 0.6935169100761414 0.05266338586807251
vt 0.6935169100761414 0.05969810485839844
vt 0.6957309246063232 0.06638854742050171
vt 0.6999422907829285 0.07207971811294556
vt 0.7057387232780457 0.07621461153030396
vt 0.7125527858734131 0.07838845252990723
vt 0.7197175025939941 0.07838845252990723
vt 0.7265315651893616 0.07621455192565918
vt 0.7323279976844788 0.07207971811294556
vt 0.6044479608535767 0.3283284902572632
vt 0.6021575331687927 0.3252331018447876
vt 0.5990049242973328 0.3229842185974121
vt 0.5952988862991333 0.32180190086364746
vt 0.5914020538330078 0.3218018412590027
vt 0.5876960158348083 0.32298415899276733
vt 0.5845434069633484 0.3252331018447876
vt 0.5822529196739197 0.3283284902572632
vt 0.5810487270355225 0.331967294216156
vt 0.5810487270355225 0.3357933759689331
vt 0.5822529196739197 0.3394321799278259
vt 0.5845434069633484 0.3425275683403015
vt 0.5876959562301636 0.3447765111923218
vt 0.5914020538330078 0.3459588289260864
vt 0.5952988266944885 0.3459588289260864
vt 0.5990049242973328 0.3447765111923218
vt 0.6021575331687927 0.3425275683403015
vt 0.6044480204582214 0.3394322395324707
vt 0.6056521534919739 0.3357933759689331
vt 0.6056521534919739 0.331967294216156
vt 0.6510025858879089 0.06963473558425903
vt 0.6532166004180908 0.06294429302215576
vt 0.6532166004180908 0.05590963363647461
vt 0.6510025858879089 0.04921919107437134
vt 0.6467912793159485 0.043527960777282715
vt 0.6409948468208313 0.039393067359924316
vt 0.6341807842254639 0.037219226360321045
vt 0.6270160675048828 0.037219226360321045
vt 0.6202019453048706 0.039393067359924316
vt 0.6144055724143982 0.043527960777282715
vt 0.610194206237793 0.04921925067901611
vt 0.6079801917076111 0.05590963363647461
vt 0.6079801917076111 0.06294435262680054
vt 0.6101942658424377 0.06963479518890381
vt 0.6144055724143982 0.07532596588134766
vt 0.6202020049095154 0.07946091890335083
vt 0.6270160675048828 0.08163470029830933
vt 0.6341808438301086 0.0816347599029541
vt 0.6409949064254761 0.07946085929870605
vt 0.6467912793159485 0.07532596588134766
vt 0.6044479608535767 0.3527269959449768
vt 0.6021575331687927 0.349631667137146
vt 0.5990049242973328 0.34738272428512573
vt 0.5952988862991333 0.3462004065513611
vt 0.5914020538330078 0.3462004065513611
vt 0.5876960158348083 0.34738272428512573
vt 0.5845434069633484 0.3496316075325012
vt 0.5822529196739197 0.3527269959449768
vt 0.5810487270355225 0.35636579990386963
vt 0.5810487270355225 0.36019188165664673
vt 0.5822529196739197 0.3638307452201843
vt 0.5845434069633484 0.3669261336326599
vt 0.5876959562301636 0.3691750168800354
vt 0.5914020538330078 0.37035733461380005
vt 0.5952988266944885 0.37035733461380005
vt 0.5990049242973328 0.3691750168800354
vt 0.6021575331687927 0.3669261336326599
vt 0.6044480204582214 0.3638307452201843
vt 0.6056521534919739 0.36019188165664673
vt 0.6056521534919739 0.35636579990386963
vt 0.9411867260932922 0.07058405876159668
vt 0.9434007406234741 0.06389361619949341
vt 0.9434007406234741 0.056858956813812256
vt 0.9411867260932922 0.050168514251708984
vt 0.9369754195213318 0.04447728395462036
vt 0.9311789870262146 0.04034233093261719
vt 0.9243649244308472 0.038168489933013916
vt 0.9172002077102661 0.038168489933013916
vt 0.9103860855102539 0.04034239053726196
vt 0.9045897126197815 0.044477224349975586
vt 0.9003783464431763 0.050168514251708984
vt 0.8981643319129944 0.056858956813812256
vt 0.8981643319129944 0.06389367580413818
vt 0.900378406047821 0.07058411836624146
vt 0.9045897126197815 0.0762752890586853
vt 0.9103861451148987 0.0804101824760437
vt 0.9172002077102661 0.08258402347564697
vt 0.9243649840354919 0.08258402347564697
vt 0.9311790466308594 0.0804101824760437
vt 0.9369754195213318 0.0762752890586853
vn 0.9238532575646774 0.0003623716224724847 -0.3827466879986568
vn 0.9659218227354914 0.0000738980548188519 -0.25883397555657817
vn 0.9238947387942008 0.0006862459518940301 -0.3826461037236486
vn 0.7688838871793312 0.6052958059042475 -0.20599649363697695
vn 0.6893580286787171 0.6052938411033101 -0.3980010982630499
vn 0.0000032580012429926426 0.9999999999939762 -0.0000011971401871965082
vn 0.39800106616458075 0.6052938041469051 -0.6893580796605094
vn 0.20602431743001898 0.605293263451738 -0.76887843372502
vn 0.20602431743001898 0.605293263451738 -0.76887843372502
vn 0.000004359426416245561 0.605294158415752 -0.7960018729681242
vn 0.0000032580012429926426 0.9999999999939762 -0.0000011971401871965082
vn 0.7960074743402442 0.6052867921857007 -9.861373514099659e-8
vn 0.5628586128743324 0.6052937478660826 -0.5628584730706411
vn 0.7259885992008587 0.6850690086248877 0.06017480579186163
vn 0.7447987983770328 0.3808449297195245 0.5479342017460294
vn 0.8749916006785958 0.46577408151353 0.13207650711665725
vn 0.7933323775350192 0.000678256378326382 -0.6087883694050991
vn 0.707118133904989 0.00007270673588249999 -0.7070954245478162
vn 0.793413681155623 0.0003567101194437275 -0.6086826786700719
vn 0.323200996434029 0.4658147945916835 -0.8237461338565167
vn -0.10206017957363547 0.3809246570941376 -0.9189559975119108
vn 0.31100467469991194 0.6852038698376347 -0.6586135050804314
vn 0.7070888697503463 -0.000006419803248277215 -0.707124692139911
vn 0.9659371821430244 -0.000005669713018387798 -0.25877666069691857
vn -0.7688785385478223 0.6052943878166851 -0.2060206228468144
vn 0.0000032580012429926426 0.9999999999939762 -0.0000011971401871965082
vn -0.6893574177720462 0.6052944837062324 -0.3980011790905426
vn -0.39800189727940255 0.6052937394472603 -0.6893576566253169
vn -0.20602080297700381 0.6052937626388434 -0.7688789824486179
vn 0.000004359426416245561 0.605294158415752 -0.7960018729681242
vn -0.7960015939729395 0.6052945253283945 -1.1540045705444081e-7
vn 0.0000032580012429926426 0.9999999999939762 -0.0000011971401871965082
vn -0.7688785385478223 0.6052943878166851 -0.2060206228468144
vn -0.5628580664668362 0.6052941543814806 -0.5628585823142634
vn -0.4978372400949629 0.028680119696167055 -0.8667961312262785
vn -0.8552566573452169 0.035512664075340136 -0.5169863641886101
vn -0.7933265662903976 0.000016858740494764 -0.6087963197438617
vn -0.4198464117230406 0.060894891950524846 -0.9055500001091165
vn -0.8264297941081572 0.06254249258720444 -0.5595553878136893
vn 0.25982276340683425 0.05003694148821753 -0.9643590804789164
vn 0.1313872838053985 0.06660556586865071 -0.9890910373921891
vn 0.25611467621181166 0.13872186817354526 -0.9566407454835699
vn -0.2561142990618488 0.13872188864287172 -0.9566408434869444
vn -0.13138680680184564 0.06660564029007138 -0.9890910957439484
vn -0.2598227895057766 0.050036905233316414 -0.9643590753283288
vn 0.9238521096235672 0.0003630285298711951 0.38274945820258294
vn 0.9238927734577226 0.0006868689072577664 0.3826508478544136
vn 0.9659217819933896 0.0000743933392970487 0.2588341274568442
vn 0.7688837091844034 0.6052961247711939 0.20599622105225426
vn 0.0000032580012429926426 0.9999999999939762 -0.0000011971401871965082
vn 0.6893577703474342 0.6052943705365021 0.39800074052498174
vn 0.3980014735913709 0.6052945360168158 0.6893572018099795
vn 0.20602414882199252 0.6052942750498364 0.7688776825308864
vn 0.0000035729077720463894 0.6052951959379215 0.7960010840204351
vn 0.7960074743402442 0.6052867921857007 -9.861373514099659e-8
vn 0.0000032580012429926426 0.9999999999939762 -0.0000011971401871965082
vn 0.7688837091844034 0.6052961247711939 0.20599622105225426
vn 0.5628587613081228 0.6052943203242009 0.5628577090188508
vn 0.7259868042892913 0.6850707707658533 -0.06017639936139491
vn 0.874991156721229 0.4657745626193158 -0.1320777516330099
vn 0.7447994447192914 0.38084129002608397 -0.5479358529582665
vn 0.7933297419668632 0.0006795535149569963 0.6087918024397259
vn 0.7934122518313651 0.0003578922823609293 0.6086845410859362
vn 0.7071186404798636 0.00007403146566438263 0.7070949178188535
vn 0.3232013795205694 0.46581639784617807 0.8237450769343704
vn 0.31100157156618363 0.6852068181190761 0.6586119030859489
vn -0.10206027260963653 0.38092526610191957 0.9189557347337401
vn 0.7070888101487652 -0.000005062575246023861 0.7071247517494873
vn 0.9659371637883293 -0.000005164295043910402 0.2587767292201679
vn -0.7688785344120851 0.6052945112954827 0.20602027549706606
vn -0.689358219615975 0.6052941602472679 0.3980002821838797
vn 0.0000032580012429926426 0.9999999999939762 -0.0000011971401871965082
vn -0.39800109009511 0.605294780418285 0.6893572086237179
vn -0.20602068922252206 0.6052947882333671 0.7688782055370019
vn -0.20602068922252206 0.6052947882333671 0.7688782055370019
vn 0.0000035729077720463894 0.6052951959379215 0.7960010840204351
vn 0.0000032580012429926426 0.9999999999939762 -0.0000011971401871965082
vn -0.7960015939729395 0.6052945253283945 -1.1540045705444081e-7
vn -0.5628588413270098 0.6052943377837594 0.562857610223879
vn -0.49783703439643306 0.028681784530647434 0.8667961942806982
vn -0.793326725609116 0.00001808089595003697 0.6087961120994444
vn -0.8552567013941047 0.035513643998187905 0.5169862240045137
vn -0.8264303932397484 0.06254291062558158 0.5595544562060741
vn -0.4198473024442499 0.060897060948675974 0.9055494412775592
vn -0.8552567013941047 0.035513643998187905 0.5169862240045137
vn -0.4198473024442499 0.060897060948675974 0.9055494412775592
vn -0.49783703439643306 0.028681784530647434 0.8667961942806982
vn 0.25982281275739655 0.050038881693365435 0.9643589665107657
vn 0.25611462493069004 0.13872370431337863 0.9566404929534326
vn 0.13138730714687755 0.0666075539136057 0.9890909004142835
vn -0.25611424619243106 0.13872376862599337 0.9566405850242213
vn -0.25982278520913243 0.05003886350101964 0.9643589748769363
vn -0.13138680736230227 0.06660766904379317 0.9890909590506294
vn 0 -1.6292067894774215e-7 -0.9999999999999867
vn 6.357922263519876e-8 0.2964605360050726 -0.9550451039566565
vn 6.357922263519876e-8 0.2964605360050726 -0.9550451039566565
vn 0 -1.6292067894774215e-7 -0.9999999999999867
vn 0.9999999999999993 -6.051885409352016e-15 -3.7146207887416894e-8
vn 0.9999999999999998 -3.798356088862526e-15 -2.3314143504648802e-8
vn 1 -4.042498078757633e-16 -2.481267635801e-9
vn 1 -4.042498078757633e-16 -2.481267635801e-9
vn 0 -0.9668878564105802 0.2552016322944534
vn 0 -0.9668878564105802 0.2552016322944534
vn 0 -0.9927396075844418 -0.12028329698294997
vn 0 -0.9927396075844418 -0.12028329698294997
vn 6.357922263519876e-8 0.2964605360050726 -0.9550451039566565
vn 6.357922263519876e-8 0.2964605360050726 -0.9550451039566565
vn 1.2144204595276192e-7 0.5662664728735299 -0.8242222283458249
vn 1.2144204595276192e-7 0.5662664728735299 -0.8242222283458249
vn 0.19949617665552827 -0.1584353963216576 0.9670054295050393
vn -0.19949662889602407 -0.15843540045591847 0.9670053355289695
vn -0.18644490588814328 -0.15885045017484342 0.9695384631604931
vn 0.1864444676685714 -0.15885043008848201 0.9695385507221913
vn 0.9849782623276432 -0.02791958534071281 0.17040633643271375
vn 0.9718640881022176 -0.038083768130559956 0.23244315619570893
vn -1 -2.629697701653623e-15 -1.614096944990685e-8
vn -1 -2.0212495820136833e-16 -1.2406341509674071e-9
vn -1 -2.0212495820136833e-16 -1.2406341509674071e-9
vn -1 -1.6610425160531553e-15 -1.0195406296986543e-8
vn 0.6617093579488393 -0.12122538363970972 0.7398953520359078
vn 0.7290111784993049 -0.11067400145807478 0.6754953493728234
vn 0.7290111784993049 -0.11067400145807478 0.6754953493728234
vn 0.6617093579488393 -0.12122538363970972 0.7398953520359078
vn -0.9849780366816049 -0.027919801769376563 0.17040760524110882
vn -0.9718640428246557 -0.03808380733445847 0.23244333908165155
vn -0.6617096416108188 -0.12122538845934597 0.7398950975592165
vn -0.7290103060850885 -0.11067416865828514 0.6754962635081877
vn -0.7290103060850885 -0.11067416865828514 0.6754962635081877
vn -0.6617096416108188 -0.12122538845934597 0.7398950975592165
vn 0 1.6292067894774215e-7 0.9999999999999867
vn 0 1.6292067894774215e-7 0.9999999999999867
vn 6.505150983357748e-8 0.29646084719825033 0.9550450073575021
vn 6.505150983357748e-8 0.29646084719825033 0.9550450073575021
vn 0.9999999999999998 3.212410277462707e-15 1.9717633747972934e-8
vn 1 2.0212490393788164e-16 1.2406338179005e-9
vn 1 2.0212490393788164e-16 1.2406338179005e-9
vn 1 2.0112409712996015e-15 1.2344909094963279e-8
vn 0 -0.9668879395657752 -0.2552013172423878
vn 0 -0.9927395950813749 0.12028340017503744
vn 0 -0.9927395950813749 0.12028340017503744
vn 0 -0.9668879395657752 -0.2552013172423878
vn 1.2425424596102774e-7 0.5662667414391898 0.8242220438327442
vn 1.2425424596102774e-7 0.5662667414391898 0.8242220438327442
vn 0.19949620527175344 -0.15843571047003996 -0.9670053721309019
vn 0.18644451081809058 -0.1588507446802554 -0.9695384908812703
vn -0.18644494903765657 -0.15885076476658497 -0.9695384033195472
vn -0.19949665657027169 -0.15843574365849472 -0.9670052735888585
vn 0.9849782598265349 -0.0279196407952508 -0.17040634180380473
vn 0.9718640847359984 -0.03808384373824403 -0.2324431578824838
vn -1 8.49231073094343e-17 5.212543174870565e-10
vn -1 2.1234154277209095e-16 1.3033431001119142e-9
vn -1 4.0424991640273666e-16 2.4812683019348143e-9
vn -1 4.0424991640273666e-16 2.4812683019348143e-9
vn 0.7290112102557622 -0.1106741965811398 -0.6754952831312356
vn 0.6617093591441516 -0.12122561004603057 -0.7398953138721748
vn 0.7290112102557622 -0.1106741965811398 -0.6754952831312356
vn 0.6617093591441516 -0.12122561004603057 -0.7398953138721748
vn -0.9849780366303814 -0.027919859156413672 -0.17040759613481138
vn -0.7290103609598813 -0.11067441784715 -0.6754961634586372
vn -0.6617096410131624 -0.12122563688885207 -0.7398950573906573
vn -0.9718640494192169 -0.03808388705781224 -0.23244329844727726
vn -0.7290103609598813 -0.11067441784715 -0.6754961634586372
vn -0.6617096410131624 -0.12122563688885207 -0.7398950573906573
vn -1 -4.9292050532232e-16 -3.0255244976018106e-9
vn -1 -4.9292050532232e-16 -3.0255244976018106e-9
vn -1 -4.9292050532232e-16 -3.0255244976018106e-9
vn -1 -4.9292050532232e-16 -3.0255244976018106e-9
vn 0 -1.6292067894774215e-7 -0.9999999999999867
vn 0 -1.6292067894774215e-7 -0.9999999999999867
vn 0 -1.6292067894774215e-7 -0.9999999999999867
vn 0 -1.6292067894774215e-7 -0.9999999999999867
vn 1 -9.8584101064464e-16 -6.051048995203621e-9
vn 1 -9.8584101064464e-16 -6.051048995203621e-9
vn 1 -9.8584101064464e-16 -6.051048995203621e-9
vn 1 -9.8584101064464e-16 -6.051048995203621e-9
vn 0 1.6292067894774215e-7 0.9999999999999867
vn 0 1.6292067894774215e-7 0.9999999999999867
vn 0 1.6292067894774215e-7 0.9999999999999867
vn 0 1.6292067894774215e-7 0.9999999999999867
vn 0 -0.9774068052239498 -0.2113668306568269
vn 0 -0.9774068052239498 -0.2113668306568269
vn 0 -0.9774068052239498 -0.2113668306568269
vn 0 -0.9774068052239498 -0.2113668306568269
vn 0 0.4218899647282377 -0.9066470413902017
vn 0 0.4218899647282377 -0.9066470413902017
vn 0 0.4218899647282377 -0.9066470413902017
vn 0 0.4218899647282377 -0.9066470413902017
vn -1 4.9292050532232e-16 3.0255244976018106e-9
vn -1 4.9292050532232e-16 3.0255244976018106e-9
vn -1 4.9292050532232e-16 3.0255244976018106e-9
vn -1 4.9292050532232e-16 3.0255244976018106e-9
vn 0 1.6292067894774215e-7 0.9999999999999867
vn 0 1.6292067894774215e-7 0.9999999999999867
vn 0 1.6292067894774215e-7 0.9999999999999867
vn 0 1.6292067894774215e-7 0.9999999999999867
vn 1 4.9292050532232e-16 3.0255244976018106e-9
vn 1 4.9292050532232e-16 3.0255244976018106e-9
vn 1 4.9292050532232e-16 3.0255244976018106e-9
vn 1 4.9292050532232e-16 3.0255244976018106e-9
vn 0 -1.6292067894774215e-7 -0.9999999999999867
vn 0 -1.6292067894774215e-7 -0.9999999999999867
vn 0 -1.6292067894774215e-7 -0.9999999999999867
vn 0 -1.6292067894774215e-7 -0.9999999999999867
vn 0 -0.9774067363518429 0.21136714913637633
vn 0 -0.9774067363518429 0.21136714913637633
vn 0 -0.9774067363518429 0.21136714913637633
vn 0 -0.9774067363518429 0.21136714913637633
vn 0 0.4218902601513185 0.9066469039209547
vn 0 0.4218902601513185 0.9066469039209547
vn 0 0.4218902601513185 0.9066469039209547
vn 0 0.4218902601513185 0.9066469039209547
vn -0.0000012081568456768125 -0.9999999999990167 7.119729101827996e-7
vn -3.710222529201837e-7 -0.9999999999982163 0.0000018519460180915607
vn -0.000006621017746333601 -0.9999999999726983 0.0000032811216722725876
vn -0.000005296817107502126 -0.9999999999826691 0.0000025700825798233742
vn 0.499999769381773 -7.610051066500508e-7 -0.8660255369315588
vn 0.70704905107753 -0.00004318579816759564 -0.7071645052640518
vn 0.4999996352712697 -7.84155793559819e-7 -0.866025614360212
vn 0.9999999999999991 3.1632304231805984e-8 2.3920572365209457e-8
vn 0.9999999999999929 -1.856265763299284e-8 1.1721083428727863e-7
vn 0.9659469498132179 -0.00004367768712942944 -0.2587401944785548
vn 0.2588192824787521 -7.949261883553875e-7 -0.9659257626839405
vn 0.25881922686686615 -8.397065321102161e-7 -0.9659257775850756
vn 0.13052597694401344 -7.926063786530521e-7 -0.9914448897150979
vn 0.2588192824787521 -7.949261883553875e-7 -0.9659257626839405
vn 0.25881922686686615 -8.397065321102161e-7 -0.9659257775850756
vn 0.13052605018045715 -8.370618464363593e-7 -0.9914448800733141
vn -0.23991726194202695 0.37513820074479237 -0.8953831792948762
vn 3.4351268303272144e-7 0.375138281299981 -0.9269688613449637
vn 4.2333167681192387e-7 0.23052208968090981 -0.9730670923266121
vn -0.25184853412051794 0.23052207873800254 -0.9399105739780016
vn 0.7071069301980714 -5.559087111422493e-7 -0.7071066321747738
vn 0.8660255369317923 -4.0481405658891123e-7 -0.4999997693817837
vn 0.8660342401216699 -0.000012668161963978214 -0.4999846945421429
vn 0.8586532691495452 0.5125568879439578 -5.9511941704440054e-8
vn 0.8293963853147018 0.5125607826546361 -0.2222230413601922
vn 0.4293264275446633 0.5125589500346239 -0.7436142422998236
vn 0.22223666494826771 0.5125587970725585 -0.8293939620567558
vn 0.8649407107824225 0.0500352060688438 -0.4993736526738732
vn 0.9647160639591718 0.05003562080021992 -0.2584943956650892
vn 0.9659258784357008 -2.1919679403446434e-7 -0.2588188504884675
vn 0.6071587891361725 0.5125590842026664 -0.6071584554101349
vn 0.700281119745012 0.1386100952644279 -0.7002810827228296
vn 0.4951736430447574 0.13860994293721227 -0.8576656382021643
vn 0.48653365949714983 0.23052216173726595 -0.8427007363971443
vn 0.6880622565886975 0.23052247272919987 -0.6880622941455845
vn 0.7436141765077721 0.5125592703877284 -0.4293261590402656
vn 0.25611467621181166 0.13872186817354526 -0.9566407454835699
vn 0.2518489695055536 0.23052202337127706 -0.9399104708959269
vn 0.990347018572415 0.1386101829041283 -1.1382630518690608e-7
vn 0.9566020067072802 0.13861064468982082 -0.25631950753361815
vn 0.9399108942284243 0.23052353198637876 -0.2518460087260641
vn 0.9730669947793518 0.2305225014419721 -1.3136325536250467e-7
vn 0.4634846996209877 0.3751381778444557 -0.8027784755091433
vn 0.6554660076594407 0.37513834767668847 -0.655465889963313
vn 0.8576655908191783 0.13861020660281181 -0.49517365130862484
vn 0.8427005206166489 0.2305226818616833 -0.48653378680182763
vn 0.2399178232513985 0.3751380375145281 -0.8953830972807447
vn 0.8953838619704987 0.37514008265771154 -0.2399117715043602
vn 0.9269694042577572 0.3751369397566924 -4.9022076818665865e-8
vn 4.825812622310956e-7 0.13884707473915966 -0.990313834012302
vn 6.94272042654685e-7 0.10083856566196207 -0.9949028011191626
vn 0.8027782679254313 0.37513848665721733 -0.4634848092172784
vn 0.9987474573480697 0.0500351520509286 -8.030201749848268e-8
vn 0.49937394646111105 0.05003496882808575 -0.8649405548881541
vn 0.25982276340683425 0.05003694148821753 -0.9643590804789164
vn 0.7062211599057092 0.050035022386581605 -0.7062210488481696
vn 0.2518489695055536 0.23052202337127706 -0.9399104708959269
vn 0.2399178232513985 0.3751380375145281 -0.8953830972807447
vn 0.22223666494826771 0.5125587970725585 -0.8293939620567558
vn 7.654169629986806e-7 0.5125587229066081 -0.8586521738001721
vn 0.20602431743001898 0.605293263451738 -0.76887843372502
vn 0.8528297329715785 0.000008854879227977557 -0.5221890907336317
vn 0.8528297329715785 0.000008854879227977557 -0.5221890907336317
vn 0.8937291580951174 0.05736448867699363 -0.44492415916582856
vn 0.8948249751519717 0.059107052283362375 -0.44248685880446786
vn 0.2599637367342482 -0.00003731233307485747 -0.9656183791700303
vn 0.13289000259547046 -0.00007062425055592297 -0.9911307896652142
vn 0.5000002113539884 -6.870253227834019e-7 -0.8660252817588495
vn 0.2599637367342482 -0.00003731233307485747 -0.9656183791700303
vn 0.9999999999999988 8.888075472785977e-9 -5.262527980530643e-8
vn 0.2036249631129862 -0.0000010027609071430388 -0.9790489642485861
vn 0.2036249631129862 -0.0000010027609071430388 -0.9790489642485861
vn 0.20362562962742892 -8.645908338267927e-7 -0.979048825625201
vn 5.668285325552951e-7 -8.470345218555172e-7 -0.9999999999994807
vn 0.016666650714763885 -0.9638060135649088 -0.266083052767497
vn -0.000001162242226238828 -0.9639399236622165 -0.26611994207261025
vn -0.0000011738751179218164 -0.9639399236622035 -0.2661199420726067
vn 0.016666650714763885 -0.9638060135649088 -0.266083052767497
vn 0.9455171206088379 -2.109869186232599e-7 -0.3255723800255912
vn 0.9455170684200153 -1.99130260713285e-7 -0.32557253159070476
vn 0.9455170747379561 -1.9913017843659503e-7 -0.3255725132423476
vn 0.9455171234650778 -2.1098701297077485e-7 -0.3255723717305884
vn 0.9365141276484622 0.05505828832586313 -0.34628005082803404
vn 0.9370934878342091 0.052045523291797416 -0.3451768511415558
vn 0.0000010224745236575478 0.12167296809894732 -0.9925702437777122
vn 0.15917532389024994 0.11928144704220386 -0.9800179348644352
vn 0.19179713073434687 0.11901965672422539 -0.9741910397634129
vn 8.604929006903948e-7 0.11917136236345748 -0.9928737011280423
vn 0.2592962925439537 -0.00003731865724312282 -0.9657978211200717
vn 0.13153874267849583 -0.00007570311287912772 -0.9913110276011253
vn 0.5000003007609162 -6.921781371671614e-7 -0.8660252301396963
vn 0.2592962925439537 -0.00003731865724312282 -0.9657978211200717
vn 0.7768301351905532 0.12436801334179298 -0.6173066809271082
vn 0.8590285661752911 0.12685760054293027 -0.4959607561887472
vn 0.8660253740889093 -4.3416346746243806e-7 -0.5000000514339735
vn 0.7933531439753786 -5.321240982370778e-7 -0.6087616848522078
vn 0.999999999999999 3.265603103117404e-8 -3.1096755384195724e-8
vn -0.5000001666505751 -1.2210327315039631e-7 0.8660253075686543
vn -0.7071066917795482 -1.6992743365401592e-7 0.7071068705935153
vn -0.7071068109888399 -1.699274814973838e-7 0.7071067513842337
vn -0.5000002113540457 -1.2210326951143403e-7 0.8660252817590804
vn 0.0000037756615256205188 -0.9999999999916216 0.0000015816169078735015
vn 0.000007551323505644535 -0.9999999999474731 -0.000006930459056714177
vn 0.000007551323960391886 -0.9999999999474731 -0.000006930459056714177
vn 0.0000037756617529941938 -0.9999999999916216 0.0000015816170215603392
vn -0.000008176000846453417 -0.9999999999298658 0.000008568613502812107
vn 0 -0.9999999999894603 0.000004591246743856247
vn 0 -0.9999999999894603 0.00000459124356062479
vn -0.000008176011760389836 -0.9999999999298658 0.000008568613502812107
vn 0 -0.9999999999999867 1.6292067894774215e-7
vn 0 -0.9999999999999867 1.6292067894774215e-7
vn -0.000001019153614833538 -0.9999999999994674 1.6292067894765755e-7
vn -0.0000010191538422072135 -0.9999999999994674 1.6292067894765755e-7
vn -0.0000010191532737730249 -0.9999999999994674 1.6292067894765755e-7
vn -0.0000010191538422072135 -0.9999999999994674 1.6292067894765755e-7
vn 0.0000036086942145260695 -0.999999999989308 0.0000028915825904510947
vn -0.0000063896804929499745 -0.9999999999667315 0.000005070388106766761
vn 0 -0.9999999999999867 1.6292067894774215e-7
vn 0.0000070153364502495514 -0.9999999999753793 1.629206789437331e-7
vn -0.9238797129954165 -3.399434100160368e-7 0.3826829966374141
vn -0.9659261442678543 -3.0190753949839673e-7 0.25881785838644356
vn -0.9659258297394434 -3.0190784677733214e-7 0.25881903222536934
vn -0.9238797129954165 -3.3994343843774535e-7 0.3826829966374141
vn -0.2588191027383787 -1.862066401930996e-8 0.9659258108455847
vn -0.2588189210015456 -1.862052620050289e-8 0.9659258595418156
vn -0.06540316209138172 1.6992680776805769e-9 0.9978589210847637
vn -0.06540313241654147 1.6992396592838224e-9 0.997858923029756
vn -3.66252237427003e-7 -1.96421499065695e-8 0.9999999999999326
vn -0.06540316209138172 1.6992680776805769e-9 0.9978589210847637
vn -0.06540313241654147 1.6992396592838224e-9 0.997858923029756
vn -3.662518111013616e-7 -1.964222096084308e-8 0.9999999999999326
vn -0.9999999999999172 -4.016469968046263e-7 -6.697825078998971e-8
vn -0.9999999999999045 -4.0164709921684225e-7 -1.722263561320342e-7
vn -0.7933529980459764 -2.2700141054218758e-7 0.6087618750311238
vn -0.8660252817590153 -3.0236833944545165e-7 0.5000002113540822
vn -0.8660252559494406 -3.0236834914504806e-7 0.5000002560575488
vn -0.7933529980459764 -2.2700141054218758e-7 0.6087618750311238
vn 0.323200996434029 0.4658147945916835 -0.8237461338565167
vn 0.7576253921394348 0.48446343596097474 -0.4373773478387446
vn 0.7932441856541287 -0.00009401837013198278 -0.6089036484423987
vn 0.9230180834175222 0.1243679208810412 -0.3641019609120107
vn 0.9238795901706369 -3.287742481864665e-7 -0.3826832931629336
vn -0.012010551181240683 -8.067081808357333e-7 -0.9999278707285202
vn -0.03889439626144458 0.1206625275599311 -0.9919313385422938
vn -0.03935922408895872 0.1227561769722605 -0.9916560757108637
vn -0.012010551181240683 -8.067081808357333e-7 -0.9999278707285202
vn -0.000007945218385121021 -0.999999999960468 0.000003992160309951414
vn 0.8749916006785958 0.46577408151353 0.13207650711665725
vn 0.31100467469991194 0.6852038698376347 -0.6586135050804314
vn 0.6094481322405813 0.7106034151895311 -0.3515903303980958
vn 0.8660670570130384 -0.000024948487358004216 -0.49992784692828157
vn 0.9999999999999978 -4.4650270347099285e-8 4.78416277174761e-8
vn 0.9659259380402735 -2.484755491914938e-7 -0.25881862804086636
vn 0.9239483459749129 -0.00009575709677834409 -0.3825172477167549
vn 0.92387890590347 -3.205487151386633e-7 -0.3826849451265421
vn 0.8391177796692497 0.12276021165315798 0.5299162974261318
vn 0.8395888112431956 0.12066563624605917 0.5296512364420303
vn 0.85995762335114 4.765813110188212e-7 0.5103654436186206
vn 0.85995762335114 4.765813110188212e-7 0.5103654436186206
vn 0.2588189895181586 -8.986146252783376e-7 -0.9659258411824335
vn 0.13052610876960655 -9.130646163039585e-7 -0.9914448723598459
vn 0.7933529913480674 -4.747462011385982e-7 -0.6087618837598556
vn 0.7071065129655234 -5.863435974655082e-7 -0.707107049407227
vn 0.5000001219470143 -7.850648572384674e-7 -0.8660253333779299
vn 0.2588189895181586 -8.986146252783376e-7 -0.9659258411824335
vn 0.7259885992008587 0.6850690086248877 0.06017480579186163
vn 0.20362595574297404 -5.764699529665527e-7 -0.9790487577988279
vn 4.5540073756445824e-7 -6.503885228158076e-7 -0.9999999999996848
vn 0.9455168441722906 -2.8453662204986007e-7 -0.3255731828427996
vn 0.9455168441722906 -2.8453662204986007e-7 -0.3255731828427996
vn -0.000010613452104137408 -0.9999999999436641 1.6292067893856606e-7
vn 0 -0.9999999999994335 0.0000010644470134208988
vn 0 -0.9999999999994335 0.0000010644471271077365
vn -0.0000013626520285457526 -0.9999999999990584 1.6292067894759093e-7
vn -0.827773799860784 0.000002236250252008543 -0.56106197185252
vn -0.9795205604005206 -3.164300170499769e-7 -0.20134416244964737
vn -0.9742054143106318 0.04066133524568506 -0.22196951715018962
vn -0.5000004228930576 -8.695667253579981e-7 -0.8660251596264439
vn -0.5000003007608952 -7.638529053515765e-7 -0.8660252301396482
vn -0.7069731945613534 -7.425557207449658e-7 -0.7072403425789308
vn -0.7070075324865278 0.000005170007160906348 -0.7072060159391901
vn -0.2588190600311839 -0.0000010009364969123672 -0.9659258222884264
vn -0.25881913054426386 -8.547062673462748e-7 -0.96592580339464
vn -0.7933532457269509 -3.3538695206692407e-7 -0.6087615522471832
vn -0.8660255885509384 -2.550685079334818e-7 -0.4999996799748333
vn -0.8586518021375447 0.5125593455258993 -9.310422126278973e-8
vn -0.7960015939729395 0.6052945253283945 -1.1540045705444081e-7
vn -0.8293940463583153 0.5125591416739795 -0.22223555555269392
vn -0.42932614513043216 0.5125587783002764 -0.7436145237250084
vn -0.22223563823399073 0.5125585711651159 -0.8293943767737431
vn -0.8649406827356521 0.05003521161969323 -0.4993737006961384
vn -0.9659259156885768 -1.4828002426868672e-7 -0.25881871145873964
vn -0.9647159928845259 0.050035384878132465 -0.25849470658588014
vn -0.6071588692551533 0.5125587531796658 -0.6071586547383725
vn -0.6320733869386785 0.604359294545586 -0.4850083263411351
vn -0.7002809976429262 0.13861012449414342 -0.7002811990393187
vn -0.6880623396848776 0.23052251040194358 -0.6880621984278442
vn -0.4865336999786751 0.23052219738011567 -0.8427007032749548
vn -0.495173727137196 0.13860996946838797 -0.8576655853635672
vn -0.681807706854735 0.511304077287295 -0.5231695627833058
vn -0.9903469540161792 0.13861064414709878 -4.659408643943376e-8
vn -0.9730668047797741 0.23052330345472802 -2.312525246242049e-8
vn -0.9399103761551213 0.2305231493433808 -0.2518482924554933
vn -0.9566017395275308 0.13861043817044608 -0.2563206163442555
vn -0.743614478276507 0.5125588557369439 -0.42932613140035314
vn -0.6554659819709461 0.37513854159082344 -0.6554658046702156
vn -0.46348448773305295 0.3751383242080008 -0.8027785294470963
vn -0.7857745923576241 0.13789062875749925 -0.6029464856071979
vn -0.7721431587631826 0.22968396254963713 -0.5924864721854088
vn -0.92696851153771 0.3751391456747182 -7.079433506165691e-8
vn -0.8953827639419893 0.3751392279974298 -0.23991720582962747
vn -0.8427005456948049 0.2305227483265307 -0.4865337118737621
vn -0.8576655408880811 0.13861028267198267 -0.4951737164983094
vn 0.000003202721472896176 0.999999999993252 -0.0000017995740162363119
vn 6.159061740614968e-7 0.999999999999329 -9.812470633802381e-7
vn 6.159070835561985e-7 0.999999999999329 -9.812472907539134e-7
vn 0.000003202721472896176 0.999999999993252 -0.0000017995740162363119
vn -0.8027781770463079 0.3751387402635493 -0.46348476135864924
vn -0.9987474364978421 0.05003556823888601 -2.0176874217752784e-8
vn -0.49937404408801644 0.05003491675840824 -0.864940501535313
vn -0.7353766815348199 0.37525377663871995 -0.564274524830967
vn -0.7062210113636183 0.05003500913248374 -0.7062211983292914
vn -0.852829535238131 0.000008840722407995747 -0.5221894136684074
vn -0.8649290306026753 0.07644016936509983 -0.4960389828714585
vn -0.8647543439722555 0.07500445874388616 -0.496562438923496
vn -0.852829535238131 0.000008840722407995747 -0.5221894136684074
vn -0.13289776988497037 -0.000106414314275256 -0.9911297450059681
vn -0.2599636381650144 -0.00005711181865224919 -0.9656184047387713
vn -0.5000004675966255 -4.3477551776001023e-7 -0.8660251338171236
vn -0.9999999999999998 2.3807516565861037e-8 -7.176176867913024e-9
vn -0.7071066619772204 -3.8341417585530043e-7 -0.7071069003957506
vn -0.7923681248847871 0.049816774530420486 -0.6080057924411179
vn -0.1305260424670338 -0.0000010647188318149477 -0.9914448810885861
vn -0.1305263724207973 -8.750055866759403e-7 -0.9914448376495294
vn -0.016668985393961343 -0.9638060108501236 -0.26608291635335585
vn -0.016668985393961343 -0.9638060108501236 -0.26608291635335585
vn 8.604929006903948e-7 0.11917136236345748 -0.9928737011280423
vn 5.668285325552951e-7 -8.470345218555172e-7 -0.9999999999994807
vn -0.20362448228158284 -7.939855502105846e-7 -0.9790490642531287
vn -0.19179545860236108 0.11901942556551023 -0.9741913972097916
vn -0.9342201543077938 0.028857687918728038 -0.35552768827913717
vn -0.8939988295409321 0.10825488698501118 -0.434795322218749
vn 0.0000010224745236575478 0.12167296809894732 -0.9925702437777122
vn -0.15917336211350452 0.11928161856864514 -0.9800182326187241
vn -0.13155557664764736 -0.00011877727773111694 -0.9913087895024756
vn -0.2592962367022273 -0.000057318595301130916 -0.9657978351325089
vn -0.5000004675966012 -5.68793112303115e-7 -0.8660251338170599
vn -0.42238753847769805 0.000006440060046867557 -0.9064153392883842
vn -0.4224105241080228 -0.0000011702175339372513 -0.9064046277030011
vn -0.8278107792024562 -7.639699805472435e-7 -0.5610074097867502
vn -0.9732948590181253 0.03368555011904706 -0.22707355883515987
vn -0.9999332106551192 0.01155743176244189 -4.001570207969913e-8
vn -0.7070754284389312 0.00000560064533465342 -0.7071381325218818
vn 0.5000005828131203 -1.0376878010292515e-7 0.866025067296859
vn 0.5000005828131203 -1.0376875168121643e-7 0.866025067296859
vn 0.7071068705934583 -2.546332781374167e-7 0.7071066917795795
vn 0.7071069003957806 -2.546332701585249e-7 0.7071066619772485
vn -0.0000018659679881206354 -0.9999999999982458 1.6292067894745853e-7
vn -0.000005088372290563321 -0.9999999999870409 1.6292067894563304e-7
vn -0.000004083748080995572 -0.9999999999916482 1.6292067894638364e-7
vn -0.000004084276497417289 -0.999999999991646 1.629206789463833e-7
vn -0.000001887838834587729 -0.9999999999982049 1.6292067894745186e-7
vn -0.0000018878401988297817 -0.9999999999982049 1.6292067894745186e-7
vn -0.0000018878406535771328 -0.9999999999982049 1.6292067894745186e-7
vn -0.0000018878384935272163 -0.9999999999982049 1.6292067894745186e-7
vn 0 -0.9999999999999867 1.6292067894774215e-7
vn 0 -0.9999999999999867 1.6292067894774215e-7
vn -0.000002808327053560627 -0.9999999999960434 1.629206789470997e-7
vn -0.000004242964678231152 -0.9999999999909853 1.6292067894627565e-7
vn 0.9238795690971614 -3.798432423699479e-7 0.38268334403877463
vn 0.9238795690971614 -3.798432423699479e-7 0.38268334403877463
vn 0.9659259981796514 -3.697913189184046e-7 0.25881840359701574
vn 0.9659259867363524 -3.697913609226e-7 0.2588184463040974
vn 0.2588189617122817 -2.2058419017454122e-8 0.9659258486334115
vn 0.25881890610039193 -2.2058461990306273e-8 0.9659258635345654
vn 0.06540239407425008 4.508721033638058e-9 0.9978589714229944
vn 0.0654022827935881 4.50876369915675e-9 0.9978589787166258
vn 0.9659259867363524 -3.697913609226e-7 0.2588184463040974
vn 0.9659259981796514 -3.697913189184046e-7 0.25881840359701574
vn 0.9999999999998838 -4.6059619258787637e-7 -1.4352324796338748e-7
vn 0.9999999999998935 -4.6059606019471814e-7 -2.8704643561431738e-8
vn 0.7933531218864627 -2.8353497830294854e-7 0.60876171363919
vn 0.7933531506733006 -2.835349983018517e-7 0.6087616761234784
vn 0.8660252559494406 -3.0282443227799806e-7 0.5000002560575489
vn 0.8660252559494406 -3.0282443227799806e-7 0.5000002560575489
vn -0.000004559748958807068 -0.999999999989591 1.6292067894604848e-7
vn -0.00000412272083846026 -0.9999999999914883 1.629206789463576e-7
vn -0.979520463941902 -2.7141305259477343e-7 -0.20134463171132108
vn -0.48210107463350355 -0.0000010848383296149103 -0.8761156052919297
vn -0.482137393421951 0.0000034574648487330375 -0.8760956191263217
vn -0.13052676096367782 -9.167292206345934e-7 -0.9914447864967018
vn -0.2588192824787332 -9.004626910144307e-7 -0.9659257626838529
vn -0.7069740888105117 -7.281092802894792e-7 -0.7072394486664444
vn -0.5000002560574259 -7.850647870481789e-7 -0.8660252559492085
vn 4.5540073756445824e-7 -6.503885228158076e-7 -0.9999999999996848
vn -0.20362503693018666 -6.970542293410099e-7 -0.9790489488961697
vn -0.9455169210275701 -2.705120820895268e-7 -0.3255729596426441
vn -0.9455168688386583 -2.2075787479310378e-7 -0.3255731112077451
vn -0.9455168688386583 -2.2075787479310378e-7 -0.3255731112077451
vn -0.9455169026791888 -2.705120439183274e-7 -0.3255730129293276
vn -0.9999999999999963 1.2546118792393254e-10 8.47849008573818e-8
vn -0.9999999999999998 -5.570939317134743e-10 2.245612949120126e-8
vn -0.9795205604005206 -3.164300170499769e-7 -0.20134416244964737
vn -0.979520463941902 -2.7141305259477343e-7 -0.20134463171132108
vn -0.9742054143106318 0.04066133524568506 -0.22196951715018962
vn -0.9999337821675416 0.011507879045025166 -2.4419344488409096e-8
vn -0.9999332106551192 0.01155743176244189 -4.001570207969913e-8
vn -0.9732948590181253 0.03368555011904706 -0.22707355883515987
vn -0.0000019709075331736957 0.9999999999980446 -1.6292067894742576e-7
vn -0.0000019709075331736957 0.9999999999980446 -1.6292067894742576e-7
vn 5.986779001387286e-7 0.0000036682261625732453 -0.999999999993093
vn 0.13861574704605414 0.000003636216271108379 -0.9903462397856834
vn 0.15917532389024994 0.11928144704220386 -0.9800179348644352
vn -0.13861458254097725 0.0000036294120272523502 -0.9903464027772395
vn 0.0000037137831440957962 -0.9999999999930906 1.6292067894661864e-7
vn 0.0000026484085537866 -0.9999999999964796 1.6292067894717077e-7
vn 9.931529802992931e-7 -0.9999999999994936 1.6292067894766181e-7
vn 0.000002145639427903524 -0.9999999999976849 1.6292067894736715e-7
vn 0.5000004675965438 7.834603469873365e-7 0.8660251338169256
vn 0.5000005381095688 8.24631246979403e-7 0.8660250931061186
vn 0.7070503029098046 -0.000041834153539320614 0.7071632537151922
vn 0.9659217819933896 0.0000743933392970487 0.2588341274568442
vn 0.9659471480142351 -0.00004315205668903709 0.25873945462775
vn 0.2588189617121945 9.975420108495435e-7 0.96592584863292
vn 0.25881904513001663 0.0000010320564552721129 0.9659258262811496
vn 0.1305259476494044 0.0000010832664524930423 0.9914448935715245
vn 0.13052605018042962 0.0000010987584293455221 0.9914448800730623
vn -0.23991706133622026 0.3751401143481469 0.8953824313033238
vn -0.2518484609079182 0.23052391974116543 0.9399101420696988
vn 4.618163419598623e-7 0.230523953595487 0.9730666507585658
vn 5.297836097232815e-7 0.37514021491509997 0.9269680788210412
vn 0.7071068407910247 8.003893655511231e-7 0.7071067215816123
vn 0.8660341607073557 -0.000011695252754792714 0.49998483212106265
vn 0.8660254704114642 5.741050102504628e-7 0.4999998845982594
vn 0.7688837091844034 0.6052961247711939 0.20599622105225426
vn 0.8293963141714868 0.5125611459564521 0.22222246892373615
vn 0.42932606379832683 0.512560377123049 0.7436134686427571
vn 0.22223648885148636 0.5125603940226255 0.8293930223376216
vn 0.8649406343494727 0.05003614612034854 0.49937369086942796
vn 0.9659258635345355 2.874816719485818e-7 0.25881890610034497
vn 0.9647160256058231 0.05003617860862132 0.2584944308288885
vn 0.6071582860306248 0.5125603327478865 0.6071579045007403
vn 0.7002811892347051 0.1386114280874177 0.7002807494195411
vn 0.6880623553665832 0.23052370843032077 0.6880617813677217
vn 0.4865337872211705 0.23052385596856007 0.8427001991940025
vn 0.49517375270165714 0.13861167825629273 0.857665294439697
vn 0.7436139629817554 0.5125601612137607 0.4293254653466202
vn 0.25184886924610017 0.23052385199529404 0.9399100492710526
vn 0.9399109534090389 0.23052394148721617 0.2518454130273379
vn 0.9566019676492402 0.1386112080236273 0.25631934866457645
vn 0.8293963141714868 0.5125611459564521 0.22222246892373615
vn 0.6554658100835614 0.3751397724117404 0.6554652721284083
vn 0.4634845674830753 0.37513994319626975 0.8027777268483013
vn 0.8576655549008529 0.13861119661093213 0.4951734363944593
vn 0.8427005532842845 0.23052369729304317 0.4865332491009282
vn 0.23991768894131926 0.3751399913825215 0.8953823146559117
vn 0.8953839327396798 0.37514039909727137 0.23991101257917438
vn 0.9566019676492402 0.1386112080236273 0.25631934866457645
vn 0.9399109534090389 0.23052394148721617 0.2518454130273379
vn 4.897839852609129e-7 0.1388489874751924 0.9903135658350207
vn 7.087361016406947e-7 0.10084052426217244 0.994902602602902
vn 0.8953839327396798 0.37514039909727137 0.23991101257917438
vn 0.8027782109516846 0.3751396839393054 0.46348393883189826
vn 0.9647160256058231 0.05003617860862132 0.2584944308288885
vn 0.4993739883247215 0.05003667046629744 0.8649404322803438
vn 0.7062212657970603 0.05003646972890816 0.7062208404125906
vn 5.297836097232815e-7 0.37514021491509997 0.9269680788210412
vn 4.618163419598623e-7 0.230523953595487 0.9730666507585658
vn 4.897839852609129e-7 0.1388489874751924 0.9903135658350207
vn 8.733910728081664e-7 0.512560336747733 0.8586512104412871
vn 0.8528297270030369 0.000009854296696043286 0.5221891004634414
vn 0.8948250105652914 0.059107865418139366 0.44248667857070806
vn 0.8937291397692512 0.057365221071279546 0.4449241015485195
vn 0.8528297270030369 0.000009854296696043286 0.5221891004634414
vn 0.1328900026098324 -0.00006875045805393142 0.9911307897950365
vn 0.2599637217864151 -0.00003546847922718729 0.9656183832637727
vn 0.5000001666504209 9.695474167823322e-7 0.8660253075682093
vn 0.9659258635345355 2.874816719485818e-7 0.25881890610034497
vn 0.20362475366451857 9.77342122674297e-7 0.9790490078101858
vn 5.038475592297292e-7 0.0000011782271311925398 0.9999999999991791
vn 0.20362548919486068 0.00000115171049097458 0.9790488548324987
vn 0.20362476794783113 9.773421197088014e-7 0.9790490048395112
vn 0.016668984245389977 -0.9638048925530334 0.26608696708982754
vn 0.016668984245389977 -0.9638048925530334 0.26608696708982754
vn 0.0000011799808609767645 -0.9639390328584719 0.26612316872170544
vn 0.000001177659670917146 -0.9639390286371841 0.2661231840118686
vn 0.9455169393759026 4.3403278670186074e-7 0.3255729063559148
vn 0.9455169393759026 4.3403261617160495e-7 0.3255729063559148
vn 0.9455169577242601 4.838189808623676e-7 0.3255728530692103
vn 0.9455169577242601 4.83818696645269e-7 0.3255728530692103
vn 0.937093520585971 0.05204609993454039 0.34517667528005713
vn 0.9365141407599045 0.05505889739261374 0.3462799185263962
vn 9.434541353822551e-7 0.1216744436593969 0.9925700628969656
vn 6.874052434708192e-7 0.11917302233819477 0.9928735018854655
vn 0.1917968288861065 0.11902146369468634 0.9741908784264038
vn 0.15917505870160553 0.11928321034143953 0.9800177633175738
vn 0.1315387134072652 -0.00007381018429566442 0.9913110316279236
vn 0.2592962647599478 -0.000035459813297672326 0.9657978286495268
vn 0.5000001666504185 9.75081066630391e-7 0.8660253075682043
vn 0.7768310927506658 0.12436730822887458 0.6173056179719335
vn 0.7933529625611557 6.653389513363465e-7 0.6087619212754645
vn 0.8660252519566326 5.517324329540812e-7 0.5000002629730773
vn 0.8590289156025787 0.12685704568063458 0.49596029288627463
vn 0.9659371637883293 -0.000005164295043910402 0.2587767292201679
vn -0.5000003781890581 -0.0000017796390196050416 -0.8660251854349456
vn -0.500000300760321 -0.00000177963922789463 -0.8660252301384882
vn -0.7071068407904842 -0.0000015288458624835063 -0.707106721580953
vn -0.7071067513835186 -0.0000015288460448428046 -0.7071068109879224
vn -7.096555236526327e-7 -0.9999999999621205 0.000008674998007845833
vn -7.09654614157931e-7 -0.9999999999621205 0.000008674996188856427
vn -1.5616433302056782e-7 -0.9999999999999745 1.6292067894774017e-7
vn -1.5616807047535792e-7 -0.9999999999999745 1.6292067894774017e-7
vn 0.000001887834741861571 -0.9999999999982049 1.6292067894745186e-7
vn 0.0000018878362197904617 -0.9999999999982049 1.6292067894745186e-7
vn 0 -0.9999999999999867 1.6292067894774215e-7
vn 0 -0.9999999999999867 1.6292067894774215e-7
vn 0 -0.9999999999999867 1.6292067894774215e-7
vn 0 -0.9999999999999867 1.6292067894774215e-7
vn -0.0000010191440651391694 -0.9999999999994674 1.6292067894765755e-7
vn -0.0000010191434967049808 -0.9999999999994674 1.6292067894765755e-7
vn 0.0000032066284347655458 -0.9999999999948453 1.6292067894690454e-7
vn -3.6661069202634537e-7 -0.9999999999999195 1.6292067894773122e-7
vn 0.000002103425003947344 -0.9999999999977746 1.6292067894738176e-7
vn 0.0000035076682251895123 -0.9999999999938349 1.6292067894673993e-7
vn -0.9238797024583062 -0.000001084843964371568 -0.38268302207489496
vn -0.9238797024583062 -0.000001084843850684735 -0.38268302207489496
vn -0.965925807387472 -8.112059250544621e-7 -0.2588191156429568
vn -0.96592612883164 -8.112032945987112e-7 -0.2588179159943608
vn -0.25881903222494745 -0.0000018810237932881383 -0.9659258297377721
vn -0.2588189339059567 -0.0000018810237382288397 -0.9659258560822593
vn -0.0654031991848353 -0.0000018877836725169442 -0.9978589186517427
vn -0.06540316950999527 -0.0000018877836761965492 -0.997858920596736
vn -3.6625246480015717e-7 -0.00000186019047387626 -0.9999999999982029
vn -3.6625203847451577e-7 -0.0000018601907012499357 -0.9999999999982029
vn -0.9999999999999045 -4.0164709921684225e-7 -1.722263561320342e-7
vn -0.9999999999999172 -4.016469968046263e-7 -6.697825078998971e-8
vn -0.7933529913474782 -0.0000013744896932511054 -0.6087618837592569
vn -0.7933529913474782 -0.0000013744896932511054 -0.6087618837592569
vn -0.8660253740883886 -0.000001233384140477747 -0.5000000514335428
vn -0.8660252559489299 -0.0000012333843233300495 -0.5000002560570037
vn 0.3232013795205694 0.46581639784617807 0.8237450769343704
vn 0.7576249701060761 0.4844648867087173 0.4373764719530269
vn 0.7932448539785631 -0.00009274316071459424 0.6089027779828518
vn 0.9238796217807314 4.2868539249204887e-7 0.38268321684927453
vn 0.923018070363417 0.1243676279797021 0.36410209405233646
vn -0.012010537929247651 0.000001092841730523738 0.9999278708874233
vn -0.012010537929247651 0.000001092841730523738 0.9999278708874233
vn -0.039359193203389646 0.12275721197195445 0.9916559488145325
vn -0.038894546198296576 0.12066436945445475 0.9919311086059291
vn -6.621016837014762e-7 -0.9999999999997676 1.6292067894770647e-7
vn 0.874991156721229 0.4657745626193158 -0.1320777516330099
vn 0.6094442101602563 0.7106077158662905 0.3515884367459129
vn 0.31100157156618363 0.6852068181190761 0.6586119030859489
vn 0.8660669111041777 -0.000023994483679416994 0.4999280997450865
vn 0.9659259907291493 2.484577393799633e-7 0.25881843140288485
vn 0.9239490615969606 -0.00009496938459003831 0.38251551936478595
vn 0.9238791181360647 4.09050761295384e-7 0.3826844327536201
vn 0.9659259907291493 2.484577393799633e-7 0.25881843140288485
vn 0.9659471480142351 -0.00004315205668903709 0.25873945462775
vn 0.8391168447689787 0.12275891669316313 -0.52991807781701
vn 0.8599577852020632 -5.308723767750988e-7 -0.5103651709022475
vn 0.8599577852020632 -5.308723767750988e-7 -0.5103651709022475
vn 0.8395878604098261 0.12066455286944809 -0.5296529904883633
vn 0.1305262113006018 0.0000011366913824574932 0.9914448588611564
vn 0.25881922886320274 0.000001132137534587093 0.9659257770498597
vn 0.7071067215817207 8.254651206679144e-7 0.7071068407908874
vn 0.7933529625611352 7.094748501214099e-7 0.6087619212754415
vn -0.10206027260963653 0.38092526610191957 0.9189557347337401
vn 0.5000003970834122 0.00000102655416642523 0.866025174527494
vn 0.7576249701060761 0.4844648867087173 0.4373764719530269
vn 0.874991156721229 0.4657745626193158 -0.1320777516330099
vn 0.7259868042892913 0.6850707707658533 -0.06017639936139491
vn 0.6094442101602563 0.7106077158662905 0.3515884367459129
vn -1.0658346383244343e-7 0.0000013675110548384386 0.9999999999990593
vn 0.20362598670998325 0.0000014063117365020974 0.9790487513573611
vn 0.945516979534378 4.1445509673723087e-7 0.3255727897291397
vn 0.945516979534378 4.1445509673723087e-7 0.3255727897291397
vn 0.000008840712325409146 -0.9999999999596252 0.0000016098537624540378
vn -0.0000066880656957759204 -0.9999999999775742 3.486913382399682e-7
vn -0.9742053699538127 0.04066196327721219 0.22196959678207637
vn -0.9795205604005591 7.364986701816058e-8 0.20134416244969486
vn -0.8277737534134036 0.0000033196677971790904 0.5610620403742045
vn -0.5000003712739141 8.170066199623492e-7 0.8660251894288529
vn -0.707007413247382 0.000006547254211556613 0.7072061351334411
vn -0.706973254177298 6.312256015496219e-7 0.7072402829856083
vn -0.5000003007608259 9.567832555313707e-7 0.8660252301394967
vn -0.25881904513004744 8.831222235166642e-7 0.9659258262812889
vn -0.25881907493232875 0.0000010763293359412994 0.9659258182955952
vn -0.7933533541761592 8.544240856334656e-7 0.6087614109129351
vn -0.8660255885507762 7.177831683655145e-7 0.4999996799746643
vn -0.8586518021375447 0.5125593455258993 -9.310422126278973e-8
vn -0.8293939471342534 0.5125595472307775 0.22223499049349493
vn -0.42932591860217606 0.5125601432596798 0.7436137136699498
vn -0.22223543655373842 0.5125601343474676 0.8293934647786146
vn -0.8649406333821287 0.05003616841612998 0.49937369031092804
vn -0.964715970227142 0.05003593731781439 0.2584946842111687
vn -0.9659258784356705 3.490453027827472e-7 0.2588188504884382
vn -0.6071584882492654 0.5125599948781716 0.6071579875101335
vn -0.6320750550433448 0.6043586173269795 0.4850069962944599
vn -0.7002811252908476 0.13861147193201961 0.7002808046849657
vn -0.4951738015329979 0.13861166868182803 0.8576652677942591
vn -0.4865338049359045 0.23052386592309512 0.842700186243282
vn -0.6880623891161517 0.2305236848668536 0.6880617555126728
vn -0.681807320721897 0.5113051651495256 0.5231690028102244
vn -0.9903469540161792 0.13861064414709878 -4.659408643943376e-8
vn -0.9566016881010451 0.1386110083490662 0.2563204999345277
vn -0.9399103903778077 0.23052359252200122 0.2518478337222453
vn -0.9730668047797741 0.23052330345472802 -2.312525246242049e-8
vn -0.7436142058726328 0.5125598066686048 0.4293254679287689
vn -0.4634843853999194 0.37514003563777876 0.8027777887760379
vn -0.6554657906630207 0.37513994442172127 0.6554651931031648
vn -0.785774596546379 0.13789176917201984 0.602946219340486
vn -0.7721430449972586 0.22968502432173402 0.5924862088392318
vn -0.8953828068991292 0.3751395972206581 0.2399164681854066
vn -0.92696851153771 0.3751391456747182 -7.079433506165691e-8
vn -0.8576655007305182 0.13861121765855855 0.4951735243284734
vn -0.8427005597138214 0.23052372885418168 0.4865332230106962
vn 0.000003941807335614179 0.9999999999911452 0.0000014737311804101539
vn 0.000003941807335614179 0.9999999999911452 0.0000014737311804101539
vn 0.000002402039172003693 0.9999999999969001 6.554052507358071e-7
vn 0.000002402038717256342 0.9999999999969001 6.554049665187127e-7
vn -0.8027781913523607 0.3751398814477747 0.4634838129173251
vn -0.9987474364978421 0.05003556823888601 -2.0176874217752784e-8
vn -0.4993740856724198 0.05003662954460038 0.864940378443885
vn -0.7353764216817621 0.3752549634570452 0.5642740742187072
vn -0.7062210855351244 0.05003651060453688 0.7062210177785083
vn 8.733910728081664e-7 0.512560336747733 0.8586512104412871
vn 0.0000035729077720463894 0.6052951959379215 0.7960010840204351
vn -0.8528295780289059 0.000009835417331688365 0.5221893437655567
vn -0.8528295780289059 0.000009835417331688365 0.5221893437655567
vn -0.8647543278864139 0.0750052031835844 0.49656235449045627
vn -0.8649290739950001 0.07644139062954226 0.49603871900968943
vn -0.25996361039785837 -0.000055354449357092625 0.9656184123165814
vn -0.13289779918154646 -0.00010462098647344424 0.991129741268594
vn -0.5000004228929349 0.0000011515058796861794 0.8660251596261856
vn -0.9999999999999998 2.3807516565861037e-8 -7.176176867913024e-9
vn -0.707106781186304 9.449371328344017e-7 0.7071067811861597
vn -0.7923681464351651 0.049817882969526814 0.6080056735354821
vn -0.13052604246705365 8.770340393904978e-7 0.9914448810887673
vn -0.13052631383162283 0.0000010993238691859581 0.9914448453627264
vn -0.016666639864962567 -0.963805349673293 0.26608545818355606
vn -0.016666639864962567 -0.963805349673293 0.26608545818355606
vn 6.874052434708192e-7 0.11917302233819477 0.9928735018854655
vn -0.19179543192405377 0.11902160758102227 0.9741911358772953
vn -0.20362452513146745 0.000001155367737393355 0.9790490553407675
vn 5.038475592297292e-7 0.0000011782271311925398 0.9999999999991791
vn -0.8939988403489647 0.10825575290728727 0.4347950843985966
vn -0.934220118290718 0.028858404286137285 0.35552772477394057
vn 9.434541353822551e-7 0.1216744436593969 0.9925700628969656
vn -0.15917344542294873 0.11928409399788373 0.9800179177909409
vn -0.25929626452262033 -0.00005551250495871419 0.965797827768823
vn -0.13155557667102655 -0.0001169464572207893 0.9913087897170486
vn -0.5000004675964366 0.0000010584339004946703 0.8660251338166949
vn -0.42238739322687807 0.000008162108419738845 0.9064154069610592
vn -0.8278106309604545 3.344309456740483e-7 0.5610076285299003
vn -0.4224100655535586 5.780556377394451e-7 0.9064048414029485
vn -0.9732948153053465 0.033685971511569504 0.22707368368671305
vn -0.7070755178435392 0.0000069560002804734475 0.707138043113157
vn 0.5000008132454214 -0.0000017641394610871161 -0.86602493425467
vn 0.7071069599996759 -0.0000016066499328983194 -0.7071066023715488
vn 0.7071069003950324 -0.0000016066498168895511 -0.7071066619762171
vn 0.5000007169228018 -0.0000017641395783313508 -0.8660249898666735
vn -0.000009150679033681406 -0.9999999999581192 1.6292067894092107e-7
vn -0.000009453250640522652 -0.9999999999553048 1.6292067894046254e-7
vn 0 -0.9999999999632913 0.000008568416142748238
vn 0 -0.9999999999894603 0.0000045912449248668435
vn 0 -0.9999999999894603 0.000004591246743856247
vn 0 -0.9999999999632917 0.00000856835793508733
vn -0.0000073619185057219925 -0.9999999999728878 1.629206789433272e-7
vn -0.000007361912139259081 -0.9999999999728878 1.629206789433272e-7
vn -0.000008381056431677604 -0.9999999999648658 1.6292067894202023e-7
vn -0.000008381055522182902 -0.9999999999648658 1.6292067894202023e-7
vn 0 -0.9999999999958009 0.000002897956329339873
vn 0 -0.9999999999907758 0.000004295153467744806
vn 0.9238796199724448 -0.0000011333088944789007 -0.38268322121342946
vn 0.9659260016372229 -8.804212563894832e-7 -0.25881839069191465
vn 0.9659260130805185 -8.804211507925965e-7 -0.2588183479848344
vn 0.9238796305091512 -0.0000011333087888618703 -0.3826831957755526
vn 0.2588188226821732 -0.0000018786585417191796 -0.9659258858845663
vn 0.2588188077810255 -0.0000018786585569555795 -0.9659258898773131
vn 0.06540244247636343 -0.000001862062345997518 -0.9978589682488497
vn 0.2588188226821732 -0.0000018786585417191796 -0.9659258858845663
vn 0.2588188077810255 -0.0000018786585569555795 -0.9659258898773131
vn 0.06540233472447037 -0.0000018620622576614026 -0.9978589753112015
vn 0.7933529625605383 -0.000001469141896580744 -0.6087619212748598
vn 0.8660252559488743 -0.0000012877789231408026 -0.5000002560569627
vn 0.8660253740883331 -0.000001287778630278206 -0.5000000514335018
vn 0.7933529625605383 -0.000001469141896580744 -0.6087619212748598
vn -0.0000054969623305702814 -0.9999999999848784 1.629206789452807e-7
vn -0.000006079666036272518 -0.9999999999815055 1.6292067894473119e-7
vn -0.9795204639419264 1.1891689491010044e-7 0.20134463171135095
vn -0.4821004889432202 5.943327023584267e-7 0.8761159275805654
vn -0.4821374162936901 0.000005116583002139999 0.8760956065313108
vn -0.42238739322687807 0.000008162108419738845 0.9064154069610592
vn -0.4224100655535586 5.780556377394451e-7 0.9064048414029485
vn -0.25881919906086304 0.0000011330623796742658 0.9659257850353771
vn -0.13052665843264852 0.000001138525596984788 0.9914447999949924
vn -0.4821374162936901 0.000005116583002139999 0.8760956065313108
vn -0.4821004889432202 5.943327023584267e-7 0.8761159275805654
vn -0.7069743272626111 6.832729096806887e-7 0.7072392103037781
vn -0.5000003007607962 0.0000010265541104609596 0.8660252301394339
vn -0.2036250345294933 0.0000012714089099383046 0.9790489493948942
vn -1.0658346383244343e-7 0.0000013675110548384386 0.9999999999990593
vn -0.945516902679166 3.6213769098709167e-7 0.3255730129293048
vn -0.9455168935049745 3.6213760706362116e-7 0.3255730395726454
vn -0.9455168780128026 4.168189226084772e-7 0.32557308456435596
vn -0.9455168780128026 4.168189226084772e-7 0.32557308456435596
vn 8.622711220592894e-7 0.9999999999996149 -1.6292067894768156e-7
vn 8.622711220592894e-7 0.9999999999996149 -1.6292067894768156e-7
vn 7.087361016406947e-7 0.10084052426217244 0.994902602602902
vn 5.938883305045921e-7 0.000005588159347841264 0.9999999999842101
vn 0.1386157324302049 0.000005539093263346582 0.9903462418226044
vn 5.938883305045921e-7 0.000005588159347841264 0.9999999999842101
vn -0.13861458253997608 0.000005529332496275648 0.9903464027685943
vn 0 -0.31622796014386867 0.9486832333414813
vn 0 -0.31622796014386867 0.9486832333414813
vn 0 -0.31622796014386867 0.9486832333414813
vn 0 -0.31622796014386867 0.9486832333414813
vn 0 0.9970332988220277 0.07697143002481721
vn 0 0.9970332988220277 0.07697143002481721
vn 0 0.9970332988220277 0.07697143002481721
vn 0 0.9970332988220277 0.07697143002481721
vn 0.9628724687558735 0.08536800188585443 -0.25610332517557505
vn 0.9628724687558735 0.08536800188585443 -0.25610332517557505
vn 0.9628724687558735 0.08536800188585443 -0.25610332517557505
vn 0.9628724687558735 0.08536800188585443 -0.25610332517557505
vn 0 0.31622862175530847 -0.9486830128039281
vn 0 0.31622862175530847 -0.9486830128039281
vn 0 0.31622862175530847 -0.9486830128039281
vn 0 0.31622862175530847 -0.9486830128039281
vn -0.9628724687558735 0.08536800188585443 -0.25610332517557505
vn -0.9628724687558735 0.08536800188585443 -0.25610332517557505
vn -0.9628724687558735 0.08536800188585443 -0.25610332517557505
vn -0.9628724687558735 0.08536800188585443 -0.25610332517557505
vn 0 -0.8308908212874959 -0.5564354797280548
vn 0 -0.8308908212874959 -0.5564354797280548
vn 0 -0.8308908212874959 -0.5564354797280548
vn 0 -0.8308908212874959 -0.5564354797280548
vn 0 -0.9133475206851638 -0.4071809259509396
vn 0 -0.9133475206851638 -0.4071809259509396
vn 0 -0.9133475206851638 -0.4071809259509396
vn 0 -0.9133475206851638 -0.4071809259509396
vn -0.9960327963426998 0.028140114702261507 -0.08442039181551884
vn -0.9960327963426998 0.028140114702261507 -0.08442039181551884
vn -0.9960327963426998 0.028140114702261507 -0.08442039181551884
vn -0.9960327963426998 0.028140114702261507 -0.08442039181551884
vn 0.9960327930515243 0.028140127469107008 -0.08442042639078406
vn 0.9960327930515243 0.028140127469107008 -0.08442042639078406
vn 0.9960327930515243 0.028140127469107008 -0.08442042639078406
vn 0.9960327930515243 0.028140127469107008 -0.08442042639078406
vn 0 0.9682671954795453 0.2499172626254057
vn 0 0.9682671954795453 0.2499172626254057
vn 0 0.9682671954795453 0.2499172626254057
vn 0 0.9682671954795453 0.2499172626254057
vn 0 -0.13021603058127598 0.991485645574184
vn 0 -0.13021603058127598 0.991485645574184
vn 0 -0.13021603058127598 0.991485645574184
vn 0 -0.13021603058127598 0.991485645574184
vn 0 0.9891469109431343 -0.14692987637527877
vn 0 0.9891469109431343 -0.14692987637527877
vn 0 0.9891469109431343 -0.14692987637527877
vn 0 0.9891469109431343 -0.14692987637527877
vn 0.9393780232538588 0.04464956795233623 -0.3399637414627369
vn 0.9393780232538588 0.04464956795233623 -0.3399637414627369
vn 0.9393780232538588 0.04464956795233623 -0.3399637414627369
vn 0.9393780232538588 0.04464956795233623 -0.3399637414627369
vn 0 0.13021505534299235 -0.9914857736558912
vn 0 0.13021505534299235 -0.9914857736558912
vn 0 0.13021505534299235 -0.9914857736558912
vn 0 0.13021505534299235 -0.9914857736558912
vn -0.9393780232538588 0.04464956795233623 -0.3399637414627369
vn -0.9393780232538588 0.04464956795233623 -0.3399637414627369
vn -0.9393780232538588 0.04464956795233623 -0.3399637414627369
vn -0.9393780232538588 0.04464956795233623 -0.3399637414627369
vn 0 -0.8732050668972706 -0.4873529636156256
vn 0 -0.8732050668972706 -0.4873529636156256
vn 0 -0.8732050668972706 -0.4873529636156256
vn 0 -0.8732050668972706 -0.4873529636156256
vn 0 -0.97407432507317 -0.22622822377689383
vn 0 -0.97407432507317 -0.22622822377689383
vn 0 -0.97407432507317 -0.22622822377689383
vn 0 -0.97407432507317 -0.22622822377689383
vn -0.9960327812070812 0.01158745391805114 -0.08822941500760137
vn -0.9960327812070812 0.01158745391805114 -0.08822941500760137
vn -0.9960327812070812 0.01158745391805114 -0.08822941500760137
vn -0.9960327812070812 0.01158745391805114 -0.08822941500760137
vn 0.9960327812070812 0.01158745391805114 -0.08822941500760137
vn 0.9960327812070812 0.01158745391805114 -0.08822941500760137
vn 0.9960327812070812 0.01158745391805114 -0.08822941500760137
vn 0.9960327812070812 0.01158745391805114 -0.08822941500760137
vn 0 0.9981134631856265 0.06139637291888436
vn 0 0.9981134631856265 0.06139637291888436
vn 0 0.9981134631856265 0.06139637291888436
vn 0 0.9981134631856265 0.06139637291888436
vn 0 -0.3162282692640849 -0.9486831303012833
vn 0 -0.3162282692640849 -0.9486831303012833
vn 0 -0.3162282692640849 -0.9486831303012833
vn 0 -0.3162282692640849 -0.9486831303012833
vn 0 0.9970332737414994 -0.07697175489949708
vn 0 0.9970332737414994 -0.07697175489949708
vn 0 0.9970332737414994 -0.07697175489949708
vn 0 0.9970332737414994 -0.07697175489949708
vn 0.9628724895215157 0.08536805520760209 0.2561032293289378
vn 0.9628724895215157 0.08536805520760209 0.2561032293289378
vn 0.9628724895215157 0.08536805520760209 0.2561032293289378
vn 0.9628724895215157 0.08536805520760209 0.2561032293289378
vn 0 0.3162289308754528 0.9486829097635143
vn 0 0.3162289308754528 0.9486829097635143
vn 0 0.3162289308754528 0.9486829097635143
vn 0 0.3162289308754528 0.9486829097635143
vn -0.9628724968706118 0.08536805585916642 0.2561032014813161
vn -0.9628724968706118 0.08536805585916642 0.2561032014813161
vn -0.9628724968706118 0.08536805585916642 0.2561032014813161
vn -0.9628724968706118 0.08536805585916642 0.2561032014813161
vn 0 -0.8308906399777595 0.5564357504666188
vn 0 -0.8308906399777595 0.5564357504666188
vn 0 -0.8308906399777595 0.5564357504666188
vn 0 -0.8308906399777595 0.5564357504666188
vn 0 -0.913347357160823 0.4071812927521841
vn 0 -0.913347357160823 0.4071812927521841
vn 0 -0.913347357160823 0.4071812927521841
vn 0 -0.913347357160823 0.4071812927521841
vn -0.9960327917985525 0.028140154941375055 0.08442043201652599
vn -0.9960327917985525 0.028140154941375055 0.08442043201652599
vn -0.9960327917985525 0.028140154941375055 0.08442043201652599
vn -0.9960327917985525 0.028140154941375055 0.08442043201652599
vn 0.9960327936780101 0.0281401549944703 0.08442040982408035
vn 0.9960327936780101 0.0281401549944703 0.08442040982408035
vn 0.9960327936780101 0.0281401549944703 0.08442040982408035
vn 0.9960327936780101 0.0281401549944703 0.08442040982408035
vn 0 0.9682670958997313 -0.24991764843224032
vn 0 0.9682670958997313 -0.24991764843224032
vn 0 0.9682670958997313 -0.24991764843224032
vn 0 0.9682670958997313 -0.24991764843224032
vn 0 -0.13021635364829814 -0.991485603144363
vn 0 -0.13021635364829814 -0.991485603144363
vn 0 -0.13021635364829814 -0.991485603144363
vn 0 -0.13021635364829814 -0.991485603144363
vn 0 0.9891469588189123 0.14692955407029834
vn 0 0.9891469588189123 0.14692955407029834
vn 0 0.9891469588189123 0.14692955407029834
vn 0 0.9891469588189123 0.14692955407029834
vn 0.9393780884602695 0.04464965291577776 0.33996355012740764
vn 0.9393780884602695 0.04464965291577776 0.33996355012740764
vn 0.9393780884602695 0.04464965291577776 0.33996355012740764
vn 0.9393780884602695 0.04464965291577776 0.33996355012740764
vn 0 0.13021537841005626 0.9914857312263883
vn 0 0.13021537841005626 0.9914857312263883
vn 0 0.13021537841005626 0.9914857312263883
vn 0 0.13021537841005626 0.9914857312263883
vn -0.9393780884602695 0.04464965291577776 0.33996355012740764
vn -0.9393780884602695 0.04464965291577776 0.33996355012740764
vn -0.9393780884602695 0.04464965291577776 0.33996355012740764
vn -0.9393780884602695 0.04464965291577776 0.33996355012740764
vn 0 -0.8732049080974728 0.48735324814192443
vn 0 -0.8732049080974728 0.48735324814192443
vn 0 -0.8732049080974728 0.48735324814192443
vn 0 -0.8732049080974728 0.48735324814192443
vn 0 -0.9740742776279654 0.2262284280623403
vn 0 -0.9740742776279654 0.2262284280623403
vn 0 -0.9740742776279654 0.2262284280623403
vn 0 -0.9740742776279654 0.2262284280623403
vn -0.9960327732210619 0.011587493749821256 0.08822949993147663
vn -0.9960327732210619 0.011587493749821256 0.08822949993147663
vn -0.9960327732210619 0.011587493749821256 0.08822949993147663
vn -0.9960327732210619 0.011587493749821256 0.08822949993147663
vn 0.9960327738758148 0.011587493757437207 0.0882294925388951
vn 0.9960327738758148 0.011587493757437207 0.0882294925388951
vn 0.9960327738758148 0.011587493757437207 0.0882294925388951
vn 0.9960327738758148 0.011587493757437207 0.0882294925388951
vn 0 0.9981134450100146 -0.06139666839691316
vn 0 0.9981134450100146 -0.06139666839691316
vn 0 0.9981134450100146 -0.06139666839691316
vn 0 0.9981134450100146 -0.06139666839691316
vn 0.5000001855444899 1.410934293178079e-7 0.8660252966602394
vn 0.5000001855444899 1.410934293178079e-7 0.8660252966602394
vn 0.2507373739341311 1.5771620194941726e-7 0.9680551478674089
vn 0.2507373739341311 1.5771620194941726e-7 0.9680551478674089
vn -0.4999999585692771 -1.4109345066762207e-7 -0.8660254277044648
vn -0.4999999585692771 -1.4109345066762207e-7 -0.8660254277044648
vn -0.5000000514340686 -1.4109344193254629e-7 -0.8660253740889517
vn -0.5000000514340686 -1.4109344193254629e-7 -0.8660253740889517
vn -0.49999979864924127 -1.4109346571006327e-7 -0.8660255200343108
vn -0.49999979864924127 -1.4109346571006327e-7 -0.8660255200343108
vn 0 0.9999999999999867 -1.6292067894774215e-7
vn 0 0.9999999999999867 -1.6292067894774215e-7
vn 0 0.9999999999999867 -1.6292067894774215e-7
vn 0 0.9999999999999867 -1.6292067894774215e-7
vn -0.00000176585365352091 -0.9999999999984276 1.6292067894748815e-7
vn -0.0000017658535398340723 -0.9999999999984276 1.6292067894748815e-7
vn -0.0000020633585791030515 -0.9999999999978582 1.6292067894739537e-7
vn -0.0000017726330270278935 -0.9999999999984155 1.629206789474862e-7
vn 0 0.9999999999999867 -1.6292067894774215e-7
vn 0 0.9999999999999867 -1.6292067894774215e-7
vn 0 0.9999999999999867 -1.6292067894774215e-7
vn 0 0.9999999999999867 -1.6292067894774215e-7
vn 0 -0.9999999999999867 1.6292067894774215e-7
vn 0 -0.9999999999999867 1.6292067894774215e-7
vn -0.49999998092101905 -1.4109344856516605e-7 -0.8660254147996816
vn -0.49999998092101905 -1.4109344856516605e-7 -0.8660254147996816
vn 0.7129917369844255 1.1423548909855299e-7 0.7011724345636519
vn 0.7129917369844255 1.1423548909855299e-7 0.7011724345636519
vn -0.9969019906415411 1.2814331326876089e-8 0.07865380508870944
vn -0.9969019906415411 1.2814331326876089e-8 0.07865380508870944
vn -0.9969019906415411 1.2814331326876089e-8 0.07865380508870944
vn -0.9969019906415411 1.2814331326876089e-8 0.07865380508870944
vn 0.5665674372181649 -1.342491444421752e-7 -0.8240153755143304
vn 0.5665674372181649 -1.342491444421752e-7 -0.8240153755143304
vn 0.5665674372181649 -1.342491444421752e-7 -0.8240153755143304
vn 0.5665674372181649 -1.342491444421752e-7 -0.8240153755143304
vn 0 0.9999999999999867 -1.6292067894774215e-7
vn 0 0.9999999999999867 -1.6292067894774215e-7
vn 0.1187024777092617 1.6176880816158555e-7 0.9929298675060874
vn 0.1187024777092617 1.6176880816158555e-7 0.9929298675060874
vn 0.8005511456422326 9.763256864051027e-8 0.5992644351293505
vn 0.8005511456422326 9.763256864051027e-8 0.5992644351293505
vn 0 -0.9999999999999867 1.6292067894774215e-7
vn 0 -0.9999999999999867 1.6292067894774215e-7
vn -0.5000001408410203 -1.4109343352272085e-7 -0.8660253224698111
vn -0.5000001408410203 -1.4109343352272085e-7 -0.8660253224698111
vn 0 -0.9999999999999867 1.6292067894774215e-7
vn 0 -0.9999999999999867 1.6292067894774215e-7
vn -0.9999999999998807 -7.955319100283822e-14 -4.88294006117875e-7
vn -0.9999999999998807 -7.955319100283822e-14 -4.88294006117875e-7
vn -0.9637288499269181 -4.348081087753348e-8 -0.2668833149871641
vn -0.9637288499269181 -4.348081087753348e-8 -0.2668833149871641
vn 0.9999999999998807 -7.960628413464397e-14 -4.88619889438204e-7
vn 0.9999999999998807 -7.960628413464397e-14 -4.88619889438204e-7
vn 0.9999999999996885 -1.2859810347716628e-13 -7.893295332903274e-7
vn 0.9999999999996885 -1.2859810347716628e-13 -7.893295332903274e-7
vn 0.9999999999999825 -3.061449720548942e-14 -1.8791044453791406e-7
vn 0.9999999999999825 -3.061449720548942e-14 -1.8791044453791406e-7
vn 0 0.9999999999999867 -1.6292067894774215e-7
vn 0 0.9999999999999867 -1.6292067894774215e-7
vn 0 0.9999999999999867 -1.6292067894774215e-7
vn 0 0.9999999999999867 -1.6292067894774215e-7
vn -0.0000012555167359086333 -0.9999999999991985 1.6292067894761377e-7
vn -0.0000012555167359086333 -0.9999999999991985 1.6292067894761377e-7
vn -5.158393605596979e-7 -0.9999999999998537 1.629206789477205e-7
vn -4.4315834202275445e-7 -0.9999999999998885 1.629206789477262e-7
vn -2.2229454543775675e-7 0.999999999999962 -1.6292067894773813e-7
vn -2.2229448859433786e-7 0.999999999999962 -1.6292067894773813e-7
vn -2.597459456410346e-7 0.999999999999953 -1.6292067894773667e-7
vn -2.2314807779366113e-7 0.9999999999999618 -1.629206789477381e-7
vn -8.171792273967183e-7 -0.9999999999996528 1.6292067894768778e-7
vn -9.512024234932385e-7 -0.9999999999995344 1.6292067894766846e-7
vn 0.9999999999999547 4.899168968899316e-14 3.007088480444333e-7
vn 0.9999999999999547 4.899168968899316e-14 3.007088480444333e-7
vn -0.9637288737482993 4.348079686306407e-8 0.2668832289669639
vn -0.9637288737482993 4.348079686306407e-8 0.2668832289669639
vn 0.4303347023730402 -1.4706351135426444e-7 -0.9026693990235213
vn 0.4303347023730402 -1.4706351135426444e-7 -0.9026693990235213
vn 0.4303347023730402 -1.4706351135426444e-7 -0.9026693990235213
vn 0.4303347023730402 -1.4706351135426444e-7 -0.9026693990235213
vn 0.4303349186629076 1.4706349455500377e-7 0.9026692959103944
vn 0.4303349186629076 1.4706349455500377e-7 0.9026692959103944
vn 0.4303349186629076 1.4706349455500377e-7 0.9026692959103944
vn 0.4303349186629076 1.4706349455500377e-7 0.9026692959103944
vn 0 0.9999999999999867 -1.6292067894774215e-7
vn 0 0.9999999999999867 -1.6292067894774215e-7
vn -0.9192538140079911 -6.413622975064414e-8 -0.3936653724062578
vn -0.9192538140079911 -6.413622975064414e-8 -0.3936653724062578
vn -0.9192534673951515 6.413636161534523e-8 0.39366618178602436
vn -0.9192534673951515 6.413636161534523e-8 0.39366618178602436
vn 0 -0.9999999999999867 1.6292067894774215e-7
vn 0 -0.9999999999999867 1.6292067894774215e-7
vn 0.9999999999996885 1.2859789973586163e-13 7.893282827351125e-7
vn 0.9999999999996885 1.2859789973586163e-13 7.893282827351125e-7
vn 0 -0.9999999999999867 1.6292067894774215e-7
vn 0 -0.9999999999999867 1.6292067894774215e-7
vn 0.500000121947118 -1.410934352999253e-7 -0.8660253333782143
vn 0.500000121947118 -1.410934352999253e-7 -0.8660253333782143
vn 0.7129917667825838 -1.1423548416198285e-7 -0.7011724042632003
vn 0.7129917667825838 -1.1423548416198285e-7 -0.7011724042632003
vn -0.5000000514340686 1.4109344193254629e-7 0.8660253740889517
vn -0.5000000514340686 1.4109344193254629e-7 0.8660253740889517
vn -0.5000005381096856 1.4109339615468345e-7 0.8660250931064324
vn -0.5000005381096856 1.4109339615468345e-7 0.8660250931064324
vn -0.49999963527137303 1.4109348107774937e-7 0.8660256143604957
vn -0.49999963527137303 1.4109348107774937e-7 0.8660256143604957
vn -0.000003264012320851982 0.9999999999946598 -1.629206789468743e-7
vn -0.000003910266968857404 0.9999999999923417 -1.6292067894649662e-7
vn -0.000007850679139422931 0.9999999999691702 -1.6292067894272152e-7
vn -0.000007850679139422931 0.9999999999691702 -1.6292067894272152e-7
vn 0 -0.9999999999999867 1.6292067894774215e-7
vn 0 -0.9999999999999867 1.6292067894774215e-7
vn 0 -0.9999999999999867 1.6292067894774215e-7
vn 0 -0.9999999999999867 1.6292067894774215e-7
vn 0 0.9999999999999867 -1.6292067894774215e-7
vn 0 0.9999999999999867 -1.6292067894774215e-7
vn 0 0.9999999999999867 -1.6292067894774215e-7
vn 0 0.9999999999999867 -1.6292067894774215e-7
vn 0.000001955134166560939 -0.9999999999980754 1.6292067894743079e-7
vn 0.000001632006274119349 -0.9999999999986551 1.629206789475252e-7
vn -0.4999997246783745 1.410934726679286e-7 0.8660255627413835
vn -0.4999997246783745 1.410934726679286e-7 0.8660255627413835
vn 0.2507370233156552 -1.5771621674491772e-7 -0.9680552386815432
vn 0.2507370233156552 -1.5771621674491772e-7 -0.9680552386815432
vn 0.5665669338381601 1.3424920083036886e-7 0.8240157216225962
vn 0.5665669338381601 1.3424920083036886e-7 0.8240157216225962
vn 0.5665669338381601 1.3424920083036886e-7 0.8240157216225962
vn 0.5665669338381601 1.3424920083036886e-7 0.8240157216225962
vn -0.9969020029097506 -1.2814305993646545e-8 -0.07865364959445477
vn -0.9969020029097506 -1.2814305993646545e-8 -0.07865364959445477
vn -0.9969020029097506 -1.2814305993646545e-8 -0.07865364959445477
vn -0.9969020029097506 -1.2814305993646545e-8 -0.07865364959445477
vn 0 0.9999999999999867 -1.6292067894774215e-7
vn 0 0.9999999999999867 -1.6292067894774215e-7
vn 0.8005508742373889 -9.763262771013062e-8 -0.5992647976960961
vn 0.8005508742373889 -9.763262771013062e-8 -0.5992647976960961
vn 0.11870240457367089 -1.6176880958603178e-7 -0.992929876249276
vn 0.11870240457367089 -1.6176880958603178e-7 -0.992929876249276
vn 0 -0.9999999999999867 1.6292067894774215e-7
vn 0 -0.9999999999999867 1.6292067894774215e-7
vn -0.4999997728396807 1.410934681377685e-7 0.8660255349354591
vn -0.4999997728396807 1.410934681377685e-7 0.8660255349354591
vn 0.0000039253400245495396 -0.9999999999922825 1.6292067894648698e-7
vn 0.0000039253400245495396 -0.9999999999922825 1.6292067894648698e-7
vn 0.0000012594737829576524 0.24195320513313848 -0.9702879193951739
vn 0.000001923596601949572 0.30039232910681224 -0.9538157309512589
vn 0.29474731794205405 0.3003920571735002 -0.90713209101709
vn 0.2998374027284282 0.24195329088735726 -0.9227979935792278
vn 0.5606389153348513 0.3003917329044222 -0.7716532987131202
vn 0.5703208954074033 0.24195246645206053 -0.7849796686790443
vn 0.771652649004952 0.30039209327039423 -0.5606396164955444
vn 0.7849785416433026 0.24195342422578345 -0.5703220403114121
vn 0.9071328203296355 0.30039253543305655 -0.2947445859331448
vn 0.9227986304393918 0.2419533530860054 -0.29983539248998226
vn 0.9538155687886872 0.30039284401646316 1.1873405424438534e-7
vn 0.9702878030238516 0.24195367181166383 2.343355969770201e-8
vn 0.9702878030238516 0.24195367181166383 2.343355969770201e-8
vn 0.9538155687886872 0.30039284401646316 1.1873405424438534e-7
vn 0.9071326408094628 0.3003930086048385 0.29474465620157325
vn 0.9227984935433778 0.2419536845660001 0.29983554632332865
vn 0.7716520752605371 0.3003931024927759 0.5606398654402583
vn 0.7849791116480902 0.24195363183566335 0.5703211676921235
vn 0.5606381246261405 0.3003928081803028 0.7716534546085024
vn 0.570321194820552 0.24195355728548992 0.7849791149166677
vn 0.2947452697944685 0.3003927491256504 0.9071325273666025
vn 0.2998362173188921 0.2419535133126066 0.9227983204252077
vn -0.000002081955564733325 0.3003929722989878 0.9538155283853608
vn -5.052400908583036e-7 0.24195374571863423 0.9702877845940693
vn -5.052400908583036e-7 0.24195374571863423 0.9702877845940693
vn -0.000002081955564733325 0.3003929722989878 0.9538155283853608
vn -0.2947469564633782 0.3003928262379697 0.9071319537974288
vn -0.2998367303248175 0.24195371216509787 0.9227981016005894
vn -0.5606398054466085 0.3003927868828558 0.7716522417109536
vn -0.5703219360467715 0.24195362790776953 0.7849785546154309
vn -0.7716528184716702 0.3003930769738259 0.5606388561729598
vn -0.7849796169626649 0.24195369327630406 0.5703204461205157
vn -0.9071321591537168 0.30039325549244994 0.29474588696666043
vn -0.9227984750295458 0.24195387342682792 0.29983545090082225
vn -0.9538155634100873 0.3003928610941947 -5.84566470341258e-7
vn -0.9702878450029362 0.24195350346566902 -4.963109058581865e-7
vn -0.9702878450029362 0.24195350346566902 -4.963109058581865e-7
vn -0.9538155634100873 0.3003928610941947 -5.84566470341258e-7
vn -0.9071315980159774 0.3003934392325733 -0.29474742670124454
vn -0.9227979385435916 0.24195379061733588 -0.2998371688526958
vn -0.771650431533777 0.30039357867606653 -0.5606418726815913
vn -0.7849773448600534 0.24195404515783644 -0.5703234241097067
vn -0.5606360974573428 0.30039291617814545 -0.7716548853845159
vn -0.5703189554570636 0.2419535106032638 -0.7849807562947771
vn -0.29474369533830624 0.3003924283348114 -0.9071331451652701
vn -0.29983463028925933 0.24195322147022785 -0.9227989126020261
vn 0.000001923596601949572 0.30039232910681224 -0.9538157309512589
vn 0.0000012594737829576524 0.24195320513313848 -0.9702879193951739
vn 0.7932584234490658 -0.19641410150753066 -0.5763354703261737
vn 0.9325310575325835 -0.19641407273780861 -0.3029972586801879
vn 0.9325310484626304 -0.19641405827325278 -0.3029972959711333
vn 0.7932583468507172 -0.19641409729983647 -0.576335577188809
vn -0.30838715677459505 0.06372004112484629 -0.9491243953747734
vn -0.3066289179281028 0.12405651545991539 -0.9437100654661815
vn 5.783298927477987e-7 0.12405658076552951 -0.992275145697216
vn 4.832741156854139e-7 0.06372009460740669 -0.9979678098731388
vn -0.586589031015377 0.06372003434610662 -0.8073741796189495
vn -0.5832432010439341 0.12405660021451444 -0.8027685397293801
vn -0.8073726914508803 0.0637200563881463 -0.5865910769124035
vn -0.8027665561775664 0.12405679476029029 -0.5832458897897294
vn -0.9491235088926304 0.06372013526791677 -0.3083898656389006
vn -0.9437094022397718 0.12405661307896249 -0.30663091963406
vn -0.997967805882306 0.06372015710248068 -0.0000011364100856051929
vn -0.9922751392431899 0.12405663238747915 -7.655070265247933e-7
vn -0.9491239244074772 0.06372015768378285 0.30838858218504717
vn -0.943709882890589 0.12405681035062041 0.3066293605319962
vn -0.9922751392431899 0.12405663238747915 -7.655070265247933e-7
vn -0.997967805882306 0.06372015710248068 -0.0000011364100856051929
vn -0.80737338867426 0.06372031315567861 0.5865900893741594
vn -0.8027679968576045 0.12405679835200484 0.5832439061009375
vn -0.586591823258027 0.06372043053538991 0.8073721196692443
vn -0.5832456732609158 0.12405694234159682 0.8027666906886923
vn -0.3083897001895561 0.06372048045248621 0.9491235394762371
vn -0.30663067463485094 0.12405705326799323 0.943709423979351
vn 1.8364418451474468e-7 0.06372050883053607 0.9979677834250682
vn 5.734904874410064e-7 0.12405699211946139 0.9922750942686926
vn 0.3083894831278979 0.0637205519205472 0.949123605205902
vn 0.3066308417377781 0.12405691441949279 0.9437093879367188
vn 5.734904874410064e-7 0.12405699211946139 0.9922750942686926
vn 1.8364418451474468e-7 0.06372050883053607 0.9979677834250682
vn 0.5865913699094558 0.06372041818580129 0.8073724500216579
vn 0.5832456135720826 0.12405683801557457 0.8027667501774738
vn 0.8073726096426973 0.06372033517839114 0.5865911592271862
vn 0.8027675006200576 0.12405678966396633 0.583244590962056
vn 0.9491235566165968 0.06372026475876261 0.30838969200434546
vn 0.9437094815584758 0.12405680460561323 0.3066305980290904
vn 0.9979678137055366 0.06372003458715732 5.7277059609306215e-8
vn 0.9922751273202957 0.12405672775585726 -1.2952034481515713e-8
vn 0.9491236189214529 0.06372009739873244 -0.3083895348304484
vn 0.9437095752899877 0.12405662722253388 -0.30663038131952985
vn 0.9922751273202957 0.12405672775585726 -1.2952034481515713e-8
vn 0.9979678137055366 0.06372003458715732 5.7277059609306215e-8
vn 0.8073722781404983 0.06372017865329316 -0.586591632503068
vn 0.8027665450476548 0.1240569047990185 -0.5832458817033677
vn 0.5865909925234678 0.06372019766761378 -0.8073727416129016
vn 0.5832446813305393 0.12405628519960817 -0.8027675129214628
vn 0.30838983444388085 0.06372019794191866 -0.949123514820868
vn 0.3066311756195006 0.12405679102782978 -0.943709295672179
vn 4.832741156854139e-7 0.06372009460740669 -0.9979678098731388
vn 5.783298927477987e-7 0.12405658076552951 -0.992275145697216
vn 0 -0.9999999999999867 1.6292067894774215e-7
vn -0.000005964699084764411 -0.9999999999821979 1.62920678944844e-7
vn -0.000005964702267995867 -0.9999999999821979 1.62920678944844e-7
vn 0 -0.9999999999999867 1.6292067894774215e-7
vn 0 -0.9999999999999867 1.6292067894774215e-7
vn 0 -0.9999999999999867 1.6292067894774215e-7
vn 0.000047717687212087065 -0.9999999988614979 1.629206787622588e-7
vn 0.00004771729067239844 -0.9999999988615168 1.6292067876226187e-7
vn 3.7898334470654044e-10 -0.9999999999999867 1.6292067894774215e-7
vn 3.242414392534697e-10 -0.9999999999999867 1.6292067894774215e-7
vn -0.00009543426087671802 -0.9999999954461376 1.6292067820582597e-7
vn -0.00009543424632480298 -0.9999999954461388 1.6292067820582618e-7
vn 3.24241272720016e-10 -0.9999999999999867 1.6292067894774215e-7
vn 2.624811756835043e-10 -0.9999999999999867 1.6292067894774215e-7
vn 0.00004771769085006585 -0.9999999988614977 1.6292067876225877e-7
vn 0.00004771717061909821 -0.9999999988615226 1.6292067876226282e-7
vn 0 -0.9999999999999867 1.6292067894774215e-7
vn 0 -0.9999999999999867 1.6292067894774215e-7
vn 0 -0.9999999999999867 1.6292067894774215e-7
vn 0 -0.9999999999999867 1.6292067894774215e-7
vn 0 -0.9999999999999867 1.6292067894774215e-7
vn 0 -0.9999999999999867 1.6292067894774215e-7
vn 0 -0.9999999999999867 1.6292067894774215e-7
vn 0 -0.9999999999999867 1.6292067894774215e-7
vn 0 -0.9999999999999867 1.6292067894774215e-7
vn 0 -0.9999999999999867 1.6292067894774215e-7
vn 0.00004771723610271652 -0.9999999988615194 1.629206787622623e-7
vn 0.00004771719608494978 -0.9999999988615212 1.629206787622626e-7
vn 0.00004771723246473773 -0.9999999988615196 1.6292067876226232e-7
vn 0.00004771719244697099 -0.9999999988615215 1.6292067876226263e-7
vn 0 -0.9999999999999867 1.6292067894774215e-7
vn 0 -0.9999999999999867 1.6292067894774215e-7
vn 0 -0.9999999999999867 1.6292067894774215e-7
vn 0 -0.9999999999999867 1.6292067894774215e-7
vn 0 -0.9999999999999867 1.6292067894774215e-7
vn 0 -0.9999999999999867 1.6292067894774215e-7
vn -0.000023858663546465 -0.9999999997153688 1.6292067890137202e-7
vn -0.000023858658089496797 -0.999999999715369 1.6292067890137205e-7
vn -0.00002982333534002216 -0.9999999995552711 1.6292067887528878e-7
vn -0.000029823395366672394 -0.9999999995552691 1.6292067887528846e-7
vn -0.9325310999575468 -0.19641263860802838 -0.30299805776110134
vn -0.7932580027527943 -0.19641305742595996 -0.57633640518471
vn -0.7932581060925437 -0.19641302369427432 -0.5763362744455213
vn -0.9325310995412145 -0.19641267066970194 -0.3029980382590764
vn 0.9805210383845486 -0.19641408626932577 5.215824565716743e-7
vn 0.9805210378142193 -0.19641408911647468 5.216255711425884e-7
vn -0.5763343718933999 -0.19641310936939602 -0.7932594671619657
vn -0.5763345185624482 -0.19641309841450907 -0.7932593633135404
vn -8.176024557153216e-7 -0.19641297804882657 0.9805212603780311
vn -0.3029964189217988 -0.19641277880394414 0.9325316029192141
vn -0.30299654402837245 -0.19641278262677822 0.932531561464634
vn -9.698353760270805e-7 -0.19641300385419827 0.9805212552086927
vn 0.9805210383845486 -0.19641408626932577 5.215824565716743e-7
vn 0.9325305763999645 -0.19641394564841233 0.3029988218359472
vn 0.9325305433658642 -0.1964139512448094 0.3029989198762392
vn 0.9805210378142193 -0.19641408911647468 5.216255711425884e-7
vn -0.30299701785824845 -0.19641324844743768 -0.9325313093957401
vn -0.30299716914425434 -0.19641326482293153 -0.9325312567909804
vn -0.5763350224422816 -0.19641265543883574 0.7932591069063876
vn -0.5763350639353243 -0.19641263436531767 0.7932590819778503
vn 0.7932576352835612 -0.19641362729693926 0.5763367167519275
vn 0.793257568480771 -0.19641361047065706 0.5763368144321998
vn -7.049987286378721e-7 -0.19641350959052517 -0.9805211539022683
vn -8.521368948020578e-7 -0.19641352676399643 -0.9805211504620401
vn -0.7932587544997628 -0.1964125062810667 0.576335558321604
vn -0.7932587742759286 -0.19641251132061419 0.5763355293845597
vn 0.5763354414945051 -0.1964133415124328 0.7932586325740516
vn 0.5763352931388116 -0.1964133667936565 0.7932587341009115
vn -7.049987286378721e-7 -0.19641350959052517 -0.9805211539022683
vn 0.30299834662787983 -0.19641364278284157 -0.9325307945958383
vn 0.3029982365893328 -0.19641367852994246 -0.9325308228203993
vn -8.521368948020578e-7 -0.19641352676399643 -0.9805211504620401
vn -0.932531155291745 -0.19641250917696784 0.30299797136127943
vn -0.9325311637125404 -0.19641251095058587 0.30299794429504184
vn 0.3029962796185635 -0.19641328731893862 0.9325315410761598
vn 0.30299616201553065 -0.1964132927779795 0.9325315781376898
vn 0.5763369232923841 -0.19641378137974103 -0.7932574470712392
vn 0.5763368620445872 -0.1964138201113458 -0.7932574819803886
vn -0.9805213448984766 -0.1964125561120763 5.6478794154734516e-8
vn -0.9805213420287107 -0.19641257043837929 6.966319346814289e-8
vn -8.176024557153216e-7 -0.19641297804882657 0.9805212603780311
vn -9.698353760270805e-7 -0.19641300385419827 0.9805212552086927
vn -0.9805213448984766 -0.1964125561120763 5.6478794154734516e-8
vn -0.9805213420287107 -0.19641257043837929 6.966319346814289e-8
vn 0.8402939904985894 0.24195317777333067 0.48514396759863276
vn 0.8260290849218994 0.30039204445109885 0.4769072975889324
vn 0.6382274057105067 0.300392118547855 0.7088232175333757
vn 0.6492486649947343 0.24195352224047206 0.721064951358742
vn 0.38795076050452065 0.3003923388925711 0.871354491672944
vn 0.394650725845478 0.2419529020302004 0.8864026160773679
vn 0.09970010780234519 0.3003925427332574 0.9485906434149817
vn 0.10142282405894298 0.24195369143197518 0.9649724462192426
vn -0.1983101491824928 0.30039247788566514 0.9329723704166847
vn -0.20173440661520306 0.2419534326592199 0.9490846988609776
vn -0.47690751973650086 0.30039255257483544 0.8260287718816783
vn -0.48514394196316146 0.24195342659362712 0.8402939336541988
vn -0.48514394196316146 0.24195342659362712 0.8402939336541988
vn -0.47690751973650086 0.30039255257483544 0.8260287718816783
vn -0.7088231907964778 0.30039269628144544 0.6382271634848075
vn -0.7210646542864517 0.24195364664372399 0.6492489485663907
vn -0.8713542261422561 0.3003925617433004 0.3879511843432462
vn -0.8864022107481868 0.24195360690165724 0.3946512040878699
vn -0.9485905227623596 0.30039255636331685 0.09970121467136299
vn -0.9649725268863764 0.24195341202872725 0.10142272310571601
vn -0.9329722602119858 0.30039341320649743 -0.19830925086109633
vn -0.9490846536813481 0.24195373053342625 -0.20173426190787117
vn -0.826028510655526 0.3003928804519264 -0.47690776567173687
vn -0.8402939429014527 0.24195358939489017 -0.4851438447533463
vn -0.8402939429014527 0.24195358939489017 -0.4851438447533463
vn -0.826028510655526 0.3003928804519264 -0.47690776567173687
vn -0.6382266787775122 0.3003924781341988 -0.7088237196771996
vn -0.6492486671499501 0.241953452003638 -0.7210649729861633
vn -0.38795056901991326 0.3003927306116343 -0.8713544418850526
vn -0.39465008836228477 0.2419535035104052 -0.8864027357215687
vn -0.09970011480414694 0.3003926568775523 -0.9485906065327049
vn -0.10142148281093771 0.2419534242380522 -0.964972654184517
vn 0.19831210241312947 0.30039253329781346 -0.9329719373997304
vn 0.20173576063407175 0.2419534339498295 -0.9490844107250304
vn 0.4769094265983878 0.30039237252105044 -0.826027736430667
vn 0.4851452811240866 0.24195340510364902 -0.8402931666756435
vn 0.4851452811240866 0.24195340510364902 -0.8402931666756435
vn 0.4769094265983878 0.30039237252105044 -0.826027736430667
vn 0.7088235574930751 0.3003924921639332 -0.6382268522981484
vn 0.7210650011940538 0.24195338679094844 -0.6492486601244618
vn 0.8713546190192116 0.30039250708939197 -0.38795034424322133
vn 0.8864025175926363 0.24195346581476038 -0.3946506014003545
vn 0.9485905514797868 0.3003931806739606 -0.0996990604161106
vn 0.964972619059027 0.24195381932483162 -0.1014208744809898
vn 0.9329720904255141 0.300392874073137 0.19831086630118622
vn 0.9490843530500035 0.24195364659053709 0.20173577693903907
vn 0.8260290849218994 0.30039204445109885 0.4769072975889324
vn 0.8402939904985894 0.24195317777333067 0.48514396759863276
vn 0.1024904554319539 -0.19641376145365094 0.975149906864057
vn -0.20386202723581426 -0.19641373414007576 0.9590943222084342
vn -0.20386198582467208 -0.19641375275770484 0.9590943271979333
vn 0.10249054501500655 -0.19641376241389655 0.97514989725526
vn 0.9761594773933899 0.06372032093275402 0.20749071158799046
vn 0.9705911729969396 0.12405685514474533 0.2063072262234659
vn 0.8593352467283369 0.12405680051155854 0.4961379283799853
vn 0.8642654111690264 0.06372037237255652 0.4989839809067386
vn 0.9925010856912854 0.06372008299618287 -0.10431369001516257
vn 0.986839557225752 0.1240567724648356 -0.10371887726007033
vn 0.9116895346579161 0.06372010486964222 -0.40590878363326227
vn 0.9064888487305097 0.12405675140875233 -0.4035937184312239
vn 0.741635394839787 0.06372011346126938 -0.6677699366258685
vn 0.7374049591166829 0.12405670814456735 -0.6639607363650784
vn 0.4989850576405119 0.0637200376784067 -0.8642648141916675
vn 0.4961387502284141 0.12405671303091735 -0.8593347848619606
vn 0.20748961785537837 0.06372001301991208 -0.97615972997403
vn 0.2063061001404518 0.12405666406199738 -0.9705914367779301
vn 0.4961387502284141 0.12405671303091735 -0.8593347848619606
vn 0.4989850576405119 0.0637200376784067 -0.8642648141916675
vn -0.10431564175534544 0.06372005165049811 -0.9925008825703019
vn -0.10371998355057821 0.12405661397552523 -0.986839460875575
vn -0.40590998738778417 0.06372010788430849 -0.911688998502264
vn -0.40359374422816235 0.12405668935931535 -0.9064888457367245
vn -0.6677705770881861 0.06372020351358422 -0.7416348104286222
vn -0.6639612088788358 0.12405678855459676 -0.7374045201364546
vn -0.8642652717982634 0.06372036036409949 -0.49898422383733076
vn -0.8593354043779248 0.12405680600316683 -0.4961376539499107
vn -0.9761596775837458 0.06372042997337071 -0.20748973628496944
vn -0.97059143985195 0.12405674685265576 -0.2063060358943844
vn -0.8593354043779248 0.12405680600316683 -0.4961376539499107
vn -0.8642652717982634 0.06372036036409949 -0.49898422383733076
vn -0.9925008532819811 0.06372027000751795 0.10431578703488896
vn -0.9868393645047049 0.12405674486572561 0.1037207439101289
vn -0.9116892791271858 0.06372016559570001 0.4059093480335348
vn -0.9064885859235454 0.12405691008760025 0.4035942599317389
vn -0.7416348602597854 0.06372035123069447 0.6677705076495108
vn -0.737404448319475 0.12405696605772065 0.6639612554744474
vn -0.49898359868754955 0.06372039397133228 0.8642656302508858
vn -0.49613757302345135 0.12405687009793695 0.8593354418478869
vn -0.20748934753330703 0.0637204496571393 0.9761597589307267
vn -0.20630556280760112 0.12405689188791286 0.9705915218719713
vn -0.49613757302345135 0.12405687009793695 0.8593354418478869
vn -0.49898359868754955 0.06372039397133228 0.8642656302508858
vn 0.10431657460208142 0.06372065455028478 0.992500745816834
vn 0.10372173045223396 0.12405719898352806 0.9868392037269069
vn 0.40591071072534624 0.06372075916837602 0.9116886309313341
vn 0.4035945414021616 0.12405669185630493 0.9064884904708106
vn 0.6677712965391147 0.06372055909074659 0.7416341320810635
vn 0.6639612572749732 0.1240571981005761 0.7374044076605938
vn 0.8642654111690264 0.06372037237255652 0.4989839809067386
vn 0.8593352467283369 0.12405680051155854 0.4961379283799853
vn 0.0000477171124114375 -0.9999999988615255 1.6292067876226327e-7
vn 0.00002385856350204789 -0.9999999997153711 1.629206789013724e-7
vn 0.00002385863262364517 -0.9999999997153697 1.6292067890137215e-7
vn 0.000047717108773458716 -0.9999999988615257 1.6292067876226332e-7
vn 0.000035787776118742416 -0.9999999993596042 1.629206788434106e-7
vn 0.000035787794308636424 -0.9999999993596037 1.6292067884341053e-7
vn 0.00001491157399703042 -0.9999999998888092 1.6292067892962904e-7
vn 0.000014911655851553552 -0.9999999998888079 1.6292067892962883e-7
vn 0.0000029823481781799427 -0.9999999999955396 1.6292067894701765e-7
vn 0.0000029823536351481533 -0.9999999999955396 1.6292067894701765e-7
vn 0 -0.9999999999999867 1.6292067894774215e-7
vn 0 -0.9999999999999867 1.6292067894774215e-7
vn 0 -0.9999999999999867 1.6292067894774215e-7
vn 0 -0.9999999999999867 1.6292067894774215e-7
vn 0 -0.9999999999999867 1.6292067894774215e-7
vn 0 -0.9999999999999867 1.6292067894774215e-7
vn 0 -0.9999999999999867 1.6292067894774215e-7
vn 0 -0.9999999999999867 1.6292067894774215e-7
vn 0 -0.9999999999999867 1.6292067894774215e-7
vn 0 -0.9999999999999867 1.6292067894774215e-7
vn 0.00002385850529438703 -0.9999999997153727 1.6292067890137266e-7
vn 0.000023858541674175072 -0.9999999997153718 1.6292067890137252e-7
vn 0.000023858479828535406 -0.9999999997153733 1.6292067890137276e-7
vn 0.000023858568959016095 -0.9999999997153709 1.6292067890137236e-7
vn 0 -0.9999999999999867 1.6292067894774215e-7
vn 0 -0.9999999999999867 1.6292067894774215e-7
vn 0.0000029823158911180298 -0.9999999999955396 1.6292067894701765e-7
vn 0.0000029823142995023017 -0.9999999999955396 1.6292067894701765e-7
vn 0.0000029823188469758105 -0.9999999999955396 1.6292067894701765e-7
vn 0.0000029823104341498195 -0.9999999999955396 1.6292067894701765e-7
vn 0.000023858608976782942 -0.9999999997153701 1.6292067890137223e-7
vn 0.000023858559864069084 -0.9999999997153711 1.629206789013724e-7
vn 0.00007157571944700149 -0.9999999974384449 1.6292067853041405e-7
vn 0.00007157567579125614 -0.9999999974384481 1.6292067853041455e-7
vn 0.00004771715970516183 -0.999999998861523 1.6292067876226287e-7
vn 0.000047717054203776786 -0.9999999988615282 1.6292067876226372e-7
vn 0 -0.9999999999999867 1.6292067894774215e-7
vn 0 -0.9999999999999867 1.6292067894774215e-7
vn 0 -0.9999999999999867 1.6292067894774215e-7
vn 0 -0.9999999999999867 1.6292067894774215e-7
vn 0.7286694245663413 -0.19641264452667784 -0.656096748027449
vn 0.8957509082419153 -0.19641291756074286 -0.3988135857754355
vn 0.8957508589240423 -0.1964129383806109 -0.39881368629165004
vn 0.7286693417506809 -0.19641262336901305 -0.6560968463374383
vn -0.4902611447727096 -0.19641378686550273 0.8491558362605212
vn -0.4902610958847671 -0.19641379412036183 0.8491558628079485
vn 0.9751499680583744 -0.19641288870252746 -0.10249154573563483
vn 0.9751499519252308 -0.196412915255358 -0.10249164834810663
vn -0.8491566378181626 -0.1964128574848015 -0.49026012877248026
vn -0.65609737180963 -0.19641290839342518 -0.728668791784671
vn -0.6560972488445672 -0.19641289236793313 -0.7286689068227441
vn -0.8491565559206715 -0.19641288324513578 -0.4902602603029091
vn -0.4902611447727096 -0.19641378686550273 0.8491558362605212
vn -0.7286702315023437 -0.19641372088924203 0.6560955296058371
vn -0.7286702594592859 -0.19641371235857602 0.6560955011102115
vn -0.4902610958847671 -0.19641379412036183 0.8491558628079485
vn 0.9590944032507455 -0.19641297944622274 0.20386237308084673
vn 0.9590944494412476 -0.19641292930096274 0.20386220408502703
vn -0.3988147515223589 -0.19641292508377706 -0.8957503875679842
vn -0.39881467606848797 -0.1964129019294609 -0.8957504262393822
vn -0.8957513758553289 -0.19641362188504477 0.39881218861925954
vn -0.8957514420004937 -0.19641361024956494 0.3988120457844372
vn 0.8491561845609105 -0.19641328433705996 0.4902607428276163
vn 0.8491562508144214 -0.19641328587498935 0.49026062745705473
vn -0.10249213365869768 -0.19641287636467009 -0.9751499087505697
vn -0.10249209851221501 -0.1964128512221245 -0.9751499175087684
vn -0.9751499303501528 -0.19641359276960016 0.10249055524012875
vn -0.9751499437536284 -0.19641359546933482 0.10249042253842111
vn 0.8491561845609105 -0.19641328433705996 0.4902607428276163
vn 0.6560953538260651 -0.19641362720383826 0.7286704150275913
vn 0.6560954162688478 -0.19641362805349502 0.7286703585750355
vn 0.8491562508144214 -0.19641328587498935 0.49026062745705473
vn 0.20386235090676805 -0.19641264194076882 -0.9590944770816966
vn 0.20386239638015363 -0.19641262832592055 -0.9590944702041843
vn -0.9590942769045928 -0.19641341694048609 -0.20386254598287268
vn -0.9590942478757868 -0.1964134258968433 -0.20386267392302101
vn 0.39881123559103604 -0.1964137509400135 0.8957517718698778
vn 0.3988113559657099 -0.19641376641513547 0.8957517148827638
vn 0.49026003308075455 -0.19641252512811735 -0.849156769940895
vn 0.4902600366903152 -0.19641252361272515 -0.8491567682074327
vn -0.8491566378181626 -0.1964128574848015 -0.49026012877248026
vn -0.8491565559206715 -0.19641288324513578 -0.4902602603029091
vn 0.49026003308075455 -0.19641252512811735 -0.849156769940895
vn 0.4902600366903152 -0.19641252361272515 -0.8491567682074327
vn -0.840294292160504 0.24195330255288364 0.48514338287379555
vn -0.8260284897870777 0.30039262457594773 0.4769079629870457
vn -0.9329729246007932 0.30039251635141484 0.19830748367600193
vn -0.9490850982712032 0.24195363962209016 0.2017322793039436
vn -0.9485905580605628 0.30039215855135404 -0.09970207740668349
vn -0.9649725995268013 0.24195278624685268 -0.10142352483458908
vn -0.8713544869875837 0.30039220464570987 -0.3879508749760654
vn -0.8864024309933864 0.24195345707764945 -0.3946508012625704
vn -0.7088209672828277 0.3003929574690321 -0.6382295100065846
vn -0.7210632673643981 0.24195360853128814 -0.6492505031006651
vn -0.47690448302057437 0.3003927842840375 -0.8260304408585452
vn -0.48514219101683503 0.24195351410471516 -0.8402949193632936
vn -0.48514219101683503 0.24195351410471516 -0.8402949193632936
vn -0.47690448302057437 0.3003927842840375 -0.8260304408585452
vn -0.19830805898965093 0.3003923167912032 -0.9329728665682461
vn -0.20173295860169904 0.24195320969551187 -0.9490850634858
vn 0.09970018241443064 0.3003922413174371 -0.948590731023035
vn 0.10142287941094387 0.24195327745201076 -0.9649725442012449
vn 0.38794918627720093 0.3003926916444901 -0.8713550709518111
vn 0.3946506512407231 0.24195348654585053 -0.886402489743559
vn 0.6382264845893664 0.3003926497119638 -0.708823821811686
vn 0.6492491542554062 0.24195337401304753 -0.7210645605646848
vn 0.8260284541082143 0.3003926946232488 -0.4769079806635421
vn 0.8402939496199829 0.2419534892826438 -0.48514388304502304
vn 0.8402939496199829 0.2419534892826438 -0.48514388304502304
vn 0.8260284541082143 0.3003926946232488 -0.4769079806635421
vn 0.9329724075747795 0.30039278581123896 -0.19830950793313595
vn 0.9490848351590091 0.24195347789288194 -0.20173371113112218
vn 0.9485903696424891 0.3003930035867459 0.09970132405168411
vn 0.9649724127633392 0.24195359211805725 0.10142337929130854
vn 0.8713537564246 0.30039234632754686 0.38795240614355037
vn 0.8864019180292122 0.24195335229271672 0.3946520176414279
vn 0.7088219679337511 0.30039298126485425 0.6382283874768789
vn 0.721063734397987 0.2419537473877086 0.6492499326615859
vn 0.4769059088234128 0.3003931288494935 0.8260294923725947
vn 0.48514304275777276 0.24195381146253647 0.8402943419912342
vn 0.48514304275777276 0.24195381146253647 0.8402943419912342
vn 0.4769059088234128 0.3003931288494935 0.8260294923725947
vn 0.19830783867299565 0.3003927520804093 0.9329727732460379
vn 0.20173317791544462 0.24195360628276258 0.9490849157661824
vn -0.09970430230921708 0.30039266143032084 0.9485901649605275
vn -0.10142528371795616 0.24195357453088623 0.9649722170065099
vn -0.38795314993973146 0.3003928495965438 0.8713532517659579
vn -0.3946528904392017 0.2419536105567577 0.8864014589375021
vn -0.6382266730638534 0.30039273621135304 0.7088236154511934
vn -0.6492495449435302 0.2419535169779665 0.7210641608155349
vn -0.8260284897870777 0.30039262457594773 0.4769079629870457
vn -0.840294292160504 0.24195330255288364 0.48514338287379555
vn -0.8957502264344465 -0.19641398654062764 -0.3988145906732305
vn -0.7286685962020361 -0.19641410648492189 -0.6560972303574251
vn -0.7286685682449491 -0.19641411501558562 -0.6560972588530609
vn -0.8957502568855815 -0.1964139950491966 -0.39881451808858365
vn -0.667771902927565 0.06372031420837634 0.7416336071253006
vn -0.6639626745635014 0.12405678584786864 0.7374032008823789
vn -0.859335943635843 0.12405666375210443 0.4961367554960954
vn -0.8642657489640514 0.06372027844719712 0.49898340782256384
vn -0.4059118191732392 0.06372033538975068 0.9116881670359057
vn -0.40359612062472294 0.12405683906542746 0.9064877672080129
vn -0.10431743597250433 0.06372042636380414 0.9925006699323369
vn -0.1037226096187413 0.12405693821089543 0.9868391441038485
vn 0.20748772168407947 0.06372038210362858 0.9761601089242058
vn 0.20630465690953723 0.12405688628510345 0.9705917151422028
vn 0.4989824215960078 0.0637202579709077 0.8642663198703886
vn 0.4961368793266706 0.12405685313561171 0.8593358448022996
vn 0.7416338720316306 0.06372031100915164 0.6677716090253223
vn 0.737403633271273 0.12405693207154599 0.6639621670270991
vn 0.4961368793266706 0.12405685313561171 0.8593358448022996
vn 0.4989824215960078 0.0637202579709077 0.8642663198703886
vn 0.9116885678991554 0.0637204373830126 0.40591090281206366
vn 0.90648818639369 0.12405690576642452 0.40359515861855816
vn 0.9925007204975973 0.06372042559834637 0.1043169553491475
vn 0.9868392398480185 0.12405679633517067 0.10372186837518456
vn 0.976159969532912 0.06372032137818344 -0.20748839612124198
vn 0.9705917222091727 0.12405675246891927 -0.20630470412934707
vn 0.8642657121808444 0.0637203143114902 -0.4989834669531475
vn 0.859335631914775 0.12405680443230728 -0.4961372602372032
vn 0.6677711031791311 0.06372037388931337 -0.741634322095689
vn 0.6639619947956128 0.1240567608182087 -0.7374038171601258
vn 0.859335631914775 0.12405680443230728 -0.4961372602372032
vn 0.8642657121808444 0.0637203143114902 -0.4989834669531475
vn 0.40591022942646093 0.0637202602363952 -0.9116888800914289
vn 0.40359500562796574 0.12405678174865856 -0.9064882714819468
vn 0.10431628898412117 0.06372024022092523 -0.9925008024373425
vn 0.10372161396347056 0.12405676892568344 -0.9868392700336424
vn -0.2074886665583455 0.06372020001445097 -0.9761599199721109
vn -0.20630482815645942 0.12405664592241425 -0.9705917094648061
vn -0.4989835779638046 0.06372006136311213 -0.8642656667381396
vn -0.49613732202985317 0.12405661675156528 -0.8593356233330497
vn -0.7416348325015336 0.0637200940055835 -0.6677705630232154
vn -0.7374042289471813 0.12405668586065191 -0.6639615514652071
vn -0.49613732202985317 0.12405661675156528 -0.8593356233330497
vn -0.4989835779638046 0.06372006136311213 -0.8642656667381396
vn -0.9116892899311754 0.06372022780386585 -0.4059093140018008
vn -0.9064887360736272 0.12405688641588646 -0.4035939299648024
vn -0.9925008088099316 0.06372030404381625 -0.10431618936768759
vn -0.9868393417869071 0.12405644003473279 -0.10372132465164885
vn -0.9761598672981073 0.06372025242435649 0.20748889827534803
vn -0.9705917230666473 0.12405696136213293 0.20630457448178627
vn -0.8642657489640514 0.06372027844719712 0.49898340782256384
vn -0.859335943635843 0.12405666375210443 0.4961367554960954
vn 0 -0.9999999999999867 1.6292067894774215e-7
vn 0 -0.9999999999999867 1.6292067894774215e-7
vn 0 -0.9999999999999867 1.6292067894774215e-7
vn 0 -0.9999999999999867 1.6292067894774215e-7
vn 0 -0.9999999999999867 1.6292067894774215e-7
vn 0 -0.9999999999999867 1.6292067894774215e-7
vn 0 -0.9999999999999867 1.6292067894774215e-7
vn 0 -0.9999999999999867 1.6292067894774215e-7
vn 0 -0.9999999999999867 1.6292067894774215e-7
vn 0 -0.9999999999999867 1.6292067894774215e-7
vn -0.00001192925810670815 -0.9999999999288331 1.6292067893614976e-7
vn -0.000011929264473171062 -0.9999999999288331 1.6292067893614976e-7
vn -0.000008946915840721227 -0.9999999999599631 1.6292067894122148e-7
vn -0.000008946937668594066 -0.9999999999599629 1.6292067894122145e-7
vn 0.0000029823315799016353 -0.9999999999955396 1.6292067894701765e-7
vn 0.000002982334535759416 -0.9999999999955396 1.6292067894701765e-7
vn 0 -0.9999999999999867 1.6292067894774215e-7
vn 0 -0.9999999999999867 1.6292067894774215e-7
vn 0 -0.9999999999999867 1.6292067894774215e-7
vn 0 -0.9999999999999867 1.6292067894774215e-7
vn 0.00004771735615601675 -0.9999999988615138 1.629206787622614e-7
vn 0.000047717432553571436 -0.9999999988615101 1.6292067876226078e-7
vn 0.000047717403449741074 -0.9999999988615114 1.62920678762261e-7
vn 0.00004771737434591071 -0.9999999988615127 1.629206787622612e-7
vn 0 -0.9999999999999867 1.6292067894774215e-7
vn 0 -0.9999999999999867 1.6292067894774215e-7
vn 0 -0.9999999999999867 1.6292067894774215e-7
vn 0 -0.9999999999999867 1.6292067894774215e-7
vn 0 -0.9999999999999867 1.6292067894774215e-7
vn 0 -0.9999999999999867 1.6292067894774215e-7
vn 0 -0.9999999999999867 1.6292067894774215e-7
vn 0 -0.9999999999999867 1.6292067894774215e-7
vn 0 -0.9999999999999867 1.6292067894774215e-7
vn 0 -0.9999999999999867 1.6292067894774215e-7
vn 0 -0.9999999999999867 1.6292067894774215e-7
vn 0 -0.9999999999999867 1.6292067894774215e-7
vn 0 -0.9999999999999867 1.6292067894774215e-7
vn 0 -0.9999999999999867 1.6292067894774215e-7
vn 0 -0.9999999999999867 1.6292067894774215e-7
vn 0 -0.9999999999999867 1.6292067894774215e-7
vn 0.2038614077569584 -0.1964122959534852 0.9590947484089523
vn -0.10249295378535603 -0.1964124560141871 0.9751499072177712
vn -0.10249288773451351 -0.1964124430377637 0.9751499167737121
vn 0.20386146141876685 -0.1964122742376791 0.9590947414499712
vn -0.49026008162380136 -0.19641406745569567 -0.8491563851680873
vn -0.4902600553750518 -0.19641407184076615 -0.8491563993085027
vn -0.3988142840465646 -0.19641263759781827 0.8957506587395255
vn -0.3988141863997364 -0.1964126484409062 0.8957506998371506
vn 0.8491565979947855 -0.19641331020945615 -0.4902600163734407
vn 0.9590944703822899 -0.19641321132712627 -0.20386183384410245
vn 0.9590945072075401 -0.1964132066621023 -0.2038616650894334
vn 0.8491566915473633 -0.19641330316055977 -0.4902598571593377
vn -0.49026008162380136 -0.19641406745569567 -0.8491563851680873
vn -0.20386143790837313 -0.1964140244126609 -0.9590943880285993
vn -0.20386139506274742 -0.19641402620264367 -0.9590943967691281
vn -0.4902600553750518 -0.19641407184076615 -0.8491563993085027
vn -0.6560970612096523 -0.19641307247167328 0.7286690272231249
vn -0.6560969702713316 -0.19641306309141982 0.7286691116328626
vn 0.97514998612077 -0.19641269792754817 0.102491739479257
vn 0.975149979347449 -0.19641269366755232 0.10249181208723966
vn 0.1024937236791409 -0.19641403021604023 -0.9751495092244452
vn 0.1024938198191717 -0.19641401393988409 -0.9751495023979133
vn -0.849156478607525 -0.1964132834173382 0.4902602338922546
vn -0.8491563974618287 -0.1964132933359425 0.4902603704671403
vn 0.8957508781247259 -0.19641246808250287 0.3988138747843688
vn 0.8957508833680478 -0.19641243942989042 0.39881387711884064
vn 0.39881526009761065 -0.1964137754031821 -0.8957499746833061
vn 0.3988153577444049 -0.19641376456007467 -0.8957499335855639
vn -0.849156478607525 -0.1964132834173382 0.4902602338922546
vn -0.9590946271011768 -0.1964133611985058 0.2038609521422875
vn -0.9590945952655051 -0.19641338448116527 0.20386107948588544
vn -0.8491563974618287 -0.1964132933359425 0.4902603704671403
vn 0.7286695073819949 -0.19641245190090703 0.6560967137167772
vn 0.7286694836902899 -0.19641243177889683 0.6560967460529173
vn 0.6560971326360229 -0.19641348931265132 -0.7286688505506587
vn 0.6560972556010843 -0.19641350533814647 -0.7286687355125835
vn -0.9751496720452164 -0.19641360725900597 -0.10249298509464885
vn -0.9751496860691077 -0.19641359518250479 -0.1024928748099291
vn 0.4902611634522084 -0.19641227739212064 0.8491561746228592
vn 0.4902611860913615 -0.1964122745223565 0.849156162215906
vn 0.8491565979947855 -0.19641331020945615 -0.4902600163734407
vn 0.8491566915473633 -0.19641330316055977 -0.4902598571593377
vn 0.4902611634522084 -0.19641227739212064 0.8491561746228592
vn 0.4902611860913615 -0.1964122745223565 0.849156162215906
vn 0.0000018323853119933558 0.25780430427766093 -0.9661971541525849
vn -9.603424239688505e-7 -0.09816758081803521 -0.9951698980955023
vn 0.3075244162505963 -0.09816767901910552 -0.9464628044491405
vn 0.29857212178950054 0.2578041576325536 -0.9189078867859852
vn 0.5849470438887927 -0.09816806862914487 -0.8051086797118677
vn 0.567917399602546 0.2578040844464332 -0.781669291498277
vn 0.567917399602546 0.2578040844464332 -0.781669291498277
vn 0.5849470438887927 -0.09816806862914487 -0.8051086797118677
vn 0.8051095312481255 -0.09816827876060596 -0.584945836585409
vn 0.7816705536739565 0.2578039482515319 -0.5679157241923942
vn 0.9464625035866573 -0.09816803490560935 -0.30752522860287107
vn 0.9189079354635061 0.25780447603250506 -0.29857169705081327
vn 0.9951699896343366 -0.09816665284695754 1.4015370647228836e-7
vn 0.9661970186099007 0.2578048122695515 -2.5035205452792435e-8
vn 0.9464631826925377 -0.09816553186504859 0.30752393754172047
vn 0.9189078277442585 0.2578048614864096 0.298571695752128
vn 0.9189078277442585 0.2578048614864096 0.298571695752128
vn 0.9464631826925377 -0.09816553186504859 0.30752393754172047
vn 0.8051102059185934 -0.09816566904172346 0.5849453459489281
vn 0.781669483450642 0.257804879237485 0.5679167746099354
vn 0.5849432427599597 -0.0981678160186114 0.8051114721872984
vn 0.5679152369720085 0.25780501694511726 0.7816705551912234
vn 0.3075182450332358 -0.09816780207368893 0.9464647968137535
vn 0.2985702764992346 0.257804753123447 0.9189083192887793
vn -0.00000271885763268331 -0.09816758703949817 0.9951698974785411
vn -6.956277791723492e-7 0.257804745238178 0.9661970364952452
vn -0.3075248018972034 -0.09816709976929602 0.9464627392248312
vn -0.29857177407538193 0.2578048489717593 0.9189078058065061
vn -0.5849475167314345 -0.09816729408354177 0.8051084306117057
vn -0.5679167489411179 0.25780484805117193 0.7816695123858058
vn -0.5679167489411179 0.25780484805117193 0.7816695123858058
vn -0.5849475167314345 -0.09816729408354177 0.8051084306117057
vn -0.8051102179046289 -0.09816836016263959 0.5849448778205852
vn -0.7816708717068102 0.25780431871520115 0.5679151182852122
vn -0.9464626042866948 -0.09816872381126311 0.3075246987676197
vn -0.9189084180971927 0.2578041279107675 0.29857051224507003
vn -0.9951697167197778 -0.09816941948922527 -0.0000010127642342863204
vn -0.9661971230376307 0.2578044208951517 -8.491238115837525e-7
vn -0.9464615459528268 -0.09817026966943727 -0.30752746249012475
vn -0.9189075527505572 0.2578044689945493 -0.29857288099293333
vn -0.8051061651535403 -0.09816733636269911 -0.5849506277483706
vn -0.7816675338008274 0.25780532574189385 -0.5679192553707334
vn -0.7816675338008274 0.25780532574189385 -0.5679192553707334
vn -0.8051061651535403 -0.09816733636269911 -0.5849506277483706
vn -0.5849412137368631 -0.09816699760964805 -0.8051130461322514
vn -0.5679132876696635 0.25780518748943343 -0.7816719151867823
vn 0.8642322834662284 -0.5030929936052971 9.708485343244602e-8
vn 0.8219354628751536 -0.5030912248389087 0.26706050692360567
vn -0.3075236675358873 -0.0981678343140641 -0.946463031613683
vn -0.29856968355514923 0.2578043710459351 -0.9189086191408739
vn 0.7932582649153108 -0.19641404678156993 -0.5763357071797978
vn 0.9325309873877983 -0.19641395130855507 -0.30299755327873307
vn 0.9325309762376864 -0.19641396386123308 -0.3029975794581629
vn 0.7932582376650749 -0.19641404003430782 -0.5763357469859917
vn -0.30838837873079344 0.06372033916073763 -0.9491239783300354
vn -0.3066287086773423 0.1240568384217998 -0.9437100910002248
vn 5.976881305236321e-7 0.1240567935070777 -0.9922751190997308
vn 2.1264060032843007e-7 0.06372039900119168 -0.9979677904376892
vn -0.5865897179133808 0.06372024733256736 -0.8073736637506679
vn -0.5832439445162008 0.12405671052443476 -0.8027679825198808
vn -0.8073718934417149 0.06372029572596494 -0.5865921492765954
vn -0.8027666566414925 0.124056845778058 -0.583245740661892
vn -0.9491232674417833 0.06372032533035084 -0.308390569473885
vn -0.9437091732447852 0.12405680058216177 -0.30663154854476676
vn -0.8027666566414925 0.124056845778058 -0.583245740661892
vn -0.8073718934417149 0.06372029572596494 -0.5865921492765954
vn -0.9979677911947223 0.06372038713264665 -0.0000012620614546704455
vn -0.9922751172312837 0.124056808449383 -9.978070915303333e-7
vn -0.949124203487278 0.06372035757752958 0.3083876819602751
vn -0.9437099770000243 0.12405709800849675 0.3066289545106985
vn -0.8073734103867031 0.06372044152915066 0.5865900455444795
vn -0.8027677949362017 0.12405706300197371 0.5832441277309125
vn -0.5865909486938558 0.06372058911652878 0.8073727425626188
vn -0.5832450055260775 0.1240571036842053 0.802767150893939
vn -0.3083896705861961 0.06372061460403677 0.9491235400885499
vn -0.306630321920962 0.12405714750677489 0.9437095261949671
vn 6.814165281813325e-7 0.06372066102740453 0.9979677737070303
vn 0.0000010235715179276772 0.12405710949405127 0.9922750795938258
vn -0.306630321920962 0.12405714750677489 0.9437095261949671
vn -0.3083896705861961 0.06372061460403677 0.9491235400885499
vn 0.30838932879190334 0.06372065512853894 0.9491236484237812
vn 0.30663106183404415 0.12405700847103059 0.9437093040591181
vn 0.5865907470004528 0.06372057918061089 0.8073728898856699
vn 0.583245258423108 0.1240569428509988 0.8027669920079088
vn 0.8073730506564755 0.06372047391202659 0.5865905371535438
vn 0.8027677160266085 0.12405687551468676 0.5832442762196265
vn 0.9491238117810661 0.0637204257940273 0.30838887341602855
vn 0.9437098059914959 0.12405684571492842 0.3066295828956428
vn 0.9979678009132524 0.06372023493605977 2.457538826014937e-7
vn 0.9922751007227898 0.12405694049740722 8.8260420249477e-9
vn 0.9437098059914959 0.12405684571492842 0.3066295828956428
vn 0.9491238117810661 0.0637204257940273 0.30838887341602855
vn 0.9491236086665528 0.06372031677870238 -0.30838952106289536
vn 0.9437095696613125 0.12405696920932026 -0.3066302602814307
vn 0.8073716408754109 0.06372044832512203 -0.5865924803263267
vn 0.8027670855176827 0.12405675641003538 -0.5832451693743093
vn 0.5865905028698176 0.0637203974409909 -0.8073730816003817
vn 0.5832452207117467 0.12405666358128056 -0.8027670625642203
vn 0.30838940808540344 0.0637204257315047 -0.9491236380605691
vn 0.3066302971880579 0.12405678245352351 -0.9437095822198917
vn 0.5832452207117467 0.12405666358128056 -0.8027670625642203
vn 0.5865905028698176 0.0637203974409909 -0.8073730816003817
vn -0.29857177407538193 0.2578048489717593 0.9189078058065061
vn -0.000032058942435365564 -0.9999999994860989 1.6292067886401922e-7
vn 0 -0.9999999999999867 1.6292067894774215e-7
vn 0 -0.9999999999999867 1.6292067894774215e-7
vn -0.00003205876417440429 -0.9999999994861044 1.6292067886402012e-7
vn -0.000032058822382065106 -0.9999999994861027 1.6292067886401983e-7
vn -0.00003205891696951395 -0.9999999994860997 1.6292067886401935e-7
vn 0 -0.9999999999999867 1.6292067894774215e-7
vn 0 -0.9999999999999867 1.6292067894774215e-7
vn 0 -0.9999999999999867 1.6292067894774215e-7
vn 0 -0.9999999999999867 1.6292067894774215e-7
vn 0 -0.9999999999999867 1.6292067894774215e-7
vn 0 -0.9999999999999867 1.6292067894774215e-7
vn 0.00006411770287294365 -0.9999999979444468 1.629206786128522e-7
vn 0.00006411761556145283 -0.9999999979444523 1.629206786128531e-7
vn 2.610774096911683e-10 -0.9999999999999867 1.6292067894774215e-7
vn -2.9336111317945774e-10 -0.9999999999999867 1.6292067894774215e-7
vn -0.000032058978815153574 -0.9999999994860977 1.6292067886401903e-7
vn -0.00003205858591344301 -0.9999999994861103 1.6292067886402107e-7
vn 0.00001602955853535213 -0.9999999998715133 1.629206789268112e-7
vn 0.000016029345713591996 -0.9999999998715168 1.6292067892681175e-7
vn -0.000016029398464284678 -0.9999999998715159 1.629206789268116e-7
vn -0.000016029402102263485 -0.9999999998715159 1.629206789268116e-7
vn -0.00003205884784791672 -0.9999999994861019 1.629206788640197e-7
vn -0.00003205888422770474 -0.9999999994861007 1.629206788640195e-7
vn -0.00003205895698728076 -0.9999999994860982 1.629206788640191e-7
vn -0.00003205873870855267 -0.9999999994861053 1.6292067886402025e-7
vn 0 -0.9999999999999867 1.6292067894774215e-7
vn 0 -0.9999999999999867 1.6292067894774215e-7
vn 0 -0.9999999999999867 1.6292067894774215e-7
vn 0 -0.9999999999999867 1.6292067894774215e-7
vn 0 -0.9999999999999867 1.6292067894774215e-7
vn 0 -0.9999999999999867 1.6292067894774215e-7
vn 0 -0.9999999999999867 1.6292067894774215e-7
vn 0 -0.9999999999999867 1.6292067894774215e-7
vn 0 -0.9999999999999867 1.6292067894774215e-7
vn 0 -0.9999999999999867 1.6292067894774215e-7
vn 0 -0.9999999999999867 1.6292067894774215e-7
vn 0 -0.9999999999999867 1.6292067894774215e-7
vn 0 -0.9999999999999867 1.6292067894774215e-7
vn 0 -0.9999999999999867 1.6292067894774215e-7
vn -0.9325313978135233 -0.19641235779769492 -0.30299732308439087
vn -0.7932578101044492 -0.19641281558200308 -0.5763367527613033
vn -0.7932578594526617 -0.19641281304247313 -0.5763366857049127
vn -0.9325314119257777 -0.19641237567120767 -0.30299726806508964
vn 0.9805210458531461 -0.1964140489846866 7.027281987504767e-7
vn 0.9805210469938044 -0.19641404329038317 7.052352455111583e-7
vn -0.7932578101044492 -0.19641281558200308 -0.5763367527613033
vn -0.5763355010198524 -0.19641294431085152 -0.793258687674669
vn -0.5763356334459303 -0.19641296371622605 -0.7932585866567641
vn -0.7932578594526617 -0.19641281304247313 -0.5763366857049127
vn 0.0000014393725945940785 -0.19641301818039014 0.9805212523383661
vn -0.30299757200774013 -0.196412832441925 0.9325312169624964
vn -0.30299772240690864 -0.19641286314371967 0.932531161628346
vn 0.0000012711439286306108 -0.19641300385413193 0.9805212552083614
vn 0.9325302478056069 -0.19641381999991397 0.3029999145885279
vn 0.9325302316130742 -0.1964138291435676 0.3029999584964127
vn -0.30299929342345056 -0.1964131316843892 -0.9325305946116836
vn -0.3029994025751039 -0.19641311026358022 -0.9325305636576834
vn -0.5763358606656359 -0.19641258221397864 0.793258516032975
vn -0.5763359566591206 -0.19641257971398496 0.793258446908644
vn 0.7932567540634342 -0.1964138836552749 0.5763378422767295
vn 0.7932567042062719 -0.1964138415080811 0.5763379252624637
vn -0.0000010526024374891727 -0.19641345228526236 -0.980521165381083
vn -0.000001219356165494333 -0.19641346945872296 -0.9805211619407816
vn -0.5763358606656359 -0.19641258221397864 0.793258516032975
vn -0.7932582460703517 -0.19641252826095365 0.5763362506241726
vn -0.7932582460703517 -0.19641252826095365 0.5763362506241726
vn -0.5763359566591206 -0.19641257971398496 0.793258446908644
vn 0.7932567540634342 -0.1964138836552749 0.5763378422767295
vn 0.5763329644541144 -0.19641372302274118 0.7932603377781335
vn 0.5763328650869626 -0.19641375417517404 0.7932604022585946
vn 0.7932567042062719 -0.1964138415080811 0.5763379252624637
vn 0.3029986589546937 -0.19641351794443918 -0.9325307194083992
vn 0.3029985067819428 -0.19641351589529452 -0.932530769284082
vn -0.9325311544096685 -0.19641245173358496 0.30299801131257115
vn -0.9325311800883913 -0.19641242499274936 0.30299794961586735
vn 0.3029969189233424 -0.19641323643703276 0.9325313440712284
vn 0.3029967844788639 -0.1964132309787987 0.9325313889043831
vn 0.5763365050245589 -0.19641381082928164 -0.7932577436694809
vn 0.5763364107179085 -0.196413799002957 -0.7932578151156305
vn -0.9805213931141107 -0.1964123154121455 -6.10210273428267e-8
vn -0.9805213908146952 -0.19641232689119292 -5.274327900809511e-8
vn 0.5763365050245589 -0.19641381082928164 -0.7932577436694809
vn 0.5763364107179085 -0.196413799002957 -0.7932578151156305
vn -0.5877866610779146 5.805429445847074e-7 0.8090159708303292
vn -0.30901628724318947 3.965734101268747e-7 0.9510567460558161
vn -0.3090161699781819 3.965732990492318e-7 0.9510567841574225
vn -0.5877866220662655 5.805428512370823e-7 0.8090159991740534
vn -0.0000020664836213067227 -0.5030943026670432 0.8642315214221772
vn -0.26706254355091424 -0.503093944267453 0.8219331366197212
vn -0.8642297278382927 -0.5030973837336616 -9.462370408900225e-7
vn -0.8219292454147172 -0.5030987145847032 -0.2670655329974516
vn 0.6991775832191339 -0.5030947870452899 -0.5079826201472893
vn 0.821932489284026 -0.5030947133883049 -0.26706308696655173
vn 0.5079799642883602 -0.5030956076042891 0.6991789223731414
vn 0.2670554998291041 -0.503095053749879 0.8219347461346513
vn -0.6991776052036859 -0.5030948757611662 0.5079825020259022
vn -0.8219319806918339 -0.5030951202515571 0.26706388579339957
vn -0.5079789811727906 -0.503095030834227 -0.699180051658056
vn -0.26706252174016487 -0.5030939887232704 -0.8219331164956756
vn 0.26706131864190336 -0.5030941433423799 -0.8219334127651975
vn 0.5079834452764869 -0.5030944286027086 -0.6991772416447382
vn 0.8051102059185934 -0.09816566904172346 0.5849453459489281
vn 0.699181304358399 -0.5030918385631451 0.5079804185269765
vn -0.5849475167314345 -0.09816729408354177 0.8051084306117057
vn -0.3075248018972034 -0.09816709976929602 0.9464627392248312
vn -0.26706254355091424 -0.503093944267453 0.8219331366197212
vn -0.5079846677754494 -0.5030939334458882 0.6991767097343924
vn -0.6991758016535863 -0.5030949109850811 -0.5079849495043907
vn -0.000004480745041796072 -0.5030941948896124 -0.8642315841534003
vn 0.5079834452764869 -0.5030944286027086 -0.6991772416447382
vn 0.699181304358399 -0.5030918385631451 0.5079804185269765
vn -0.5079846677754494 -0.5030939334458882 0.6991767097343924
vn -0.6991758016535863 -0.5030949109850811 -0.5079849495043907
vn 0.9999999999997327 -7.313547598639839e-7 1.1915281402870478e-13
vn 0.9510563646250566 -7.461035675873007e-7 -0.3090174611662173
vn 0.9510563821424437 -7.461035147754429e-7 -0.30901740725332855
vn 0.9999999999997327 -7.313547598639839e-7 1.1915281402870478e-13
vn 5.714750272999457e-7 -1.7154993714460457e-7 -0.9999999999998219
vn -0.3090160176785104 7.805174719285087e-8 -0.9510568336425056
vn -0.3090158653788336 7.805162296468067e-8 -0.9510568831274837
vn 7.251489364532883e-7 -1.715500650422799e-7 -0.9999999999997223
vn -0.8090177507091947 7.365066559714982e-7 0.5877842112858193
vn -0.5877866610779146 5.805429445847074e-7 0.8090159708303292
vn -0.5877866220662655 5.805428512370823e-7 0.8090159991740534
vn -0.8090176940218584 7.365066806300354e-7 0.5877842893094473
vn 0.9510563646250566 -6.454128984274472e-7 0.309017461166444
vn 0.9510563821424437 -6.454128631826382e-7 0.30901740725355525
vn -0.9510560821637054 8.183747244728882e-7 0.3090183304898811
vn -0.9510560677132014 8.18374654496174e-7 0.3090183749637435
vn 0.8090177790528867 -4.975202412707929e-7 0.5877841722742173
vn 0.9510563646250566 -6.454128984274472e-7 0.309017461166444
vn 0.9510563821424437 -6.454128631826382e-7 0.30901740725355525
vn 0.8090178202385262 -4.975202501321463e-7 0.5877841155868847
vn -0.9999999999996704 8.06862927815821e-7 -9.1244050541619e-8
vn -0.9999999999996704 8.068630415026599e-7 -9.124404343621014e-8
vn 0.5877870865458694 -3.1261736558074196e-7 0.8090156617086105
vn 0.5877872105886844 -3.126173721415588e-7 0.8090155715857857
vn 0.3090161699781812 -4.052034374828994e-7 -0.951056784157419
vn 0.309016277804052 -4.052035362430101e-7 -0.9510567491227665
vn -0.9510557559079008 7.176841540966686e-7 -0.30901933459564684
vn -0.9510557471491591 7.17684142631747e-7 -0.3090193615520552
vn 0.3090162333302595 -8.668015963510144e-8 0.9510567635732218
vn 0.3090163586734479 -8.668028475334367e-8 0.9510567228468528
vn 0.5877863526447468 -5.762284441429136e-7 -0.8090161949208765
vn 0.5877864873555113 -5.762285536047557e-7 -0.8090160970474799
vn -0.8090151439968037 5.492953549414632e-7 -0.5877877991108094
vn -0.809015046123136 5.492953500060091e-7 -0.5877879338214408
vn -5.23451944900372e-7 1.7155034037761162e-7 0.9999999999998482
vn -3.697779789035596e-7 1.7155021247993098e-7 0.999999999999917
vn 0.8090175266195156 -6.890449078162404e-7 -0.5877845197195706
vn 0.5877863526447468 -5.762284441429136e-7 -0.8090161949208765
vn 0.5877864873555113 -5.762285536047557e-7 -0.8090160970474799
vn 0.8090175678052031 -6.890448982065109e-7 -0.5877844630322232
vn -0.5877841722741716 3.2124607202447966e-7 -0.8090177790530094
vn -0.8090151439968037 5.492953549414632e-7 -0.5877877991108094
vn -0.809015046123136 5.492953500060091e-7 -0.5877879338214408
vn -0.5877841049186797 3.212460296558127e-7 -0.8090178279894968
vn -0.8367514189880514 0.257804716304957 0.4830981174382725
vn -0.8618434662425959 -0.09816631012806248 0.497583375175245
vn -0.9734227835576129 -0.09816797010646218 0.20690851624842685
vn -0.9450834603562365 0.25780428321493165 0.20088355959888185
vn -0.9897183190386798 -0.09816624439285267 -0.10402421555124931
vn -0.9609041227382051 0.25780440747564987 -0.10099581372933032
vn -0.9609041227382051 0.25780440747564987 -0.10099581372933032
vn -0.9897183190386798 -0.09816624439285267 -0.10402421555124931
vn -0.9091329114180182 -0.09816674178595484 -0.4047723312971471
vn -0.8826651584014431 0.2578043598612684 -0.392987442777345
vn -0.7395571723092496 -0.09816810451140724 -0.6658965476277713
vn -0.7180252014469086 0.25780410744396887 -0.6465112932286217
vn -0.4975895530579065 -0.09816653964005156 -0.861839873284319
vn -0.48309775434123 0.25780441834232676 -0.836751720424664
vn -0.2069104832157254 -0.09816747747838402 -0.9734224151420421
vn -0.2008842093914434 0.25780437136191814 -0.9450832981932654
vn -0.2008842093914434 0.25780437136191814 -0.9450832981932654
vn -0.2069104832157254 -0.09816747747838402 -0.9734224151420421
vn 0.10402034789087566 -0.09816779547550258 -0.9897185716940656
vn 0.1009932249682697 0.2578043709875227 -0.9609044046158993
vn 0.4047690555286669 -0.09816860159266393 -0.9091341690574454
vn 0.39298807212807757 0.25780418142529665 -0.882664930313134
vn 0.6659003724802951 -0.09816747490113131 -0.739553811971881
vn 0.6465127172946882 0.25780414580815353 -0.7180239054379507
vn 0.8618427371304452 -0.0981680800085503 -0.49758428886263784
vn 0.8367513127894339 0.2578043955242572 -0.48309847256385646
vn 0.9734222482673496 -0.09817151850241095 -0.20690935100441646
vn 0.9450835461270667 0.2578041625757544 -0.20088331090088807
vn 0.9897180304867494 -0.09816861206226214 0.10402472655671077
vn 0.9609040107345627 0.257804621131513 0.10099633398034026
vn 0.9609040107345627 0.257804621131513 0.10099633398034026
vn 0.9897180304867494 -0.09816861206226214 0.10402472655671077
vn 0.9091338399635315 -0.09816469238209302 0.40477074277014247
vn 0.8826648387377042 0.25780464801291275 0.39298797172315675
vn 0.7395597299721207 -0.09816644141424666 0.6658939522053248
vn 0.7180258965248303 0.25780422145223103 0.6465104758015315
vn 0.497588163536322 -0.0981669225546017 0.861840631917937
vn 0.48309870350810835 0.25780462697493245 0.8367511081433361
vn 0.20690510155681088 -0.09816738270413032 0.9734235686086435
vn 0.2008800633667417 0.2578048727523809 0.9450840426792225
vn -0.10402790131951359 -0.09816730727469253 0.9897178262158833
vn -0.10099827540589854 0.2578047004131135 0.9609037854072274
vn -0.10099827540589854 0.2578047004131135 0.9609037854072274
vn -0.10402790131951359 -0.09816730727469253 0.9897178262158833
vn -0.4047728340856626 -0.09816714130912148 0.9091326444218442
vn -0.39298874361393454 0.25780495625888167 0.8826644050380061
vn -0.4321235885421882 -0.5030920729647043 -0.7484434316269322
vn -0.17968713251999546 -0.5030940501570421 -0.8453454389202826
vn -0.6659001992452371 -0.09816611715926037 0.7395541481778245
vn -0.646512618807087 0.2578048946724894 0.7180237252390124
vn -0.8957506237342944 -0.19641371211744638 -0.39881383347605615
vn -0.7286700592409794 -0.19641375762464772 -0.6560957099246373
vn -0.7286700592409794 -0.19641375762464772 -0.6560957099246373
vn -0.895750642405648 -0.19641373111271712 -0.3988137821844303
vn -0.6677719210333204 0.0637205841569547 0.7416335676290317
vn -0.6639629335386447 0.12405703555782205 0.7374029256894513
vn -0.8593358139784913 0.12405699006934678 0.496136898475469
vn -0.8642657464032194 0.06372059423882917 0.4989833719313062
vn -0.40591113438681237 0.06372051708060705 0.9116884592248556
vn -0.40359603645519987 0.1240570269398014 0.9064877789714049
vn -0.10431631795708493 0.06372046335509872 0.9925007850665347
vn -0.1037228863890257 0.12405700804096703 0.9868391062351818
vn 0.207488130760969 0.06372055096234112 0.9761600109502411
vn 0.206303311536499 0.12405703121999319 0.970591982582772
vn -0.1037228863890257 0.12405700804096703 0.9868391062351818
vn -0.10431631795708493 0.06372046335509872 0.9925007850665347
vn 0.4989830616021607 0.0637205727031173 0.8642659271592981
vn 0.4961371020172326 0.12405708762414557 0.8593356823803823
vn 0.7416344272101209 0.06372054358687718 0.6677709702448203
vn 0.7374040617925292 0.12405716981220283 0.6639616466860615
vn 0.9116888196358675 0.06372059477594236 0.4059103126952542
vn 0.9064882619078498 0.12405708534445423 0.40359493381251005
vn 0.9925007639895689 0.06372054377308387 0.10431646936790244
vn 0.9868392699191784 0.12405685972003763 0.10372150645736788
vn 0.9761598489981815 0.06372052634803808 -0.20748890024716124
vn 0.9705916363988059 0.12405676402051449 -0.2063051008905169
vn 0.8642655173504068 0.06372046214218074 -0.4989837855315745
vn 0.8593354480541125 0.12405687936366337 -0.496137559957102
vn 0.9705916363988059 0.12405676402051449 -0.2063051008905169
vn 0.9761598489981815 0.06372052634803808 -0.20748890024716124
vn 0.6677716064085631 0.06372038562133746 -0.7416338679771812
vn 0.6639620493286617 0.12405685672817095 -0.7374037519229273
vn 0.40591054504095186 0.06372034772647273 -0.911688733455764
vn 0.4035951739804503 0.12405678769366059 -0.9064881957128952
vn 0.10431675913681454 0.06372028539240063 -0.9925007501219849
vn 0.10372089137407053 0.12405680032859548 -0.9868393420333419
vn -0.20748883688600125 0.06372025701294169 -0.9761598800472692
vn -0.2063048914387225 0.12405687165127781 -0.970591667162126
vn -0.49898421653559055 0.06372020438799444 -0.8642652875136864
vn -0.49613654416066205 0.1240569289249218 -0.8593360273688239
vn -0.2063048914387225 0.12405687165127781 -0.970591667162126
vn -0.20748883688600125 0.06372025701294169 -0.9761598800472692
vn -0.7416347677118056 0.06372027237400939 -0.6677706179592197
vn -0.737404066563591 0.12405690211462865 -0.6639616914048584
vn -0.9116889729719531 0.06372044999768535 -0.4059099910244119
vn -0.9064885166026188 0.12405691136060588 -0.40359441523793466
vn -0.992500759933534 0.06372072196505872 -0.10431639911159335
vn -0.9868392881174756 0.1240569474203467 -0.10372122841800224
vn -0.9761597582402407 0.06372073704377183 0.20748926252448124
vn -0.9705915706921107 0.12405690513698148 0.2063053251597148
vn -0.9868392881174756 0.1240569474203467 -0.10372122841800224
vn -0.992500759933534 0.06372072196505872 -0.10431639911159335
vn 0.9450835461270667 0.2578041625757544 -0.20088331090088807
vn -0.00006411773197677395 -0.999999997944445 1.6292067861285193e-7
vn 0.00006411784839209506 -0.9999999979444375 1.6292067861285068e-7
vn 0.00006411784111613748 -0.999999997944438 1.6292067861285076e-7
vn -0.0000641173172471925 -0.9999999979444716 1.6292067861285624e-7
vn -0.00012823523033212992 -0.9999999917778494 1.6292067760818596e-7
vn -0.00012823521578021507 -0.9999999917778514 1.629206776081863e-7
vn -0.00006411753552591957 -0.9999999979444575 1.6292067861285394e-7
vn -0.00006411787021996775 -0.999999997944436 1.6292067861285044e-7
vn -0.0000320588114681287 -0.999999999486103 1.6292067886401988e-7
vn -0.00003205885876185312 -0.9999999994861014 1.6292067886401961e-7
vn -1.4738243611644993e-11 -0.9999999999999867 1.6292067894774215e-7
vn 1.80133945953953e-11 -0.9999999999999867 1.6292067894774215e-7
vn 0.000028051454126275622 -0.9999999996065446 1.6292067888364232e-7
vn 0.000028051503238989457 -0.9999999996065433 1.6292067888364209e-7
vn -0.0000040073587115008385 -0.9999999999919573 1.6292067894643401e-7
vn -0.000004007348707059119 -0.9999999999919573 1.6292067894643401e-7
vn 0 -0.9999999999999867 1.6292067894774215e-7
vn 0 -0.9999999999999867 1.6292067894774215e-7
vn 0 -0.9999999999999867 1.6292067894774215e-7
vn 0 -0.9999999999999867 1.6292067894774215e-7
vn 0.00006411747004230145 -0.9999999979444617 1.6292067861285463e-7
vn 0.00006411757190570743 -0.9999999979444552 1.6292067861285357e-7
vn -4.6320166452451504e-11 -0.9999999999999867 1.6292067894774215e-7
vn -5.301088457088098e-10 -0.9999999999999867 1.6292067894774215e-7
vn -1.3138091725650723e-9 -0.9999999999999867 1.6292067894774215e-7
vn 1.8528069356538166e-10 -0.9999999999999867 1.6292067894774215e-7
vn 0.00006411732452315006 -0.999999997944471 1.6292067861285616e-7
vn 0.00006411692434548376 -0.9999999979444968 1.6292067861286034e-7
vn 0 -0.9999999999999867 1.6292067894774215e-7
vn 0 -0.9999999999999867 1.6292067894774215e-7
vn 0 -0.9999999999999867 1.6292067894774215e-7
vn 0 -0.9999999999999867 1.6292067894774215e-7
vn 0.000004007343250090908 -0.9999999999919573 1.6292067894643401e-7
vn 0.000004007340521606803 -0.9999999999919573 1.6292067894643401e-7
vn 0.000004007342340596207 -0.9999999999919573 1.6292067894643401e-7
vn 0.000004007341431101505 -0.9999999999919573 1.6292067894643401e-7
vn 0.00003205885876185312 -0.9999999994861014 1.6292067886401961e-7
vn 0.00003205885876185312 -0.9999999994861014 1.6292067886401961e-7
vn 0.00009617672868527741 -0.9999999953750053 1.6292067819423705e-7
vn 0.00009617669958144735 -0.999999995375008 1.629206781942375e-7
vn 0.2038627753006536 -0.19641230652546465 0.9590944555631954
vn -0.1024909427738246 -0.1964125311330767 0.9751501034524024
vn -0.10249086279356613 -0.19641253554303237 0.9751501109702997
vn 0.20386281814625926 -0.1964123047354852 0.9590944468226059
vn -0.4902594106043045 -0.19641408813961114 -0.849156767796268
vn -0.4902594318086211 -0.1964140995961276 -0.8491567529040386
vn -0.1024909427738246 -0.1964125311330767 0.9751501034524024
vn -0.39881254105777453 -0.19641282441789853 0.8957513938025575
vn -0.39881241691391606 -0.19641282176395544 0.8957514496566564
vn -0.10249086279356613 -0.19641253554303237 0.9751501109702997
vn 0.8491566451567718 -0.19641326151355476 -0.4902599541954292
vn 0.9590945145641845 -0.19641301445361414 -0.2038618156647679
vn 0.9590945484759134 -0.19641300919193752 -0.20386166119197455
vn 0.8491567536015713 -0.19641324300811683 -0.4902597737769996
vn -0.20385845130667482 -0.1964140177314283 -0.9590950242126389
vn -0.20385836621196127 -0.19641400698504408 -0.9590950445005275
vn -0.6560970672785692 -0.1964128060675835 0.7286690935679367
vn -0.6560969763402427 -0.1964127966873412 0.7286691779776667
vn 0.9751499320635826 -0.19641272884715152 0.10249219454770885
vn 0.9751499201491775 -0.19641272644735666 0.10249231250473788
vn 0.10249309437505937 -0.1964138739595618 -0.9751496068407259
vn 0.10249320414465149 -0.19641385462337158 -0.9751495991980675
vn -0.8491564347413111 -0.19641307844142017 0.4902603919904098
vn -0.8491563493768026 -0.19641310117098862 0.49026053073998965
vn 0.9751499320635826 -0.19641272884715152 0.10249219454770885
vn 0.8957508530412793 -0.19641259852442808 0.39881386688115805
vn 0.8957508465049145 -0.19641258035846565 0.39881389050866634
vn 0.9751499201491775 -0.19641272644735666 0.10249231250473788
vn 0.10249309437505937 -0.1964138739595618 -0.9751496068407259
vn 0.39881201640169567 -0.19641406086818392 -0.8957513562740962
vn 0.39881220936096906 -0.1964140678347191 -0.8957512688359649
vn 0.10249320414465149 -0.19641385462337158 -0.9751495991980675
vn -0.9590944503740689 -0.19641360273902878 0.20386155086415314
vn -0.959094426959528 -0.19641358304276754 0.20386167999768007
vn 0.7286698352020576 -0.1964123407233932 0.6560963829180618
vn 0.7286698024411078 -0.1964123616950186 0.6560964130246577
vn 0.6560965591314777 -0.1964137642818982 -0.7286692928183883
vn 0.6560966516807236 -0.1964137861030697 -0.728669203604764
vn -0.9751495543075372 -0.1964138579795975 -0.10249362481336122
vn -0.9751495697677753 -0.19641383418689046 -0.10249352331600049
vn 0.49026212701370453 -0.19641211744054093 0.8491556553062116
vn 0.490262148217945 -0.1964121288970804 0.84915564041396
vn -0.9751495543075372 -0.1964138579795975 -0.10249362481336122
vn -0.9751495697677753 -0.19641383418689046 -0.10249352331600049
vn 0.9945217031104344 4.7655411827138763e-7 0.10453029246153465
vn 0.9781474134281166 2.1853962272592397e-7 -0.20791257201967678
vn 0.9781473805471725 2.1853951915438525e-7 -0.20791272671161065
vn 0.9945217160311479 4.7655402071060674e-7 0.10453016953125865
vn 0.7484466400810964 -0.5030946817535743 -0.43211499411914356
vn 0.8453416041340923 -0.5031007709786961 -0.17968635607814207
vn 0.432121491509835 -0.5030929489241307 0.7484440535658877
vn 0.1796832354427321 -0.5030945454051454 0.845345972536938
vn -0.7895152452139571 -0.5030928968705481 -0.35151559665702586
vn -0.6422510682905149 -0.5030937493734441 -0.5782821496649042
vn 0.35150948363711143 -0.5030954006493359 -0.7895163714316856
vn 0.5782857234245811 -0.5030937381509553 -0.6422478592542031
vn 0.7895185690078309 -0.5030895926998971 0.3515128602325646
vn 0.6422550918919533 -0.50309133245455 0.5782797836237784
vn -0.3515157008530802 -0.5030941136983678 0.7895144234374832
vn -0.5782873898857631 -0.503092453848804 0.6422473647898453
vn -0.8453455490384849 -0.5030946038284732 0.17968506426382355
vn -0.8594986856319932 -0.5030917707553587 -0.0903364798689522
vn 0.10402034789087566 -0.09816779547550258 -0.9897185716940656
vn 0.09033398070656481 -0.5030941430802603 -0.8594975596987139
vn 0.9897180304867494 -0.09816861206226214 0.10402472655671077
vn 0.9734222482673496 -0.09817151850241095 -0.20690935100441646
vn 0.8453416041340923 -0.5031007709786961 -0.17968635607814207
vn 0.8594961189255131 -0.5030960902893414 0.09033684457384511
vn -0.0903415407041888 -0.5030939691906557 0.8594968668861948
vn -0.7484492792588634 -0.5030921679074299 0.43211334967470105
vn -0.8594986856319932 -0.5030917707553587 -0.0903364798689522
vn 0.09033398070656481 -0.5030941430802603 -0.8594975596987139
vn 0.8594961189255131 -0.5030960902893414 0.09033684457384511
vn -0.0903415407041888 -0.5030939691906557 0.8594968668861948
vn -0.5000000703278393 -8.832353030627666e-7 -0.8660253631801873
vn -0.7431452341147721 -8.252683139691622e-7 -0.6691301525202846
vn -0.7431452044757141 -8.252682907655965e-7 -0.6691301854378325
vn -0.5000001219469803 -8.832353179813712e-7 -0.8660253333778549
vn -0.8660256272652848 9.009025847881301e-8 0.49999961291961226
vn -0.6691309393954737 3.627018952472566e-7 0.743144525609655
vn -0.6691310941476263 3.627017716939139e-7 0.7431443862700364
vn -0.8660256828771065 9.009011514261139e-8 0.4999995165969995
vn 0.9135449635483611 7.005386374749513e-7 0.4067377528272149
vn 0.9945217031104344 4.7655411827138763e-7 0.10453029246153465
vn 0.9945217160311479 4.7655402071060674e-7 0.10453016953125865
vn 0.9135449967695927 7.00538591540507e-7 0.40673767821134293
vn -0.20791125465770388 -8.583545208628198e-7 -0.978147693442009
vn -0.2079113259428396 -8.583544507229765e-7 -0.9781476782899162
vn 0.7431455987586224 8.85674501084238e-7 0.6691297475414647
vn 0.7431456283976758 8.856744130101416e-7 0.6691297146238827
vn 0.10452732972207651 -7.660974603596963e-7 -0.9945220145077661
vn -0.20791125465770388 -8.583545208628198e-7 -0.978147693442009
vn -0.2079113259428396 -8.583544507229765e-7 -0.9781476782899162
vn 0.104527248661143 -7.660974669226072e-7 -0.9945220230275168
vn 0.49999968343251017 9.6953067538994e-7 0.8660255865541444
vn 0.4999996799747041 9.69530563763885e-7 0.8660255885505079
vn 0.4067349470396736 -5.975731536878225e-7 -0.9135462127644539
vn 0.40673487514825557 -5.975732306121042e-7 -0.9135462447724121
vn -0.9781474013063726 -2.077539131435587e-7 0.20791262904774938
vn -0.9781474290341677 -2.0775404123476512e-7 0.20791249859930236
vn 0.20790947535490895 9.187606433709689e-7 0.9781480716419179
vn 0.20790943258379715 9.18760651910184e-7 0.9781480807330961
vn 0.6691313772912059 -3.627005026516414e-7 -0.7431441313259779
vn 0.6691312521781605 -3.6270063256001763e-7 -0.7431442439784858
vn -0.9945217794202951 -4.6576811368062666e-7 -0.10452956643205298
vn -0.9945217670276574 -4.6576818414180655e-7 -0.10452968433879921
vn -0.10453147772523146 8.178730902784164e-7 0.9945215785310596
vn -0.10453157352442802 8.178730251543078e-7 0.99452156846186
vn 0.8660255736498087 -7.714546345680114e-8 -0.4999997057844271
vn 0.8660254813199786 -7.714561313092836e-8 -0.49999986570447524
vn -0.9135451161547125 -6.703353094690918e-7 -0.4067374100687367
vn -0.9945217794202951 -4.6576811368062666e-7 -0.10452956643205298
vn -0.9945217670276574 -4.6576818414180655e-7 -0.10452968433879921
vn -0.9135450607860204 -6.703353499614915e-7 -0.4067375344285514
vn -0.40673760359560573 6.320906207415212e-7 0.913545029990807
vn -0.10453147772523146 8.178730902784164e-7 0.9945215785310596
vn -0.10453157352442802 8.178730251543078e-7 0.99452156846186
vn -0.40673770308344415 6.320904764065689e-7 0.9135449856958358
vn 0.8367512903166828 0.25780442680454885 0.4830984947951548
vn 0.8618437499558711 -0.09816522071341632 0.49758309869235745
vn 0.6659023657312865 -0.09816651509470427 0.7395521446305442
vn 0.6465137511866501 0.25780388135010096 0.7180230694674018
vn 0.4047726882233459 -0.09816829713557582 0.909132584558461
vn 0.3929890861824615 0.2578041417171361 0.8826644904237197
vn 0.3929890861824615 0.2578041417171361 0.8826644904237197
vn 0.4047726882233459 -0.09816829713557582 0.909132584558461
vn 0.1040220331886008 -0.09816723553049501 0.9897184501056904
vn 0.10099592077126603 0.25780452095812556 0.9609040810409307
vn -0.2069079377230522 -0.09816767562338354 0.9734229362255113
vn -0.20088329183733933 0.2578046682937016 0.9450834122269679
vn -0.4975849170206527 -0.09816758015858569 0.8618424313987784
vn -0.4830991457238653 0.25780443169090833 0.8367509129970515
vn -0.7395552575431602 -0.0981682069247763 0.6658986590986982
vn -0.7180247559883128 0.2578045761905508 0.6465116010429622
vn -0.7180247559883128 0.2578045761905508 0.6465116010429622
vn -0.7395552575431602 -0.0981682069247763 0.6658986590986982
vn -0.9091322732854908 -0.09816779100657394 0.40477351010119855
vn -0.8826650582498369 0.25780439905644464 0.3929876420092081
vn -0.9897181572183541 -0.09816729405567319 0.10402476460003394
vn -0.9609041544794039 0.25780449251323784 0.10099529466372989
vn -0.9734228190026699 -0.0981676387690356 -0.20690850669657676
vn -0.9450832672698971 0.2578046609002373 -0.20088398329525925
vn -0.8618433642058341 -0.09816719013444986 -0.4975833782950119
vn -0.8367516043689645 0.2578041734847098 -0.4830980860237699
vn -0.6658990079150308 -0.09816814638840748 -0.7395549515028901
vn -0.6465129985943051 0.2578039901278654 -0.7180237080506127
vn -0.404769504919441 -0.09816890763779806 -0.9091339359304942
vn -0.3929891981380412 0.25780414737326907 -0.8826644389256663
vn -0.3929891981380412 0.25780414737326907 -0.8826644389256663
vn -0.404769504919441 -0.09816890763779806 -0.9091339359304942
vn -0.10402355476555325 -0.09816758938913661 -0.9897182550844781
vn -0.10099613657696548 0.2578043967870181 -0.9609040916729457
vn 0.20690666397352672 -0.098167951778559 -0.9734231791194149
vn 0.20088375981982343 0.2578045469202051 -0.9450833458631673
vn 0.4975859148744703 -0.09816834065599002 -0.8618417686625462
vn 0.4831001850601467 0.25780414114057637 -0.8367504024532174
vn 0.7395567406260426 -0.09816901901464373 -0.6658968922440521
vn 0.7180260618455881 0.2578040143492673 -0.6465103747782538
vn 0.9091338176414525 -0.09816739332753405 -0.40477013786586974
vn 0.8826654768213682 0.25780479544459245 -0.39298644184434517
vn 0.8826654768213682 0.25780479544459245 -0.39298644184434517
vn 0.9091338176414525 -0.09816739332753405 -0.40477013786586974
vn 0.989718571687878 -0.09816603127577844 -0.10402201286107597
vn 0.9609042379367593 0.25780473422545525 -0.10099388360746624
vn -0.4321149348983532 -0.5030940465972786 0.7484471012143523
vn -0.6422482768207208 -0.5030950588539785 0.5782841106908666
vn 0.9734229231272172 -0.09816672935247582 0.20690844830190386
vn 0.9450832013999687 0.25780451603129473 0.20088447910541987
vn 0.10249210841527405 -0.19641359616019333 0.9751497664236053
vn -0.20386384312837566 -0.19641364275893897 0.9590939549403347
vn -0.2038638002827894 -0.19641364454893961 0.9590939636809638
vn 0.10249218213841735 -0.1964135946603282 0.9751497589771089
vn 0.9761594555452582 0.06372049120093268 0.20749076208519968
vn 0.9705913163974946 0.12405684350333009 0.2063065585815653
vn 0.8593351414015744 0.12405680136155903 0.4961381105985256
vn 0.8642644075832245 0.0637206741667444 0.4989856806247585
vn 0.9925010023066991 0.0637204203693488 -0.10431427729774606
vn 0.9868394668652355 0.12405696972164734 -0.10371950106233566
vn 0.9116897300517264 0.06372029974361597 -0.405908314177961
vn 0.9064889653326862 0.12405686210413762 -0.40359342251200137
vn 0.7416363503779274 0.06372021792970792 -0.6677688654205876
vn 0.7374052409994326 0.1240567054292407 -0.6639604238089881
vn 0.9064889653326862 0.12405686210413762 -0.40359342251200137
vn 0.9116897300517264 0.06372029974361597 -0.405908314177961
vn 0.4989855835911338 0.06372020770208543 -0.8642644979973543
vn 0.49613867549203017 0.12405683590850777 -0.8593348102720986
vn 0.20749013763991692 0.06372027325094938 -0.9761596025030909
vn 0.20630659950862537 0.12405695177209866 -0.9705912938596776
vn -0.10431526652459652 0.06372031366992795 -0.9925009051863423
vn -0.10372012712441543 0.12405690549476639 -0.9868394091382637
vn -0.4059099051961783 0.06372039958963252 -0.911689014708287
vn -0.4035948407897842 0.12405676027266548 -0.9064883478117735
vn -0.6677706955396873 0.06372043617223505 -0.7416346837847204
vn -0.6639615850226395 0.12405681813039679 -0.7374041764796195
vn -0.8642655055502564 0.0637204060620596 -0.4989838131314946
vn -0.8593354480541125 0.12405687936366337 -0.496137559957102
vn -0.6639615850226395 0.12405681813039679 -0.7374041764796195
vn -0.6677706955396873 0.06372043617223505 -0.7416346837847204
vn -0.9761598548128316 0.06372042597926053 -0.20748890371490564
vn -0.970591559381432 0.12405673216033601 -0.20630548238769245
vn -0.9925008119866329 0.06372053195335704 0.10431601992721778
vn -0.9868393312939178 0.12405683754833188 0.10372094903576655
vn -0.9116890394768564 0.06372056039045772 0.40590982432221695
vn -0.9064886289825573 0.12405689966609501 0.4035941664228558
vn -0.7416347965263347 0.06372050733815705 0.6677705635365411
vn -0.7374043307951745 0.12405701849527623 0.6639613762008929
vn -0.498983990340521 0.0637204615657688 0.8642653991464059
vn -0.4961377730530739 0.12405705421671864 0.859335299780596
vn -0.7374043307951745 0.12405701849527623 0.6639613762008929
vn -0.7416347965263347 0.06372050733815705 0.6677705635365411
vn -0.20748889232842396 0.06372053368067364 0.9761598502027081
vn -0.2063054169400918 0.1240571008849174 0.9705915261639184
vn 0.10431678896150086 0.06372055664978891 0.9925007295720255
vn 0.1037220773183891 0.12405706982410403 0.9868391835063176
vn 0.4059103244256061 0.06372062523541844 0.9116888122842719
vn 0.40359476669229566 0.12405704544872143 0.9064883417745234
vn 0.6677696554392322 0.06372074801111764 0.7416355935009273
vn 0.6639612131747117 0.12405697748007533 0.7374044844846505
vn 0.40359476669229566 0.12405704544872143 0.9064883417745234
vn 0.4059103244256061 0.06372062523541844 0.9116888122842719
vn -0.6465129985943051 0.2578039901278654 -0.7180237080506127
vn 0 -0.9999999999999867 1.6292067894774215e-7
vn 0.00006411808122273727 -0.9999999979444225 1.6292067861284825e-7
vn 0.000064118052118907 -0.9999999979444244 1.6292067861284856e-7
vn 0 -0.9999999999999867 1.6292067894774215e-7
vn 0 -0.9999999999999867 1.6292067894774215e-7
vn 0 -0.9999999999999867 1.6292067894774215e-7
vn 0.000004007366896953154 -0.9999999999919571 1.62920678946434e-7
vn 0.0000040073468880697155 -0.9999999999919573 1.6292067894643401e-7
vn -0.0000280514322984028 -0.9999999996065452 1.629206788836424e-7
vn -0.00002805148686808485 -0.9999999996065437 1.6292067888364216e-7
vn -0.000032058807830149905 -0.9999999994861032 1.629206788640199e-7
vn -0.000032058815106107505 -0.999999999486103 1.6292067886401988e-7
vn -0.00006411769559698611 -0.9999999979444474 1.629206786128523e-7
vn -0.0000641176228374104 -0.9999999979444519 1.6292067861285304e-7
vn -0.00006411782656422235 -0.9999999979444388 1.6292067861285092e-7
vn -0.00006411747004230145 -0.9999999979444617 1.6292067861285463e-7
vn 0 -0.9999999999999867 1.6292067894774215e-7
vn 0 -0.9999999999999867 1.6292067894774215e-7
vn 0 -0.9999999999999867 1.6292067894774215e-7
vn 0 -0.9999999999999867 1.6292067894774215e-7
vn 0 -0.9999999999999867 1.6292067894774215e-7
vn 0 -0.9999999999999867 1.6292067894774215e-7
vn 0 -0.9999999999999867 1.6292067894774215e-7
vn 0 -0.9999999999999867 1.6292067894774215e-7
vn 0.000016029320247740356 -0.9999999998715172 1.6292067892681183e-7
vn 0.000016029427568115125 -0.9999999998715156 1.6292067892681154e-7
vn 0.00002404398218673879 -0.9999999997109302 1.629206789006489e-7
vn 0.00002404392216008852 -0.9999999997109316 1.629206789006491e-7
vn 0.000008014589184055676 -0.9999999999678698 1.6292067894250966e-7
vn 0.000008014587365066273 -0.9999999999678698 1.6292067894250966e-7
vn -0.00003205874234653148 -0.9999999994861053 1.6292067886402025e-7
vn -0.000032058724156637464 -0.9999999994861056 1.6292067886402033e-7
vn -0.00003205874598451028 -0.9999999994861051 1.6292067886402022e-7
vn -0.00003205871324270106 -0.9999999994861062 1.6292067886402038e-7
vn -0.00006411704076080487 -0.9999999979444892 1.6292067861285913e-7
vn -0.00006411742638655604 -0.9999999979444646 1.629206786128551e-7
vn -0.00006411728814336221 -0.9999999979444734 1.6292067861285653e-7
vn -0.00006411713534825327 -0.9999999979444832 1.6292067861285815e-7
vn 0.0000641181685342281 -0.999999997944417 1.6292067861284735e-7
vn 0.00006411794297954347 -0.9999999979444315 1.629206786128497e-7
vn 0.7286697718128107 -0.19641258212368226 -0.6560963810521852
vn 0.89575074317656 -0.19641274359310792 -0.3988140421961952
vn 0.895750699101989 -0.1964127357603804 -0.3988141450468137
vn 0.7286696916684942 -0.196412562851314 -0.6560964758310476
vn -0.4902617776875719 -0.19641370028949973 0.8491554908714942
vn -0.49026170759538146 -0.1964136960878607 0.8491555323112286
vn 0.89575074317656 -0.19641274359310792 -0.3988140421961952
vn 0.9751498872653466 -0.19641291713294307 -0.10249225995025064
vn 0.9751498745347668 -0.19641291167309158 -0.10249239153677255
vn 0.895750699101989 -0.1964127357603804 -0.3988141450468137
vn -0.8491561151289345 -0.19641324921048636 -0.4902608771600228
vn -0.6560962119750672 -0.19641311176570078 -0.7286697812853791
vn -0.6560960870895891 -0.19641311006645976 -0.7286698941906077
vn -0.8491560687382277 -0.19641320756345737 -0.49026097419606285
vn -0.7286701643864325 -0.1964137933703677 0.6560955824473385
vn -0.7286702208390032 -0.19641379252073302 0.656095520004565
vn 0.9590944058980895 -0.19641321571226925 0.20386213299324799
vn 0.9590944330388383 -0.19641321175870577 0.20386200911533087
vn -0.3988130648594256 -0.19641293080420794 -0.8957511372643258
vn -0.3988129447523338 -0.1964129454869247 -0.8957511875197947
vn -0.8957511533094338 -0.19641371477237787 0.39881264272103295
vn -0.8957512091635457 -0.19641371211851866 0.39881251857717487
vn 0.8491559294292783 -0.1964134443839642 0.4902611206085243
vn 0.8491560098233024 -0.19641345030700688 0.4902609789892162
vn -0.3988130648594256 -0.19641293080420794 -0.8957511372643258
vn -0.10249318806914753 -0.19641273478587043 -0.975149826443792
vn -0.10249313817798619 -0.19641270994331259 -0.9751498366913428
vn -0.3988129447523338 -0.1964129454869247 -0.8957511875197947
vn -0.8957511533094338 -0.19641371477237787 0.39881264272103295
vn -0.9751498696398317 -0.19641345554064815 0.10249139585351051
vn -0.9751498896921889 -0.1964134475741047 0.10249122033309103
vn -0.8957512091635457 -0.19641371211851866 0.39881251857717487
vn 0.656096841237269 -0.19641331346993313 0.7286691603260285
vn 0.6560969340958479 -0.19641330852390013 0.7286690780489619
vn 0.203858598821979 -0.19641273479004426 -0.9590952555917661
vn 0.20385862678911593 -0.19641274792305066 -0.9590952469577628
vn -0.959094271396923 -0.19641346051604522 -0.20386252991100964
vn -0.9590942508957768 -0.19641344141646355 -0.20386264476262064
vn 0.39881559794337085 -0.19641320511988986 0.8957499493115272
vn 0.39881569962648944 -0.19641321161333777 0.8957499026152156
vn 0.4902591169710652 -0.19641269215074886 -0.8491572602226554
vn 0.49025907312751354 -0.1964126835639601 -0.8491572875217847
vn 0.39881559794337085 -0.19641320511988986 0.8957499493115272
vn 0.39881569962648944 -0.19641321161333777 0.8957499026152156
vn -0.406734656749332 3.1716147841079645e-7 -0.9135463420094803
vn -0.6691310612301552 8.603488441531917e-8 -0.7431444159091815
vn -0.6691311567041694 8.603479159835463e-8 -0.7431443299438762
vn -0.4067348005321687 3.1716140330744974e-7 -0.9135462779935982
vn -0.7484482722775614 -0.5030928093178719 -0.432114347062655
vn -0.5782822912263884 -0.5030948326721917 -0.6422500922479484
vn 0.4321147194049212 -0.5030947593025269 -0.7484467465597927
vn 0.642248375641027 -0.5030958273577749 -0.578283332356777
vn 0.09033390212778153 -0.5030938222265074 0.8594977557643136
vn -0.17968540372761585 -0.5030939110798945 0.8453458891611046
vn -0.8594973448876526 -0.5030937753601251 0.09033807240013263
vn -0.8453454518350708 -0.5030948301558315 -0.17968488787940678
vn -0.09033378749622743 -0.5030939851877565 -0.8594976724252881
vn 0.17968336674731716 -0.5030943778822943 -0.8453460443259769
vn 0.8594987583668643 -0.5030918627615031 -0.09033527544088109
vn 0.8453467182725596 -0.5030928971627012 0.17968434191730195
vn 0.5782882786523981 -0.5030919723983156 0.6422469416677816
vn 0.35151349781078856 -0.5030942531924116 0.7895153154066074
vn -0.9091322732854908 -0.09816779100657394 0.40477351010119855
vn -0.7895137042463636 -0.5030946356535063 0.35151656914553997
vn -0.404769504919441 -0.09816890763779806 -0.9091339359304942
vn -0.6658990079150308 -0.09816814638840748 -0.7395549515028901
vn -0.5782822912263884 -0.5030948326721917 -0.6422500922479484
vn -0.35150754663680456 -0.5030958180975799 -0.7895169678164626
vn 0.7895153055185279 -0.5030944470367987 -0.3515132425851454
vn 0.748450989022194 -0.5030902479412097 0.4321126235811125
vn 0.35151349781078856 -0.5030942531924116 0.7895153154066074
vn -0.7895137042463636 -0.5030946356535063 0.35151656914553997
vn -0.35150754663680456 -0.5030958180975799 -0.7895169678164626
vn 0.7895153055185279 -0.5030944470367987 -0.3515132425851454
vn -0.49999988459826594 -6.096780776885452e-7 0.8660254704114362
vn -0.20791104293764387 -5.482631571744764e-7 0.9781477384445976
vn -0.20791111635814863 -5.482631053072327e-7 0.9781477228386353
vn -0.4999998880560847 -6.096780142685069e-7 0.866025468415064
vn 0.8660249898680902 9.440522003527414e-8 0.5000007169234517
vn 0.978147368425418 2.819734088297076e-7 0.20791278373960087
vn 0.9781473416053215 2.819733240154249e-7 0.2079129099175014
vn 0.8660248826368945 9.440511902309446e-8 0.5000009026529296
vn -0.10452699191298505 4.938185104734019e-7 -0.9945220500126576
vn -0.406734656749332 3.1716147841079645e-7 -0.9135463420094803
vn -0.4067348005321687 3.1716140330744974e-7 -0.9135462779935982
vn -0.10452707297392032 4.938183925561964e-7 -0.994522041492928
vn -0.7431454030932175 -5.899785766765058e-7 0.6691299648506792
vn -0.743145317128021 -5.899785931707826e-7 0.6691300603248558
vn 0.20791014116465759 6.000397805926396e-7 -0.9781479301212737
vn 0.20791011051516653 6.000398308640358e-7 -0.9781479366359729
vn -0.9135451703103715 -5.291735448693511e-7 0.4067372884335957
vn -0.7431454030932175 -5.899785766765058e-7 0.6691299648506792
vn -0.743145317128021 -5.899785931707826e-7 0.6691300603248558
vn -0.9135451272284544 -5.291735398739425e-7 0.40673738519696856
vn 0.49999970578426134 6.873438825829012e-7 -0.8660255736496353
vn 0.4999997246782028 6.873437032207106e-7 -0.8660255627412212
vn -0.9945217038849841 -4.3170787364303004e-7 0.10453028509251172
vn -0.994521693041352 -4.317079372071402e-7 0.10453038826090996
vn 0.6691312192606994 -1.1192400890630148e-7 0.7431442736176316
vn 0.6691311270650998 -1.1192409772006314e-7 0.7431443566310498
vn 0.743146221297573 6.67644609554765e-7 -0.6691290561399145
vn 0.7431463072626738 6.676445958153098e-7 -0.6691289606655849
vn -0.9781473593341009 -2.7550062515107424e-7 -0.20791282651065446
vn -0.9781473926689278 -2.755006931003613e-7 -0.20791266968345712
vn 0.40673543903075965 -2.8264326160692517e-7 0.9135459937169969
vn 0.4067352897986779 -2.826433390069724e-7 0.9135460601591502
vn 0.9135466127855637 5.59376198385425e-7 -0.40673404857192663
vn 0.913546657080214 5.593761312424254e-7 -0.4067339490837384
vn -0.8660249898680902 -9.0089910648101e-8 -0.5000007169234525
vn -0.866025082198051 -9.008999949493713e-8 -0.500000557003541
vn 0.10452737511011963 -4.247819936382241e-7 0.9945220097375462
vn 0.40673543903075965 -2.8264326160692517e-7 0.9135459937169969
vn 0.4067352897986779 -2.826433390069724e-7 0.9135460601591502
vn 0.10452728550702317 -4.24782089673357e-7 0.9945220191551077
vn 0.9945219935958212 4.20920036901475e-7 -0.10452752868989262
vn 0.9135466127855637 5.59376198385425e-7 -0.40673404857192663
vn 0.913546657080214 5.593761312424254e-7 -0.4067339490837384
vn 0.9945220044391593 4.2092003006303565e-7 -0.10452742552143794
vn 0 -0.8779626041530757 -0.4787292196103654
vn 0 -0.8779626041530757 -0.4787292196103654
vn 0 -0.8779626041530757 -0.4787292196103654
vn 0 -0.8779626041530757 -0.4787292196103654
vn 0 -0.8779626041530757 -0.4787292196103654
vn 0 -0.8779626041530757 -0.4787292196103654
vn -0.0000036686149776651084 0.9392736125402249 0.3431691722345943
vn -0.0000036686149776651084 0.9392736125402249 0.3431691722345943
vn -0.0000036686149776651084 0.9392736125402249 0.3431691722345943
vn -0.0000036686149776651084 0.9392736125402249 0.3431691722345943
vn -0.0000036686149776651084 0.9392736125402249 0.3431691722345943
vn -0.0000036686149776651084 0.9392736125402249 0.3431691722345943
vn -0.0000036686149776651084 0.9392736125402249 0.3431691722345943
vn -0.0000036686149776651084 0.9392736125402249 0.3431691722345943
vn 0 -0.8779626519835271 0.4787291318919836
vn 0 -0.8779626519835271 0.4787291318919836
vn 0 -0.8779626519835271 0.4787291318919836
vn 0 -0.8779626519835271 0.4787291318919836
vn 0 -0.8779626519835271 0.4787291318919836
vn 0 -0.8779626519835271 0.4787291318919836
vn -0.000003144528679254405 0.9392734386535047 -0.3431696481773018
vn -0.000003144528679254405 0.9392734386535047 -0.3431696481773018
vn -0.000003144528679254405 0.9392734386535047 -0.3431696481773018
vn -0.000003144528679254405 0.9392734386535047 -0.3431696481773018
vn -0.000003144528679254405 0.9392734386535047 -0.3431696481773018
vn -0.000003144528679254405 0.9392734386535047 -0.3431696481773018
vn -0.000003144528679254405 0.9392734386535047 -0.3431696481773018
vn -0.000003144528679254405 0.9392734386535047 -0.3431696481773018
vn 3.9265381701610304e-7 -0.9999999999994779 9.432467262811731e-7
vn -3.4357199751854075e-7 -0.9999999999994962 9.432465557509337e-7
vn -7.853075771866672e-7 -0.9999999999972891 -0.0000021921051203065286
vn 0 -0.9999999999939879 -0.0000034675823090461723
vn 0 -0.9999999999939879 -0.0000034675823090461723
vn 0 -0.9999999999939879 -0.0000034675823090461723
vn 0 -0.9999999999939879 -0.0000034675823090461723
vn 0 -0.9999999999939879 -0.0000034675823090461723
vn 0 -0.9999999999939879 -0.0000034675823090461723
vn 0 -0.9999999999939879 -0.0000034675823090461723
vn 0 -0.9999999999939879 -0.0000034675823090461723
vn -0.9455169577243141 -3.20266251559311e-7 -0.32557285306925554
vn -0.0000010797976983657881 -0.9999999999989722 9.432466694372773e-7
vn -0.000001570614927001646 -0.9999999999983464 -9.166280452427152e-7
vn -0.000001570614927001646 -0.9999999999983464 -9.166280452427152e-7
vn -0.000001570614927001646 -0.9999999999983464 -9.166280452427152e-7
vn -0.000001570614927001646 -0.9999999999983464 -9.166280452427152e-7
vn -0.000001570614927001646 -0.9999999999983464 -9.166280452427152e-7
vn -0.000001570614927001646 -0.9999999999983464 -9.166280452427152e-7
vn -0.000001570614927001646 -0.9999999999983464 -9.166280452427152e-7
vn -0.000001570614927001646 -0.9999999999983464 -9.166280452427152e-7
vn 7.853076908651012e-7 -0.9999999999853585 0.0000053540758752451355
vn 7.853076908651012e-7 -0.9999999999853585 0.0000053540758752451355
vn 7.853076908651012e-7 -0.9999999999853585 0.0000053540758752451355
vn 7.853076908651012e-7 -0.9999999999853585 0.0000053540758752451355
vn 7.853076908651012e-7 -0.9999999999853585 0.0000053540758752451355
vn 7.853076908651012e-7 -0.9999999999853585 0.0000053540758752451355
vn 7.853076908651012e-7 -0.9999999999853585 0.0000053540758752451355
vn 7.853076908651012e-7 -0.9999999999853585 0.0000053540758752451355
vn 9.816341162074608e-8 -0.9999999999916778 0.00000407859823178455
vn -0.9455169210275617 3.074563954690706e-7 0.32557295964263516
vn -5.889805834136774e-7 -0.999999999995898 0.000002803121270423516
vn -5.889805834136774e-7 -0.999999999995898 0.000002803121270423516
vn -5.889805834136774e-7 -0.999999999995898 0.000002803121270423516
vn -5.889805834136774e-7 -0.999999999995898 0.000002803121270423516
vn -5.889805834136774e-7 -0.999999999995898 0.000002803121270423516
vn -5.889805834136774e-7 -0.999999999995898 0.000002803121270423516
vn -5.889805834136774e-7 -0.999999999995898 0.000002803121270423516
vn -5.889805834136774e-7 -0.999999999995898 0.000002803121270423516
vn 0.000002468874299658388 0.999999999996939 -1.6292067894724563e-7
vn 0.000002468874299658388 0.999999999996939 -1.6292067894724563e-7
vn 0.000002468874299658388 0.999999999996939 -1.6292067894724563e-7
vn 0.000002468874299658388 0.999999999996939 -1.6292067894724563e-7
vn 0.000002468874299658388 0.999999999996939 -1.6292067894724563e-7
vn 0.000002468874299658388 0.999999999996939 -1.6292067894724563e-7
vn 0.000002468874299658388 0.999999999996939 -1.6292067894724563e-7
vn 0.000002468874299658388 0.999999999996939 -1.6292067894724563e-7
vn 0.000002468874299658388 0.999999999996939 -1.6292067894724563e-7
vn 0.000002468874299658388 0.999999999996939 -1.6292067894724563e-7
vn 0.000002468874299658388 0.999999999996939 -1.6292067894724563e-7
vn 0.000002468874299658388 0.999999999996939 -1.6292067894724563e-7
vn 0.000002468874299658388 0.999999999996939 -1.6292067894724563e-7
vn 0.000002468874299658388 0.999999999996939 -1.6292067894724563e-7
vn 0.000002468874299658388 0.999999999996939 -1.6292067894724563e-7
vn 0.000002468874299658388 0.999999999996939 -1.6292067894724563e-7
vn 0.000002468874299658388 0.999999999996939 -1.6292067894724563e-7
vn 0.000002468874299658388 0.999999999996939 -1.6292067894724563e-7
vn 0.000002468874299658388 0.999999999996939 -1.6292067894724563e-7
vn 0.000002468874299658388 0.999999999996939 -1.6292067894724563e-7
vn -0.00000527978727397484 -0.9999999999860487 1.629206789454714e-7
vn -0.00000527978727397484 -0.9999999999860487 1.629206789454714e-7
vn -0.00000527978727397484 -0.9999999999860487 1.629206789454714e-7
vn -0.00000527978727397484 -0.9999999999860487 1.629206789454714e-7
vn -0.00000527978727397484 -0.9999999999860487 1.629206789454714e-7
vn -0.00000527978727397484 -0.9999999999860487 1.629206789454714e-7
vn -0.00000527978727397484 -0.9999999999860487 1.629206789454714e-7
vn -0.00000527978727397484 -0.9999999999860487 1.629206789454714e-7
vn -0.00000527978727397484 -0.9999999999860487 1.629206789454714e-7
vn -0.00000527978727397484 -0.9999999999860487 1.629206789454714e-7
vn -0.00000527978727397484 -0.9999999999860487 1.629206789454714e-7
vn -0.00000527978727397484 -0.9999999999860487 1.629206789454714e-7
vn -0.00000527978727397484 -0.9999999999860487 1.629206789454714e-7
vn -0.00000527978727397484 -0.9999999999860487 1.629206789454714e-7
vn -0.00000527978727397484 -0.9999999999860487 1.629206789454714e-7
vn -0.00000527978727397484 -0.9999999999860487 1.629206789454714e-7
vn -0.00000527978727397484 -0.9999999999860487 1.629206789454714e-7
vn -0.00000527978727397484 -0.9999999999860487 1.629206789454714e-7
vn -0.00000527978727397484 -0.9999999999860487 1.629206789454714e-7
vn -0.00000527978727397484 -0.9999999999860487 1.629206789454714e-7
vn -0.000007098014066108044 0.9999999999747958 -1.6292067894363804e-7
vn -0.000007098014066108044 0.9999999999747958 -1.6292067894363804e-7
vn -0.000007098014066108044 0.9999999999747958 -1.6292067894363804e-7
vn -0.000007098014066108044 0.9999999999747958 -1.6292067894363804e-7
vn -0.000007098014066108044 0.9999999999747958 -1.6292067894363804e-7
vn -0.000007098014066108044 0.9999999999747958 -1.6292067894363804e-7
vn -0.000007098014066108044 0.9999999999747958 -1.6292067894363804e-7
vn -0.000007098014066108044 0.9999999999747958 -1.6292067894363804e-7
vn -0.000007098014066108044 0.9999999999747958 -1.6292067894363804e-7
vn -0.000007098014066108044 0.9999999999747958 -1.6292067894363804e-7
vn -0.000007098014066108044 0.9999999999747958 -1.6292067894363804e-7
vn -0.000007098014066108044 0.9999999999747958 -1.6292067894363804e-7
vn -0.000007098014066108044 0.9999999999747958 -1.6292067894363804e-7
vn -0.000007098014066108044 0.9999999999747958 -1.6292067894363804e-7
vn -0.000007098014066108044 0.9999999999747958 -1.6292067894363804e-7
vn -0.000007098014066108044 0.9999999999747958 -1.6292067894363804e-7
vn -0.000007098014066108044 0.9999999999747958 -1.6292067894363804e-7
vn -0.000007098014066108044 0.9999999999747958 -1.6292067894363804e-7
vn -0.000007098014066108044 0.9999999999747958 -1.6292067894363804e-7
vn -0.000007098014066108044 0.9999999999747958 -1.6292067894363804e-7
vn -5.557668600885386e-7 -0.9999999999998321 1.6292067894771698e-7
vn -5.557668600885386e-7 -0.9999999999998321 1.6292067894771698e-7
vn -5.557668600885386e-7 -0.9999999999998321 1.6292067894771698e-7
vn -5.557668600885386e-7 -0.9999999999998321 1.6292067894771698e-7
vn -5.557668600885386e-7 -0.9999999999998321 1.6292067894771698e-7
vn -5.557668600885386e-7 -0.9999999999998321 1.6292067894771698e-7
vn -5.557668600885386e-7 -0.9999999999998321 1.6292067894771698e-7
vn -5.557668600885386e-7 -0.9999999999998321 1.6292067894771698e-7
vn -5.557668600885386e-7 -0.9999999999998321 1.6292067894771698e-7
vn -5.557668600885386e-7 -0.9999999999998321 1.6292067894771698e-7
vn -5.557668600885386e-7 -0.9999999999998321 1.6292067894771698e-7
vn -5.557668600885386e-7 -0.9999999999998321 1.6292067894771698e-7
vn -5.557668600885386e-7 -0.9999999999998321 1.6292067894771698e-7
vn -5.557668600885386e-7 -0.9999999999998321 1.6292067894771698e-7
vn -5.557668600885386e-7 -0.9999999999998321 1.6292067894771698e-7
vn -5.557668600885386e-7 -0.9999999999998321 1.6292067894771698e-7
vn -5.557668600885386e-7 -0.9999999999998321 1.6292067894771698e-7
vn -5.557668600885386e-7 -0.9999999999998321 1.6292067894771698e-7
vn -5.557668600885386e-7 -0.9999999999998321 1.6292067894771698e-7
vn -5.557668600885386e-7 -0.9999999999998321 1.6292067894771698e-7
vn -0.0000024688722532953094 0.999999999996939 -1.6292067894724563e-7
vn -0.0000024688722532953094 0.999999999996939 -1.6292067894724563e-7
vn -0.0000024688722532953094 0.999999999996939 -1.6292067894724563e-7
vn -0.0000024688722532953094 0.999999999996939 -1.6292067894724563e-7
vn -0.0000024688722532953094 0.999999999996939 -1.6292067894724563e-7
vn -0.0000024688722532953094 0.999999999996939 -1.6292067894724563e-7
vn -0.0000024688722532953094 0.999999999996939 -1.6292067894724563e-7
vn -0.0000024688722532953094 0.999999999996939 -1.6292067894724563e-7
vn -0.0000024688722532953094 0.999999999996939 -1.6292067894724563e-7
vn -0.0000024688722532953094 0.999999999996939 -1.6292067894724563e-7
vn -0.0000024688722532953094 0.999999999996939 -1.6292067894724563e-7
vn -0.0000024688722532953094 0.999999999996939 -1.6292067894724563e-7
vn -0.0000024688722532953094 0.999999999996939 -1.6292067894724563e-7
vn -0.0000024688722532953094 0.999999999996939 -1.6292067894724563e-7
vn -0.0000024688722532953094 0.999999999996939 -1.6292067894724563e-7
vn -0.0000024688722532953094 0.999999999996939 -1.6292067894724563e-7
vn -0.0000024688722532953094 0.999999999996939 -1.6292067894724563e-7
vn -0.0000024688722532953094 0.999999999996939 -1.6292067894724563e-7
vn -0.0000024688722532953094 0.999999999996939 -1.6292067894724563e-7
vn -0.0000024688722532953094 0.999999999996939 -1.6292067894724563e-7
vn -0.0000025009524051632977 -0.9999999999968594 1.6292067894723266e-7
vn -0.0000025009524051632977 -0.9999999999968594 1.6292067894723266e-7
vn -0.0000025009524051632977 -0.9999999999968594 1.6292067894723266e-7
vn -0.0000025009524051632977 -0.9999999999968594 1.6292067894723266e-7
vn -0.0000025009524051632977 -0.9999999999968594 1.6292067894723266e-7
vn -0.0000025009524051632977 -0.9999999999968594 1.6292067894723266e-7
vn -0.0000025009524051632977 -0.9999999999968594 1.6292067894723266e-7
vn -0.0000025009524051632977 -0.9999999999968594 1.6292067894723266e-7
vn -0.0000025009524051632977 -0.9999999999968594 1.6292067894723266e-7
vn -0.0000025009524051632977 -0.9999999999968594 1.6292067894723266e-7
vn -0.0000025009524051632977 -0.9999999999968594 1.6292067894723266e-7
vn -0.0000025009524051632977 -0.9999999999968594 1.6292067894723266e-7
vn -0.0000025009524051632977 -0.9999999999968594 1.6292067894723266e-7
vn -0.0000025009524051632977 -0.9999999999968594 1.6292067894723266e-7
vn -0.0000025009524051632977 -0.9999999999968594 1.6292067894723266e-7
vn -0.0000025009524051632977 -0.9999999999968594 1.6292067894723266e-7
vn -0.0000025009524051632977 -0.9999999999968594 1.6292067894723266e-7
vn -0.0000025009524051632977 -0.9999999999968594 1.6292067894723266e-7
vn -0.0000025009524051632977 -0.9999999999968594 1.6292067894723266e-7
vn -0.0000025009524051632977 -0.9999999999968594 1.6292067894723266e-7
vn -0.000006721051249617713 -0.9999999999774006 1.6292067894406243e-7
vn -0.000006721051249617713 -0.9999999999774006 1.6292067894406243e-7
vn -0.000006721051249617713 -0.9999999999774006 1.6292067894406243e-7
vn -0.000006721051249617713 -0.9999999999774006 1.6292067894406243e-7
vn -0.000006721051249617713 -0.9999999999774006 1.6292067894406243e-7
vn -0.000006721051249617713 -0.9999999999774006 1.6292067894406243e-7
vn -0.000006721051249617713 -0.9999999999774006 1.6292067894406243e-7
vn -0.000006721051249617713 -0.9999999999774006 1.6292067894406243e-7
vn -0.000006721051249617713 -0.9999999999774006 1.6292067894406243e-7
vn -0.000006721051249617713 -0.9999999999774006 1.6292067894406243e-7
vn -0.000006721051249617713 -0.9999999999774006 1.6292067894406243e-7
vn -0.000006721051249617713 -0.9999999999774006 1.6292067894406243e-7
vn -0.000006721051249617713 -0.9999999999774006 1.6292067894406243e-7
vn -0.000006721051249617713 -0.9999999999774006 1.6292067894406243e-7
vn -0.000006721051249617713 -0.9999999999774006 1.6292067894406243e-7
vn -0.000006721051249617713 -0.9999999999774006 1.6292067894406243e-7
vn -0.000006721051249617713 -0.9999999999774006 1.6292067894406243e-7
vn -0.000006721051249617713 -0.9999999999774006 1.6292067894406243e-7
vn -0.000006721051249617713 -0.9999999999774006 1.6292067894406243e-7
vn -0.000006721051249617713 -0.9999999999774006 1.6292067894406243e-7
vn -8.836274787423651e-7 0.9999999999995964 -1.6292067894767857e-7
vn -8.836274787423651e-7 0.9999999999995964 -1.6292067894767857e-7
vn -8.836274787423651e-7 0.9999999999995964 -1.6292067894767857e-7
vn -8.836274787423651e-7 0.9999999999995964 -1.6292067894767857e-7
vn -8.836274787423651e-7 0.9999999999995964 -1.6292067894767857e-7
vn -8.836274787423651e-7 0.9999999999995964 -1.6292067894767857e-7
vn -8.836274787423651e-7 0.9999999999995964 -1.6292067894767857e-7
vn -8.836274787423651e-7 0.9999999999995964 -1.6292067894767857e-7
vn -8.836274787423651e-7 0.9999999999995964 -1.6292067894767857e-7
vn -8.836274787423651e-7 0.9999999999995964 -1.6292067894767857e-7
vn -8.836274787423651e-7 0.9999999999995964 -1.6292067894767857e-7
vn -8.836274787423651e-7 0.9999999999995964 -1.6292067894767857e-7
vn -8.836274787423651e-7 0.9999999999995964 -1.6292067894767857e-7
vn -8.836274787423651e-7 0.9999999999995964 -1.6292067894767857e-7
vn -8.836274787423651e-7 0.9999999999995964 -1.6292067894767857e-7
vn -8.836274787423651e-7 0.9999999999995964 -1.6292067894767857e-7
vn -8.836274787423651e-7 0.9999999999995964 -1.6292067894767857e-7
vn -8.836274787423651e-7 0.9999999999995964 -1.6292067894767857e-7
vn -8.836274787423651e-7 0.9999999999995964 -1.6292067894767857e-7
vn -8.836274787423651e-7 0.9999999999995964 -1.6292067894767857e-7
vn -0.000009708182914889203 -0.9999999999528623 1.6292067894006462e-7
vn -0.000009708182914889203 -0.9999999999528623 1.6292067894006462e-7
vn -0.000009708182914889203 -0.9999999999528623 1.6292067894006462e-7
vn -0.000009708182914889203 -0.9999999999528623 1.6292067894006462e-7
vn -0.000009708182914889203 -0.9999999999528623 1.6292067894006462e-7
vn -0.000009708182914889203 -0.9999999999528623 1.6292067894006462e-7
vn -0.000009708182914889203 -0.9999999999528623 1.6292067894006462e-7
vn -0.000009708182914889203 -0.9999999999528623 1.6292067894006462e-7
vn -0.000009708182914889203 -0.9999999999528623 1.6292067894006462e-7
vn -0.000009708182914889203 -0.9999999999528623 1.6292067894006462e-7
vn -0.000009708182914889203 -0.9999999999528623 1.6292067894006462e-7
vn -0.000009708182914889203 -0.9999999999528623 1.6292067894006462e-7
vn -0.000009708182914889203 -0.9999999999528623 1.6292067894006462e-7
vn -0.000009708182914889203 -0.9999999999528623 1.6292067894006462e-7
vn -0.000009708182914889203 -0.9999999999528623 1.6292067894006462e-7
vn -0.000009708182914889203 -0.9999999999528623 1.6292067894006462e-7
vn -0.000009708182914889203 -0.9999999999528623 1.6292067894006462e-7
vn -0.000009708182914889203 -0.9999999999528623 1.6292067894006462e-7
vn -0.000009708182914889203 -0.9999999999528623 1.6292067894006462e-7
vn -0.000009708182914889203 -0.9999999999528623 1.6292067894006462e-7
vn 0.0000035345092328277352 0.9999999999937402 -1.629206789467245e-7
vn 0.0000035345092328277352 0.9999999999937402 -1.629206789467245e-7
vn 0.0000035345092328277352 0.9999999999937402 -1.629206789467245e-7
vn 0.0000035345092328277352 0.9999999999937402 -1.629206789467245e-7
vn 0.0000035345092328277352 0.9999999999937402 -1.629206789467245e-7
vn 0.0000035345092328277352 0.9999999999937402 -1.629206789467245e-7
vn 0.0000035345092328277352 0.9999999999937402 -1.629206789467245e-7
vn 0.0000035345092328277352 0.9999999999937402 -1.629206789467245e-7
vn 0.0000035345092328277352 0.9999999999937402 -1.629206789467245e-7
vn 0.0000035345092328277352 0.9999999999937402 -1.629206789467245e-7
vn 0.0000035345092328277352 0.9999999999937402 -1.629206789467245e-7
vn 0.0000035345092328277352 0.9999999999937402 -1.629206789467245e-7
vn 0.0000035345092328277352 0.9999999999937402 -1.629206789467245e-7
vn 0.0000035345092328277352 0.9999999999937402 -1.629206789467245e-7
vn 0.0000035345092328277352 0.9999999999937402 -1.629206789467245e-7
vn 0.0000035345092328277352 0.9999999999937402 -1.629206789467245e-7
vn 0.0000035345092328277352 0.9999999999937402 -1.629206789467245e-7
vn 0.0000035345092328277352 0.9999999999937402 -1.629206789467245e-7
vn 0.0000035345092328277352 0.9999999999937402 -1.629206789467245e-7
vn 0.0000035345092328277352 0.9999999999937402 -1.629206789467245e-7
vn 0.000002987133939300607 -0.9999999999955251 1.629206789470153e-7
vn 0.000002987133939300607 -0.9999999999955251 1.629206789470153e-7
vn 0.000002987133939300607 -0.9999999999955251 1.629206789470153e-7
vn 0.000002987133939300607 -0.9999999999955251 1.629206789470153e-7
vn 0.000002987133939300607 -0.9999999999955251 1.629206789470153e-7
vn 0.000002987133939300607 -0.9999999999955251 1.629206789470153e-7
vn 0.000002987133939300607 -0.9999999999955251 1.629206789470153e-7
vn 0.000002987133939300607 -0.9999999999955251 1.629206789470153e-7
vn 0.000002987133939300607 -0.9999999999955251 1.629206789470153e-7
vn 0.000002987133939300607 -0.9999999999955251 1.629206789470153e-7
vn 0.000002987133939300607 -0.9999999999955251 1.629206789470153e-7
vn 0.000002987133939300607 -0.9999999999955251 1.629206789470153e-7
vn 0.000002987133939300607 -0.9999999999955251 1.629206789470153e-7
vn 0.000002987133939300607 -0.9999999999955251 1.629206789470153e-7
vn 0.000002987133939300607 -0.9999999999955251 1.629206789470153e-7
vn 0.000002987133939300607 -0.9999999999955251 1.629206789470153e-7
vn 0.000002987133939300607 -0.9999999999955251 1.629206789470153e-7
vn 0.000002987133939300607 -0.9999999999955251 1.629206789470153e-7
vn 0.000002987133939300607 -0.9999999999955251 1.629206789470153e-7
vn 0.000002987133939300607 -0.9999999999955251 1.629206789470153e-7
vn 0.00000474949820267384 0.999999999988708 -1.6292067894590464e-7
vn 0.00000474949820267384 0.999999999988708 -1.6292067894590464e-7
vn 0.00000474949820267384 0.999999999988708 -1.6292067894590464e-7
vn 0.00000474949820267384 0.999999999988708 -1.6292067894590464e-7
vn 0.00000474949820267384 0.999999999988708 -1.6292067894590464e-7
vn 0.00000474949820267384 0.999999999988708 -1.6292067894590464e-7
vn 0.00000474949820267384 0.999999999988708 -1.6292067894590464e-7
vn 0.00000474949820267384 0.999999999988708 -1.6292067894590464e-7
vn 0.00000474949820267384 0.999999999988708 -1.6292067894590464e-7
vn 0.00000474949820267384 0.999999999988708 -1.6292067894590464e-7
vn 0.00000474949820267384 0.999999999988708 -1.6292067894590464e-7
vn 0.00000474949820267384 0.999999999988708 -1.6292067894590464e-7
vn 0.00000474949820267384 0.999999999988708 -1.6292067894590464e-7
vn 0.00000474949820267384 0.999999999988708 -1.6292067894590464e-7
vn 0.00000474949820267384 0.999999999988708 -1.6292067894590464e-7
vn 0.00000474949820267384 0.999999999988708 -1.6292067894590464e-7
vn 0.00000474949820267384 0.999999999988708 -1.6292067894590464e-7
vn 0.00000474949820267384 0.999999999988708 -1.6292067894590464e-7
vn 0.00000474949820267384 0.999999999988708 -1.6292067894590464e-7
vn 0.00000474949820267384 0.999999999988708 -1.6292067894590464e-7
f 1/1/1 2/2/2 3/3/3
f 4/4/4 5/5/5 6/6/6
f 7/7/7 8/8/8 6/6/6
f 9/9/9 10/10/10 11/11/11
f 12/12/12 4/4/4 6/6/6
f 5/5/5 13/13/13 6/6/6
f 13/13/13 7/7/7 6/6/6
f 14/14/14 15/15/15 16/16/16
f 17/17/17 18/18/18 19/19/19
f 20/20/20 21/21/21 22/22/22
f 23/23/23 19/19/19 18/18/18
f 24/24/24 2/2/2 1/1/1
f 25/25/25 26/26/26 27/27/27
f 28/28/28 26/26/26 29/29/29
f 29/29/29 26/26/26 30/30/30
f 31/31/31 32/32/32 33/33/33
f 34/34/34 26/26/26 28/28/28
f 35/35/35 36/36/36 37/37/37
f 36/36/36 38/38/38 39/39/39
f 36/36/36 35/35/35 38/38/38
f 40/40/40 41/41/41 42/42/42
f 43/43/43 44/44/44 45/45/45
f 46/46/46 47/47/47 48/48/48
f 49/49/49 50/50/50 51/51/51
f 52/52/52 50/50/50 53/53/53
f 53/53/53 50/50/50 54/54/54
f 55/55/55 56/56/56 57/57/57
f 51/51/51 50/50/50 58/58/58
f 58/58/58 50/50/50 52/52/52
f 59/59/59 60/60/60 61/61/61
f 62/62/62 63/63/63 64/64/64
f 65/65/65 66/66/66 67/67/67
f 68/68/68 64/64/64 63/63/63
f 69/69/69 46/46/46 48/48/48
f 70/70/70 71/71/71 72/72/72
f 73/73/73 74/74/74 72/72/72
f 75/75/75 76/76/76 77/77/77
f 78/78/78 70/70/70 72/72/72
f 79/79/79 73/73/73 72/72/72
f 80/80/80 81/81/81 82/82/82
f 82/82/82 83/83/83 84/84/84
f 85/85/85 86/86/86 87/87/87
f 88/88/88 89/89/89 90/90/90
f 91/91/91 92/92/92 93/93/93
f 94/94/94 95/95/95 96/96/96
f 94/94/94 96/96/96 97/97/97
f 98/98/98 99/99/99 100/100/100
f 98/98/98 100/100/100 101/101/101
f 102/102/102 103/103/103 104/104/104
f 102/102/102 104/104/104 105/105/105
f 106/106/106 107/107/107 108/108/108
f 106/106/106 108/108/108 109/109/109
f 110/110/110 111/111/111 112/112/112
f 110/110/110 112/112/112 113/113/113
f 114/114/114 115/115/115 99/99/99
f 114/114/114 99/99/99 98/98/98
f 116/116/116 117/117/117 118/118/118
f 116/116/116 118/118/118 119/119/119
f 110/110/110 113/113/113 120/120/120
f 110/110/110 120/120/120 121/121/121
f 122/122/122 123/123/123 115/115/115
f 122/122/122 115/115/115 114/114/114
f 124/124/124 125/125/125 126/126/126
f 124/124/124 126/126/126 127/127/127
f 128/128/128 129/129/129 112/112/112
f 128/128/128 112/112/112 111/111/111
f 119/119/119 125/125/125 124/124/124
f 119/119/119 124/124/124 116/116/116
f 130/130/130 131/131/131 132/132/132
f 130/130/130 132/132/132 133/133/133
f 134/134/134 135/135/135 136/136/136
f 134/134/134 136/136/136 137/137/137
f 138/138/138 139/139/139 140/140/140
f 138/138/138 140/140/140 141/141/141
f 132/132/132 142/142/142 143/143/143
f 132/132/132 143/143/143 133/133/133
f 144/144/144 145/145/145 146/146/146
f 144/144/144 146/146/146 147/147/147
f 148/148/148 134/134/134 137/137/137
f 148/148/148 137/137/137 149/149/149
f 150/150/150 151/151/151 152/152/152
f 150/150/150 152/152/152 153/153/153
f 144/144/144 154/154/154 155/155/155
f 144/144/144 155/155/155 145/145/145
f 156/156/156 148/148/148 149/149/149
f 156/156/156 149/149/149 157/157/157
f 158/158/158 159/159/159 160/160/160
f 158/158/158 160/160/160 161/161/161
f 162/162/162 147/147/147 146/146/146
f 162/162/162 146/146/146 163/163/163
f 151/151/151 150/150/150 158/158/158
f 151/151/151 158/158/158 161/161/161
f 164/164/164 165/165/165 166/166/166
f 164/164/164 166/166/166 167/167/167
f 168/168/168 169/169/169 170/170/170
f 168/168/168 170/170/170 171/171/171
f 172/172/172 173/173/173 174/174/174
f 172/172/172 174/174/174 175/175/175
f 176/176/176 177/177/177 178/178/178
f 176/176/176 178/178/178 179/179/179
f 180/180/180 181/181/181 182/182/182
f 180/180/180 182/182/182 183/183/183
f 184/184/184 185/185/185 186/186/186
f 184/184/184 186/186/186 187/187/187
f 188/188/188 189/189/189 190/190/190
f 188/188/188 190/190/190 191/191/191
f 192/192/192 193/193/193 194/194/194
f 192/192/192 194/194/194 195/195/195
f 196/196/196 197/197/197 198/198/198
f 196/196/196 198/198/198 199/199/199
f 200/200/200 201/201/201 202/202/202
f 200/200/200 202/202/202 203/203/203
f 204/204/204 205/205/205 206/206/206
f 204/204/204 206/206/206 207/207/207
f 208/208/208 209/209/209 210/210/210
f 208/208/208 210/210/210 211/211/211
f 212/212/212 213/213/213 214/214/214
f 212/212/212 214/214/214 215/215/215
f 216/216/216 18/18/18 217/217/217
f 216/216/216 217/217/217 218/218/218
f 2/2/2 219/219/219 220/220/220
f 2/2/2 220/220/220 221/221/221
f 222/222/222 216/216/216 218/218/218
f 222/222/222 218/218/218 223/223/223
f 224/224/224 225/225/225 226/226/226
f 224/224/224 226/226/226 227/227/227
f 228/228/228 229/229/229 230/230/230
f 228/228/228 230/230/230 231/231/231
f 232/232/232 233/233/233 234/234/234
f 232/232/232 234/234/234 23/23/23
f 235/235/235 236/236/236 4/4/4
f 235/235/235 4/4/4 12/12/12
f 237/237/237 238/238/238 8/8/8
f 237/237/237 8/8/8 7/7/7
f 239/239/239 240/240/240 241/241/241
f 239/239/239 241/241/241 233/233/233
f 242/242/242 237/237/237 7/7/7
f 242/242/242 7/7/7 13/13/13
f 243/243/243 244/244/244 245/245/245
f 243/243/243 245/245/245 246/246/246
f 247/247/247 242/242/242 13/13/13
f 247/247/247 13/13/13 5/5/5
f 244/244/244 248/248/248 249/249/249
f 244/244/244 249/249/249 245/245/245
f 250/250/250 251/251/251 252/252/252
f 250/250/250 252/252/252 253/253/253
f 236/236/236 247/247/247 5/5/5
f 236/236/236 5/5/5 4/4/4
f 246/246/246 245/245/245 254/254/254
f 246/246/246 254/254/254 255/255/255
f 256/256/256 243/243/243 246/246/246
f 256/256/256 246/246/246 257/257/257
f 245/245/245 249/249/249 258/258/258
f 245/245/245 258/258/258 254/254/254
f 253/253/253 252/252/252 259/259/259
f 253/253/253 259/259/259 260/260/260
f 251/251/251 256/256/256 257/257/257
f 251/251/251 257/257/257 252/252/252
f 261/261/261 262/262/262 44/44/44
f 261/261/261 44/44/44 43/43/43
f 252/252/252 257/257/257 263/263/263
f 252/252/252 263/263/263 259/259/259
f 264/264/264 240/240/240 251/251/251
f 264/264/264 251/251/251 250/250/250
f 265/265/265 266/266/266 248/248/248
f 265/265/265 248/248/248 244/244/244
f 257/257/257 246/246/246 255/255/255
f 257/257/257 255/255/255 263/263/263
f 267/267/267 265/265/265 244/244/244
f 267/267/267 244/244/244 243/243/243
f 268/268/268 230/230/230 229/229/229
f 268/268/268 229/229/229 269/269/269
f 42/42/42 261/261/261 230/230/230
f 42/42/42 230/230/230 268/268/268
f 270/270/270 271/271/271 30/30/30
f 270/270/270 30/30/30 272/272/272
f 273/273/273 274/274/274 275/275/275
f 273/273/273 275/275/275 276/276/276
f 41/41/41 40/40/40 277/277/277
f 41/41/41 277/277/277 278/278/278
f 266/266/266 265/265/265 279/279/279
f 266/266/266 279/279/279 280/280/280
f 240/240/240 239/239/239 256/256/256
f 240/240/240 256/256/256 251/251/251
f 240/240/240 264/264/264 281/281/281
f 240/240/240 281/281/281 241/241/241
f 265/265/265 267/267/267 232/232/232
f 265/265/265 232/232/232 279/279/279
f 239/239/239 267/267/267 243/243/243
f 239/239/239 243/243/243 256/256/256
f 282/282/282 283/283/283 284/284/284
f 282/282/282 284/284/284 285/285/285
f 286/286/286 287/287/287 288/288/288
f 286/286/286 288/288/288 289/289/289
f 290/290/290 291/291/291 292/292/292
f 290/290/290 292/292/292 293/293/293
f 275/275/275 294/294/294 295/295/295
f 275/275/275 295/295/295 276/276/276
f 296/296/296 297/297/297 298/298/298
f 296/296/296 298/298/298 299/299/299
f 278/278/278 277/277/277 300/300/300
f 278/278/278 300/300/300 301/301/301
f 280/280/280 279/279/279 302/302/302
f 280/280/280 302/302/302 303/303/303
f 304/304/304 305/305/305 306/306/306
f 304/304/304 306/306/306 307/307/307
f 241/241/241 281/281/281 308/308/308
f 241/241/241 308/308/308 24/24/24
f 279/279/279 232/232/232 23/23/23
f 279/279/279 23/23/23 302/302/302
f 233/233/233 241/241/241 24/24/24
f 233/233/233 24/24/24 234/234/234
f 309/309/309 310/310/310 311/311/311
f 309/309/309 311/311/311 312/312/312
f 313/313/313 314/314/314 315/315/315
f 313/313/313 315/315/315 316/316/316
f 317/317/317 318/318/318 319/319/319
f 317/317/317 319/319/319 320/320/320
f 318/318/318 321/321/321 322/322/322
f 318/318/318 322/322/322 319/319/319
f 323/323/323 324/324/324 325/325/325
f 323/323/323 325/325/325 326/326/326
f 327/327/327 317/317/317 320/320/320
f 327/327/327 320/320/320 328/328/328
f 329/329/329 330/330/330 213/213/213
f 329/329/329 213/213/213 212/212/212
f 321/321/321 323/323/323 326/326/326
f 321/321/321 326/326/326 322/322/322
f 331/331/331 332/332/332 333/333/333
f 331/331/331 333/333/333 334/334/334
f 335/335/335 309/309/309 312/312/312
f 335/335/335 312/312/312 336/336/336
f 337/337/337 335/335/335 336/336/336
f 337/337/337 336/336/336 338/338/338
f 339/339/339 340/340/340 341/341/341
f 339/339/339 341/341/341 342/342/342
f 332/332/332 343/343/343 344/344/344
f 332/332/332 344/344/344 333/333/333
f 345/345/345 346/346/346 347/347/347
f 345/345/345 347/347/347 348/348/348
f 310/310/310 345/345/345 348/348/348
f 310/310/310 348/348/348 311/311/311
f 330/330/330 327/327/327 328/328/328
f 330/330/330 328/328/328 213/213/213
f 349/349/349 350/350/350 305/305/305
f 349/349/349 305/305/305 304/304/304
f 18/18/18 17/17/17 351/351/351
f 18/18/18 351/351/351 217/217/217
f 346/346/346 331/331/331 334/334/334
f 346/346/346 334/334/334 347/347/347
f 314/314/314 329/329/329 212/212/212
f 314/314/314 212/212/212 315/315/315
f 305/305/305 352/352/352 353/353/353
f 305/305/305 353/353/353 306/306/306
f 354/354/354 355/355/355 356/356/356
f 354/354/354 356/356/356 357/357/357
f 213/213/213 328/328/328 358/358/358
f 213/213/213 358/358/358 214/214/214
f 350/350/350 359/359/359 352/352/352
f 350/350/350 352/352/352 305/305/305
f 349/349/349 360/360/360 361/361/361
f 349/349/349 361/361/361 350/350/350
f 294/294/294 290/290/290 293/293/293
f 294/294/294 293/293/293 295/295/295
f 299/299/299 298/298/298 283/283/283
f 299/299/299 283/283/283 282/282/282
f 301/301/301 300/300/300 225/225/225
f 301/301/301 225/225/225 224/224/224
f 303/303/303 302/302/302 216/216/216
f 303/303/303 216/216/216 222/222/222
f 234/234/234 362/362/362 19/19/19
f 234/234/234 19/19/19 23/23/23
f 24/24/24 308/308/308 219/219/219
f 24/24/24 219/219/219 2/2/2
f 302/302/302 23/23/23 18/18/18
f 302/302/302 18/18/18 216/216/216
f 267/267/267 239/239/239 233/233/233
f 267/267/267 233/233/233 232/232/232
f 221/221/221 220/220/220 363/363/363
f 221/221/221 363/363/363 364/364/364
f 365/365/365 221/221/221 364/364/364
f 365/365/365 364/364/364 366/366/366
f 367/367/367 368/368/368 369/369/369
f 367/367/367 369/369/369 370/370/370
f 227/227/227 226/226/226 371/371/371
f 227/227/227 371/371/371 372/372/372
f 217/217/217 351/351/351 373/373/373
f 217/217/217 373/373/373 374/374/374
f 356/356/356 355/355/355 21/21/21
f 356/356/356 21/21/21 20/20/20
f 223/223/223 218/218/218 375/375/375
f 223/223/223 375/375/375 376/376/376
f 218/218/218 217/217/217 374/374/374
f 218/218/218 374/374/374 375/375/375
f 350/350/350 361/361/361 377/377/377
f 350/350/350 377/377/377 359/359/359
f 3/3/3 2/2/2 221/221/221
f 3/3/3 221/221/221 365/365/365
f 16/16/16 15/15/15 368/368/368
f 16/16/16 368/368/368 367/367/367
f 1/1/1 362/362/362 234/234/234
f 1/1/1 234/234/234 24/24/24
f 285/285/285 284/284/284 378/378/378
f 285/285/285 378/378/378 379/379/379
f 292/292/292 291/291/291 380/380/380
f 292/292/292 380/380/380 381/381/381
f 382/382/382 383/383/383 384/384/384
f 382/382/382 384/384/384 385/385/385
f 39/39/39 386/386/386 387/387/387
f 39/39/39 387/387/387 388/388/388
f 389/389/389 390/390/390 391/391/391
f 389/389/389 391/391/391 392/392/392
f 393/393/393 394/394/394 390/390/390
f 393/393/393 390/390/390 389/389/389
f 395/395/395 37/37/37 36/36/36
f 395/395/395 36/36/36 396/396/396
f 397/397/397 398/398/398 25/25/25
f 397/397/397 25/25/25 399/399/399
f 400/400/400 28/28/28 29/29/29
f 400/400/400 29/29/29 401/401/401
f 402/402/402 396/396/396 403/403/403
f 402/402/402 403/403/403 404/404/404
f 405/405/405 34/34/34 28/28/28
f 405/405/405 28/28/28 400/400/400
f 27/27/27 26/26/26 34/34/34
f 27/27/27 34/34/34 406/406/406
f 407/407/407 408/408/408 409/409/409
f 407/407/407 409/409/409 410/410/410
f 411/411/411 406/406/406 34/34/34
f 411/411/411 34/34/34 405/405/405
f 410/410/410 409/409/409 231/231/231
f 410/410/410 231/231/231 43/43/43
f 412/412/412 413/413/413 414/414/414
f 412/412/412 414/414/414 415/415/415
f 399/399/399 25/25/25 27/27/27
f 399/399/399 27/27/27 416/416/416
f 408/408/408 417/417/417 418/418/418
f 408/408/408 418/418/418 409/409/409
f 419/419/419 420/420/420 408/408/408
f 419/419/419 408/408/408 407/407/407
f 409/409/409 418/418/418 228/228/228
f 409/409/409 228/228/228 231/231/231
f 413/413/413 421/421/421 422/422/422
f 413/413/413 422/422/422 414/414/414
f 415/415/415 414/414/414 423/423/423
f 415/415/415 423/423/423 424/424/424
f 425/425/425 426/426/426 427/427/427
f 425/425/425 427/427/427 428/428/428
f 414/414/414 422/422/422 429/429/429
f 414/414/414 429/429/429 423/423/423
f 430/430/430 412/412/412 415/415/415
f 430/430/430 415/415/415 404/404/404
f 431/431/431 410/410/410 43/43/43
f 431/431/431 43/43/43 45/45/45
f 420/420/420 432/432/432 417/417/417
f 420/420/420 417/417/417 408/408/408
f 433/433/433 407/407/407 410/410/410
f 433/433/433 410/410/410 431/431/431
f 29/29/29 30/30/30 271/271/271
f 29/29/29 271/271/271 401/401/401
f 43/43/43 231/231/231 230/230/230
f 43/43/43 230/230/230 261/261/261
f 401/401/401 271/271/271 229/229/229
f 401/401/401 229/229/229 228/228/228
f 434/434/434 435/435/435 436/436/436
f 434/434/434 436/436/436 437/437/437
f 44/44/44 438/438/438 439/439/439
f 44/44/44 439/439/439 45/45/45
f 45/45/45 439/439/439 440/440/440
f 45/45/45 440/440/440 431/431/431
f 404/404/404 415/415/415 424/424/424
f 404/404/404 424/424/424 402/402/402
f 404/404/404 403/403/403 441/441/441
f 404/404/404 441/441/441 430/430/430
f 431/431/431 440/440/440 442/442/442
f 431/431/431 442/442/442 433/433/433
f 443/443/443 419/419/419 407/407/407
f 443/443/443 407/407/407 433/433/433
f 444/444/444 445/445/445 394/394/394
f 444/444/444 394/394/394 393/393/393
f 446/446/446 447/447/447 288/288/288
f 446/446/446 288/288/288 287/287/287
f 448/448/448 449/449/449 450/450/450
f 448/448/448 450/450/450 451/451/451
f 436/436/436 435/435/435 452/452/452
f 436/436/436 452/452/452 453/453/453
f 454/454/454 448/448/448 451/451/451
f 454/454/454 451/451/451 455/455/455
f 438/438/438 456/456/456 457/457/457
f 438/438/438 457/457/457 439/439/439
f 439/439/439 457/457/457 458/458/458
f 439/439/439 458/458/458 440/440/440
f 459/459/459 460/460/460 461/461/461
f 459/459/459 461/461/461 386/386/386
f 403/403/403 462/462/462 463/463/463
f 403/403/403 463/463/463 441/441/441
f 440/440/440 458/458/458 464/464/464
f 440/440/440 464/464/464 442/442/442
f 396/396/396 36/36/36 462/462/462
f 396/396/396 462/462/462 403/403/403
f 465/465/465 466/466/466 467/467/467
f 465/465/465 467/467/467 468/468/468
f 469/469/469 382/382/382 385/385/385
f 469/469/469 385/385/385 470/470/470
f 471/471/471 472/472/472 473/473/473
f 471/471/471 473/473/473 474/474/474
f 474/474/474 473/473/473 475/475/475
f 474/474/474 475/475/475 476/476/476
f 477/477/477 478/478/478 325/325/325
f 477/477/477 325/325/325 324/324/324
f 479/479/479 480/480/480 472/472/472
f 479/479/479 472/472/472 471/471/471
f 476/476/476 475/475/475 478/478/478
f 476/476/476 478/478/478 477/477/477
f 481/481/481 482/482/482 483/483/483
f 481/481/481 483/483/483 484/484/484
f 485/485/485 486/486/486 466/466/466
f 485/485/485 466/466/466 465/465/465
f 487/487/487 488/488/488 486/486/486
f 487/487/487 486/486/486 485/485/485
f 339/339/339 342/342/342 488/488/488
f 339/339/339 488/488/488 487/487/487
f 489/489/489 490/490/490 491/491/491
f 489/489/489 491/491/491 492/492/492
f 493/493/493 494/494/494 495/495/495
f 493/493/493 495/495/495 496/496/496
f 468/468/468 467/467/467 494/494/494
f 468/468/468 494/494/494 493/493/493
f 480/480/480 479/479/479 497/497/497
f 480/480/480 497/497/497 498/498/498
f 496/496/496 495/495/495 482/482/482
f 496/496/496 482/482/482 481/481/481
f 386/386/386 461/461/461 499/499/499
f 386/386/386 499/499/499 387/387/387
f 500/500/500 460/460/460 459/459/459
f 500/500/500 459/459/459 501/501/501
f 456/456/456 444/444/444 393/393/393
f 456/456/456 393/393/393 457/457/457
f 457/457/457 393/393/393 389/389/389
f 457/457/457 389/389/389 458/458/458
f 458/458/458 389/389/389 392/392/392
f 458/458/458 392/392/392 464/464/464
f 443/443/443 395/395/395 396/396/396
f 443/443/443 396/396/396 402/402/402
f 445/445/445 502/502/502 503/503/503
f 445/445/445 503/503/503 394/394/394
f 391/391/391 504/504/504 500/500/500
f 391/391/391 500/500/500 501/501/501
f 394/394/394 503/503/503 505/505/505
f 394/394/394 505/505/505 390/390/390
f 390/390/390 505/505/505 504/504/504
f 390/390/390 504/504/504 391/391/391
f 388/388/388 462/462/462 36/36/36
f 388/388/388 36/36/36 39/39/39
f 449/449/449 506/506/506 507/507/507
f 449/449/449 507/507/507 450/450/450
f 508/508/508 509/509/509 510/510/510
f 508/508/508 510/510/510 511/511/511
f 512/512/512 513/513/513 514/514/514
f 512/512/512 514/514/514 515/515/515
f 497/497/497 469/469/469 470/470/470
f 497/497/497 470/470/470 498/498/498
f 516/516/516 517/517/517 518/518/518
f 516/516/516 518/518/518 519/519/519
f 517/517/517 516/516/516 514/514/514
f 517/517/517 514/514/514 513/513/513
f 392/392/392 391/391/391 501/501/501
f 392/392/392 501/501/501 35/35/35
f 501/501/501 459/459/459 38/38/38
f 501/501/501 38/38/38 35/35/35
f 459/459/459 386/386/386 39/39/39
f 459/459/459 39/39/39 38/38/38
f 433/433/433 442/442/442 395/395/395
f 433/433/433 395/395/395 443/443/443
f 402/402/402 424/424/424 419/419/419
f 402/402/402 419/419/419 443/443/443
f 423/423/423 429/429/429 432/432/432
f 423/423/423 432/432/432 420/420/420
f 424/424/424 423/423/423 420/420/420
f 424/424/424 420/420/420 419/419/419
f 416/416/416 27/27/27 406/406/406
f 416/416/416 406/406/406 411/411/411
f 442/442/442 464/464/464 37/37/37
f 442/442/442 37/37/37 395/395/395
f 464/464/464 392/392/392 35/35/35
f 464/464/464 35/35/35 37/37/37
f 520/520/520 521/521/521 427/427/427
f 520/520/520 427/427/427 426/426/426
f 429/429/429 416/416/416 411/411/411
f 429/429/429 411/411/411 432/432/432
f 422/422/422 399/399/399 416/416/416
f 422/422/422 416/416/416 429/429/429
f 432/432/432 411/411/411 405/405/405
f 432/432/432 405/405/405 417/417/417
f 417/417/417 405/405/405 400/400/400
f 417/417/417 400/400/400 418/418/418
f 418/418/418 400/400/400 401/401/401
f 418/418/418 401/401/401 228/228/228
f 421/421/421 397/397/397 399/399/399
f 421/421/421 399/399/399 422/422/422
f 269/269/269 229/229/229 271/271/271
f 269/269/269 271/271/271 270/270/270
f 259/259/259 263/263/263 247/247/247
f 259/259/259 247/247/247 236/236/236
f 263/263/263 255/255/255 242/242/242
f 263/263/263 242/242/242 247/247/247
f 255/255/255 254/254/254 237/237/237
f 255/255/255 237/237/237 242/242/242
f 254/254/254 258/258/258 238/238/238
f 254/254/254 238/238/238 237/237/237
f 260/260/260 259/259/259 236/236/236
f 260/260/260 236/236/236 235/235/235
f 42/42/42 41/41/41 262/262/262
f 42/42/42 262/262/262 261/261/261
f 522/522/522 523/523/523 524/524/524
f 522/522/522 524/524/524 454/454/454
f 522/522/522 454/454/454 455/455/455
f 522/522/522 455/455/455 525/525/525
f 526/526/526 527/527/527 528/528/528
f 526/526/526 528/528/528 529/529/529
f 530/530/530 531/531/531 532/532/532
f 530/530/530 532/532/532 64/64/64
f 533/533/533 534/534/534 220/220/220
f 533/533/533 220/220/220 219/219/219
f 535/535/535 536/536/536 531/531/531
f 535/535/535 531/531/531 530/530/530
f 537/537/537 538/538/538 536/536/536
f 537/537/537 536/536/536 535/535/535
f 539/539/539 540/540/540 541/541/541
f 539/539/539 541/541/541 542/542/542
f 543/543/543 68/68/68 544/544/544
f 543/543/543 544/544/544 545/545/545
f 235/235/235 12/12/12 546/546/546
f 235/235/235 546/546/546 547/547/547
f 548/548/548 52/52/52 53/53/53
f 548/548/548 53/53/53 549/549/549
f 550/550/550 545/545/545 551/551/551
f 550/550/550 551/551/551 552/552/552
f 553/553/553 58/58/58 52/52/52
f 553/553/553 52/52/52 548/548/548
f 554/554/554 555/555/555 556/556/556
f 554/554/554 556/556/556 557/557/557
f 558/558/558 51/51/51 58/58/58
f 558/558/558 58/58/58 553/553/553
f 557/557/557 556/556/556 559/559/559
f 557/557/557 559/559/559 89/89/89
f 250/250/250 253/253/253 560/560/560
f 250/250/250 560/560/560 561/561/561
f 562/562/562 49/49/49 51/51/51
f 562/562/562 51/51/51 558/558/558
f 555/555/555 563/563/563 564/564/564
f 555/555/555 564/564/564 556/556/556
f 565/565/565 566/566/566 555/555/555
f 565/565/565 555/555/555 554/554/554
f 556/556/556 564/564/564 567/567/567
f 556/556/556 567/567/567 559/559/559
f 253/253/253 260/260/260 568/568/568
f 253/253/253 568/568/568 560/560/560
f 569/569/569 570/570/570 566/566/566
f 569/569/569 566/566/566 565/565/565
f 571/571/571 91/91/91 93/93/93
f 571/571/571 93/93/93 572/572/572
f 570/570/570 573/573/573 574/574/574
f 570/570/570 574/574/574 566/566/566
f 264/264/264 250/250/250 561/561/561
f 264/264/264 561/561/561 575/575/575
f 576/576/576 557/557/557 89/89/89
f 576/576/576 89/89/89 88/88/88
f 566/566/566 574/574/574 563/563/563
f 566/566/566 563/563/563 555/555/555
f 577/577/577 554/554/554 557/557/557
f 577/577/577 557/557/557 576/576/576
f 559/559/559 567/567/567 578/578/578
f 559/559/559 578/578/578 579/579/579
f 89/89/89 559/559/559 579/579/579
f 89/89/89 579/579/579 580/580/580
f 549/549/549 53/53/53 54/54/54
f 549/549/549 54/54/54 581/581/581
f 582/582/582 583/583/583 584/584/584
f 582/582/582 584/584/584 585/585/585
f 90/90/90 586/586/586 587/587/587
f 90/90/90 587/587/587 88/88/88
f 88/88/88 587/587/587 588/588/588
f 88/88/88 588/588/588 576/576/576
f 552/552/552 569/569/569 565/565/565
f 552/552/552 565/565/565 550/550/550
f 575/575/575 589/589/589 281/281/281
f 575/575/575 281/281/281 264/264/264
f 576/576/576 588/588/588 543/543/543
f 576/576/576 543/543/543 577/577/577
f 550/550/550 565/565/565 554/554/554
f 550/550/550 554/554/554 577/577/577
f 590/590/590 591/591/591 592/592/592
f 590/590/590 592/592/592 593/593/593
f 594/594/594 595/595/595 596/596/596
f 594/594/594 596/596/596 597/597/597
f 598/598/598 599/599/599 600/600/600
f 598/598/598 600/600/600 601/601/601
f 584/584/584 583/583/583 602/602/602
f 584/584/584 602/602/602 603/603/603
f 604/604/604 605/605/605 606/606/606
f 604/604/604 606/606/606 607/607/607
f 586/586/586 608/608/608 609/609/609
f 586/586/586 609/609/609 587/587/587
f 587/587/587 609/609/609 610/610/610
f 587/587/587 610/610/610 588/588/588
f 611/611/611 612/612/612 613/613/613
f 611/611/611 613/613/613 614/614/614
f 589/589/589 615/615/615 308/308/308
f 589/589/589 308/308/308 281/281/281
f 588/588/588 610/610/610 68/68/68
f 588/588/588 68/68/68 543/543/543
f 545/545/545 544/544/544 69/69/69
f 545/545/545 69/69/69 551/551/551
f 616/616/616 617/617/617 618/618/618
f 616/616/616 618/618/618 619/619/619
f 313/313/313 316/316/316 620/620/620
f 313/313/313 620/620/620 621/621/621
f 622/622/622 623/623/623 624/624/624
f 622/622/622 624/624/624 625/625/625
f 625/625/625 624/624/624 626/626/626
f 625/625/625 626/626/626 627/627/627
f 628/628/628 629/629/629 630/630/630
f 628/628/628 630/630/630 631/631/631
f 632/632/632 633/633/633 623/623/623
f 632/632/632 623/623/623 622/622/622
f 634/634/634 526/526/526 529/529/529
f 634/634/634 529/529/529 635/635/635
f 627/627/627 626/626/626 629/629/629
f 627/627/627 629/629/629 628/628/628
f 636/636/636 637/637/637 638/638/638
f 636/636/636 638/638/638 639/639/639
f 640/640/640 641/641/641 617/617/617
f 640/640/640 617/617/617 616/616/616
f 642/642/642 643/643/643 641/641/641
f 642/642/642 641/641/641 640/640/640
f 644/644/644 645/645/645 643/643/643
f 644/644/644 643/643/643 642/642/642
f 639/639/639 638/638/638 646/646/646
f 639/639/639 646/646/646 647/647/647
f 648/648/648 649/649/649 650/650/650
f 648/648/648 650/650/650 651/651/651
f 619/619/619 618/618/618 649/649/649
f 619/619/619 649/649/649 648/648/648
f 635/635/635 529/529/529 633/633/633
f 635/635/635 633/633/633 632/632/632
f 652/652/652 611/611/611 614/614/614
f 652/652/652 614/614/614 653/653/653
f 64/64/64 532/532/532 654/654/654
f 64/64/64 654/654/654 62/62/62
f 651/651/651 650/650/650 637/637/637
f 651/651/651 637/637/637 636/636/636
f 621/621/621 620/620/620 526/526/526
f 621/621/621 526/526/526 634/634/634
f 614/614/614 613/613/613 655/655/655
f 614/614/614 655/655/655 656/656/656
f 657/657/657 658/658/658 659/659/659
f 657/657/657 659/659/659 660/660/660
f 529/529/529 528/528/528 661/661/661
f 529/529/529 661/661/661 633/633/633
f 653/653/653 614/614/614 656/656/656
f 653/653/653 656/656/656 662/662/662
f 652/652/652 653/653/653 663/663/663
f 652/652/652 663/663/663 664/664/664
f 603/603/603 602/602/602 599/599/599
f 603/603/603 599/599/599 598/598/598
f 605/605/605 590/590/590 593/593/593
f 605/605/605 593/593/593 606/606/606
f 608/608/608 537/537/537 535/535/535
f 608/608/608 535/535/535 609/609/609
f 609/609/609 535/535/535 530/530/530
f 609/609/609 530/530/530 610/610/610
f 544/544/544 68/68/68 63/63/63
f 544/544/544 63/63/63 665/665/665
f 615/615/615 533/533/533 219/219/219
f 615/615/615 219/219/219 308/308/308
f 610/610/610 530/530/530 64/64/64
f 610/610/610 64/64/64 68/68/68
f 577/577/577 543/543/543 545/545/545
f 577/577/577 545/545/545 550/550/550
f 534/534/534 666/666/666 363/363/363
f 534/534/534 363/363/363 220/220/220
f 667/667/667 668/668/668 669/669/669
f 667/667/667 669/669/669 670/670/670
f 671/671/671 672/672/672 673/673/673
f 671/671/671 673/673/673 674/674/674
f 538/538/538 675/675/675 676/676/676
f 538/538/538 676/676/676 536/536/536
f 532/532/532 677/677/677 678/678/678
f 532/532/532 678/678/678 654/654/654
f 659/659/659 652/652/652 679/679/679
f 659/659/659 679/679/679 660/660/660
f 536/536/536 676/676/676 680/680/680
f 536/536/536 680/680/680 531/531/531
f 531/531/531 680/680/680 677/677/677
f 531/531/531 677/677/677 532/532/532
f 681/681/681 682/682/682 683/683/683
f 681/681/681 683/683/683 684/684/684
f 47/47/47 667/667/667 670/670/670
f 47/47/47 670/670/670 48/48/48
f 60/60/60 671/671/671 674/674/674
f 60/60/60 674/674/674 61/61/61
f 46/46/46 69/69/69 544/544/544
f 46/46/46 544/544/544 665/665/665
f 591/591/591 685/685/685 686/686/686
f 591/591/591 686/686/686 592/592/592
f 600/600/600 687/687/687 688/688/688
f 600/600/600 688/688/688 601/601/601
f 689/689/689 690/690/690 384/384/384
f 689/689/689 384/384/384 383/383/383
f 83/83/83 691/691/691 692/692/692
f 83/83/83 692/692/692 693/693/693
f 694/694/694 695/695/695 696/696/696
f 694/694/694 696/696/696 697/697/697
f 698/698/698 694/694/694 697/697/697
f 698/698/698 697/697/697 699/699/699
f 700/700/700 701/701/701 82/82/82
f 700/700/700 82/82/82 81/81/81
f 702/702/702 703/703/703 70/70/70
f 702/702/702 70/70/70 78/78/78
f 704/704/704 705/705/705 74/74/74
f 704/704/704 74/74/74 73/73/73
f 706/706/706 707/707/707 708/708/708
f 706/706/706 708/708/708 701/701/701
f 709/709/709 704/704/704 73/73/73
f 709/709/709 73/73/73 79/79/79
f 71/71/71 710/710/710 79/79/79
f 71/71/71 79/79/79 72/72/72
f 711/711/711 712/712/712 713/713/713
f 711/711/711 713/713/713 714/714/714
f 715/715/715 709/709/709 79/79/79
f 715/715/715 79/79/79 710/710/710
f 712/712/712 91/91/91 540/540/540
f 712/712/712 540/540/540 713/713/713
f 716/716/716 717/717/717 718/718/718
f 716/716/716 718/718/718 719/719/719
f 703/703/703 720/720/720 71/71/71
f 703/703/703 71/71/71 70/70/70
f 714/714/714 713/713/713 721/721/721
f 714/714/714 721/721/721 722/722/722
f 723/723/723 711/711/711 714/714/714
f 723/723/723 714/714/714 724/724/724
f 713/713/713 540/540/540 539/539/539
f 713/713/713 539/539/539 721/721/721
f 719/719/719 718/718/718 725/725/725
f 719/719/719 725/725/725 726/726/726
f 717/717/717 727/727/727 728/728/728
f 717/717/717 728/728/728 718/718/718
f 729/729/729 730/730/730 731/731/731
f 729/729/729 731/731/731 732/732/732
f 718/718/718 728/728/728 733/733/733
f 718/718/718 733/733/733 725/725/725
f 734/734/734 707/707/707 717/717/717
f 734/734/734 717/717/717 716/716/716
f 735/735/735 92/92/92 91/91/91
f 735/735/735 91/91/91 712/712/712
f 724/724/724 714/714/714 722/722/722
f 724/724/724 722/722/722 736/736/736
f 737/737/737 735/735/735 712/712/712
f 737/737/737 712/712/712 711/711/711
f 74/74/74 705/705/705 738/738/738
f 74/74/74 738/738/738 739/739/739
f 91/91/91 571/571/571 541/541/541
f 91/91/91 541/541/541 540/540/540
f 705/705/705 539/539/539 542/542/542
f 705/705/705 542/542/542 738/738/738
f 740/740/740 741/741/741 742/742/742
f 740/740/740 742/742/742 743/743/743
f 93/93/93 92/92/92 744/744/744
f 93/93/93 744/744/744 745/745/745
f 92/92/92 735/735/735 746/746/746
f 92/92/92 746/746/746 744/744/744
f 707/707/707 706/706/706 727/727/727
f 707/707/707 727/727/727 717/717/717
f 707/707/707 734/734/734 747/747/747
f 707/707/707 747/747/747 708/708/708
f 735/735/735 737/737/737 748/748/748
f 735/735/735 748/748/748 746/746/746
f 749/749/749 737/737/737 711/711/711
f 749/749/749 711/711/711 723/723/723
f 750/750/750 698/698/698 699/699/699
f 750/750/750 699/699/699 751/751/751
f 752/752/752 597/597/597 596/596/596
f 752/752/752 596/596/596 753/753/753
f 754/754/754 755/755/755 756/756/756
f 754/754/754 756/756/756 757/757/757
f 742/742/742 758/758/758 759/759/759
f 742/742/742 759/759/759 743/743/743
f 760/760/760 761/761/761 755/755/755
f 760/760/760 755/755/755 754/754/754
f 745/745/745 744/744/744 762/762/762
f 745/745/745 762/762/762 763/763/763
f 744/744/744 746/746/746 764/764/764
f 744/744/744 764/764/764 762/762/762
f 765/765/765 693/693/693 766/766/766
f 765/765/765 766/766/766 767/767/767
f 708/708/708 747/747/747 518/518/518
f 708/708/708 518/518/518 768/768/768
f 746/746/746 748/748/748 769/769/769
f 746/746/746 769/769/769 764/764/764
f 701/701/701 708/708/708 768/768/768
f 701/701/701 768/768/768 82/82/82
f 770/770/770 771/771/771 772/772/772
f 770/770/770 772/772/772 773/773/773
f 774/774/774 775/775/775 690/690/690
f 774/774/774 690/690/690 689/689/689
f 776/776/776 777/777/777 778/778/778
f 776/776/776 778/778/778 779/779/779
f 777/777/777 780/780/780 781/781/781
f 777/777/777 781/781/781 778/778/778
f 782/782/782 631/631/631 630/630/630
f 782/782/782 630/630/630 783/783/783
f 784/784/784 776/776/776 779/779/779
f 784/784/784 779/779/779 785/785/785
f 780/780/780 782/782/782 783/783/783
f 780/780/780 783/783/783 781/781/781
f 786/786/786 787/787/787 788/788/788
f 786/786/786 788/788/788 789/789/789
f 790/790/790 770/770/770 773/773/773
f 790/790/790 773/773/773 791/791/791
f 792/792/792 793/793/793 794/794/794
f 792/792/792 794/794/794 795/795/795
f 644/644/644 792/792/792 795/795/795
f 644/644/644 795/795/795 645/645/645
f 787/787/787 492/492/492 491/491/491
f 787/787/787 491/491/491 788/788/788
f 796/796/796 797/797/797 798/798/798
f 796/796/796 798/798/798 799/799/799
f 771/771/771 796/796/796 799/799/799
f 771/771/771 799/799/799 772/772/772
f 785/785/785 800/800/800 801/801/801
f 785/785/785 801/801/801 784/784/784
f 797/797/797 786/786/786 789/789/789
f 797/797/797 789/789/789 798/798/798
f 693/693/693 692/692/692 802/802/802
f 693/693/693 802/802/802 766/766/766
f 803/803/803 804/804/804 805/805/805
f 803/803/803 805/805/805 806/806/806
f 763/763/763 762/762/762 698/698/698
f 763/763/763 698/698/698 750/750/750
f 762/762/762 764/764/764 694/694/694
f 762/762/762 694/694/694 698/698/698
f 764/764/764 769/769/769 695/695/695
f 764/764/764 695/695/695 694/694/694
f 749/749/749 706/706/706 701/701/701
f 749/749/749 701/701/701 700/700/700
f 751/751/751 699/699/699 807/807/807
f 751/751/751 807/807/807 808/808/808
f 696/696/696 809/809/809 810/810/810
f 696/696/696 810/810/810 811/811/811
f 699/699/699 697/697/697 812/812/812
f 699/699/699 812/812/812 807/807/807
f 697/697/697 696/696/696 811/811/811
f 697/697/697 811/811/811 812/812/812
f 691/691/691 83/83/83 82/82/82
f 691/691/691 82/82/82 768/768/768
f 757/757/757 756/756/756 813/813/813
f 757/757/757 813/813/813 814/814/814
f 815/815/815 816/816/816 817/817/817
f 815/815/815 817/817/817 818/818/818
f 512/512/512 802/802/802 692/692/692
f 512/512/512 692/692/692 513/513/513
f 801/801/801 800/800/800 775/775/775
f 801/801/801 775/775/775 774/774/774
f 691/691/691 768/768/768 518/518/518
f 691/691/691 518/518/518 517/517/517
f 517/517/517 513/513/513 692/692/692
f 517/517/517 692/692/692 691/691/691
f 695/695/695 80/80/80 809/809/809
f 695/695/695 809/809/809 696/696/696
f 804/804/804 87/87/87 86/86/86
f 804/804/804 86/86/86 805/805/805
f 765/765/765 84/84/84 83/83/83
f 765/765/765 83/83/83 693/693/693
f 737/737/737 749/749/749 700/700/700
f 737/737/737 700/700/700 748/748/748
f 706/706/706 749/749/749 723/723/723
f 706/706/706 723/723/723 727/727/727
f 728/728/728 724/724/724 736/736/736
f 728/728/728 736/736/736 733/733/733
f 727/727/727 723/723/723 724/724/724
f 727/727/727 724/724/724 728/728/728
f 720/720/720 715/715/715 710/710/710
f 720/720/720 710/710/710 71/71/71
f 748/748/748 700/700/700 81/81/81
f 748/748/748 81/81/81 769/769/769
f 769/769/769 81/81/81 80/80/80
f 769/769/769 80/80/80 695/695/695
f 819/819/819 732/732/732 731/731/731
f 819/819/819 731/731/731 820/820/820
f 733/733/733 736/736/736 715/715/715
f 733/733/733 715/715/715 720/720/720
f 725/725/725 733/733/733 720/720/720
f 725/725/725 720/720/720 703/703/703
f 736/736/736 722/722/722 709/709/709
f 736/736/736 709/709/709 715/715/715
f 722/722/722 721/721/721 704/704/704
f 722/722/722 704/704/704 709/709/709
f 721/721/721 539/539/539 705/705/705
f 721/721/721 705/705/705 704/704/704
f 726/726/726 725/725/725 703/703/703
f 726/726/726 703/703/703 702/702/702
f 567/567/567 549/549/549 581/581/581
f 567/567/567 581/581/581 578/578/578
f 573/573/573 562/562/562 558/558/558
f 573/573/573 558/558/558 574/574/574
f 574/574/574 558/558/558 553/553/553
f 574/574/574 553/553/553 563/563/563
f 563/563/563 553/553/553 548/548/548
f 563/563/563 548/548/548 564/564/564
f 564/564/564 548/548/548 549/549/549
f 564/564/564 549/549/549 567/567/567
f 260/260/260 235/235/235 547/547/547
f 260/260/260 547/547/547 568/568/568
f 89/89/89 580/580/580 821/821/821
f 89/89/89 821/821/821 90/90/90
f 822/822/822 604/604/604 607/607/607
f 822/822/822 607/607/607 823/823/823
f 824/824/824 825/825/825 761/761/761
f 824/824/824 761/761/761 760/760/760
f 826/826/826 827/827/827 828/828/828
f 826/826/826 828/828/828 829/829/829
f 830/830/830 831/831/831 832/832/832
f 830/830/830 832/832/832 833/833/833
f 834/834/834 835/835/835 836/836/836
f 834/834/834 836/836/836 837/837/837
f 838/838/838 839/839/839 840/840/840
f 838/838/838 840/840/840 841/841/841
f 842/842/842 843/843/843 844/844/844
f 842/842/842 844/844/844 845/845/845
f 846/846/846 847/847/847 848/848/848
f 846/846/846 848/848/848 849/849/849
f 850/850/850 851/851/851 852/852/852
f 850/850/850 852/852/852 853/853/853
f 854/854/854 855/855/855 856/856/856
f 854/854/854 856/856/856 857/857/857
f 858/858/858 859/859/859 860/860/860
f 858/858/858 860/860/860 861/861/861
f 862/862/862 863/863/863 864/864/864
f 862/862/862 864/864/864 865/865/865
f 866/866/866 867/867/867 868/868/868
f 866/866/866 868/868/868 869/869/869
f 870/870/870 871/871/871 872/872/872
f 870/870/870 872/872/872 873/873/873
f 874/874/874 875/875/875 876/876/876
f 874/874/874 876/876/876 877/877/877
f 878/878/878 879/879/879 880/880/880
f 878/878/878 880/880/880 881/881/881
f 882/882/882 883/883/883 884/884/884
f 882/882/882 884/884/884 885/885/885
f 886/886/886 887/887/887 888/888/888
f 886/886/886 888/888/888 889/889/889
f 890/890/890 891/891/891 892/892/892
f 890/890/890 892/892/892 893/893/893
f 894/894/894 895/895/895 896/896/896
f 894/894/894 896/896/896 897/897/897
f 898/898/898 899/899/899 900/900/900
f 898/898/898 900/900/900 901/901/901
f 902/902/902 903/903/903 904/904/904
f 902/902/902 904/904/904 905/905/905
f 906/906/906 907/907/907 908/908/908
f 906/906/906 908/908/908 909/909/909
f 910/910/910 911/911/911 912/912/912
f 910/910/910 912/912/912 913/913/913
f 914/914/914 915/915/915 916/916/916
f 914/914/914 916/916/916 917/917/917
f 918/918/918 919/919/919 920/920/920
f 918/918/918 920/920/920 921/921/921
f 922/922/922 923/923/923 924/924/924
f 922/922/922 924/924/924 925/925/925
f 926/926/926 927/927/927 928/928/928
f 926/926/926 928/928/928 929/929/929
f 930/930/930 931/931/931 932/932/932
f 930/930/930 932/932/932 933/933/933
f 934/934/934 935/935/935 936/936/936
f 934/934/934 936/936/936 937/937/937
f 938/938/938 939/939/939 940/940/940
f 938/938/938 940/940/940 941/941/941
f 942/942/942 943/943/943 944/944/944
f 942/942/942 944/944/944 945/945/945
f 946/946/946 947/947/947 948/948/948
f 946/946/946 948/948/948 949/949/949
f 950/950/950 951/951/951 952/952/952
f 950/950/950 952/952/952 953/953/953
f 954/954/954 955/955/955 956/956/956
f 954/954/954 956/956/956 957/957/957
f 958/958/958 959/959/959 960/960/960
f 958/958/958 960/960/960 961/961/961
f 962/962/962 963/963/963 964/964/964
f 962/962/962 964/964/964 965/965/965
f 966/966/966 967/967/967 968/968/968
f 966/966/966 968/968/968 969/969/969
f 970/970/970 971/971/971 972/972/972
f 970/970/970 972/972/972 973/973/973
f 974/974/974 975/975/975 976/976/976
f 974/974/974 976/976/976 977/977/977
f 978/978/978 979/979/979 980/980/980
f 978/978/978 980/980/980 981/981/981
f 982/982/982 983/983/983 984/984/984
f 982/982/982 984/984/984 985/985/985
f 986/986/986 987/987/987 988/988/988
f 986/986/986 988/988/988 989/989/989
f 990/990/990 991/991/991 992/992/992
f 990/990/990 992/992/992 993/993/993
f 994/994/994 995/995/995 991/991/991
f 994/994/994 991/991/991 990/990/990
f 996/996/996 997/997/997 998/998/998
f 996/996/996 998/998/998 999/999/999
f 1000/1000/1000 1001/1001/1001 1002/1002/1002
f 1000/1000/1000 1002/1002/1002 1003/1003/1003
f 1004/1004/1004 1005/1005/1005 997/997/997
f 1004/1004/1004 997/997/997 996/996/996
f 1006/1006/1006 1007/1007/1007 1005/1005/1005
f 1006/1006/1006 1005/1005/1005 1004/1004/1004
f 1008/1008/1008 1009/1009/1009 1001/1001/1001
f 1008/1008/1008 1001/1001/1001 1000/1000/1000
f 1010/1010/1010 1011/1011/1011 995/995/995
f 1010/1010/1010 995/995/995 994/994/994
f 1012/1012/1012 1013/1013/1013 987/987/987
f 1012/1012/1012 987/987/987 986/986/986
f 1014/1014/1014 1015/1015/1015 1016/1016/1016
f 1014/1014/1014 1016/1016/1016 1017/1017/1017
f 1018/1018/1018 1019/1019/1019 1020/1020/1020
f 1018/1018/1018 1020/1020/1020 1021/1021/1021
f 1007/1007/1007 1006/1006/1006 1022/1022/1022
f 1007/1007/1007 1022/1022/1022 1023/1023/1023
f 989/989/989 988/988/988 1024/1024/1024
f 989/989/989 1024/1024/1024 1025/1025/1025
f 1013/1013/1013 1012/1012/1012 1026/1026/1026
f 1013/1013/1013 1026/1026/1026 1027/1027/1027
f 1003/1003/1003 1002/1002/1002 1028/1028/1028
f 1003/1003/1003 1028/1028/1028 1029/1029/1029
f 1011/1011/1011 1010/1010/1010 1030/1030/1030
f 1011/1011/1011 1030/1030/1030 1031/1031/1031
f 1009/1009/1009 1008/1008/1008 1032/1032/1032
f 1009/1009/1009 1032/1032/1032 1033/1033/1033
f 1034/1034/1034 1035/1035/1035 1036/1036/1036
f 1034/1034/1034 1036/1036/1036 1037/1037/1037
f 1038/1038/1038 1039/1039/1039 1040/1040/1040
f 1038/1038/1038 1040/1040/1040 1041/1041/1041
f 1042/1042/1042 1043/1043/1043 1039/1039/1039
f 1042/1042/1042 1039/1039/1039 1038/1038/1038
f 1044/1044/1044 1045/1045/1045 1046/1046/1046
f 1044/1044/1044 1046/1046/1046 1047/1047/1047
f 1048/1048/1048 1049/1049/1049 1050/1050/1050
f 1048/1048/1048 1050/1050/1050 1051/1051/1051
f 1052/1052/1052 1053/1053/1053 1045/1045/1045
f 1052/1052/1052 1045/1045/1045 1044/1044/1044
f 1054/1054/1054 1055/1055/1055 1053/1053/1053
f 1054/1054/1054 1053/1053/1053 1052/1052/1052
f 1056/1056/1056 1057/1057/1057 1049/1049/1049
f 1056/1056/1056 1049/1049/1049 1048/1048/1048
f 1058/1058/1058 1059/1059/1059 1043/1043/1043
f 1058/1058/1058 1043/1043/1043 1042/1042/1042
f 1060/1060/1060 1061/1061/1061 1035/1035/1035
f 1060/1060/1060 1035/1035/1035 1034/1034/1034
f 1062/1062/1062 1063/1063/1063 1064/1064/1064
f 1062/1062/1062 1064/1064/1064 1065/1065/1065
f 1066/1066/1066 1067/1067/1067 1068/1068/1068
f 1066/1066/1066 1068/1068/1068 1069/1069/1069
f 1055/1055/1055 1054/1054/1054 1070/1070/1070
f 1055/1055/1055 1070/1070/1070 1071/1071/1071
f 1037/1037/1037 1036/1036/1036 1072/1072/1072
f 1037/1037/1037 1072/1072/1072 1073/1073/1073
f 1061/1061/1061 1060/1060/1060 1074/1074/1074
f 1061/1061/1061 1074/1074/1074 1075/1075/1075
f 1051/1051/1051 1050/1050/1050 1076/1076/1076
f 1051/1051/1051 1076/1076/1076 1077/1077/1077
f 1059/1059/1059 1058/1058/1058 1078/1078/1078
f 1059/1059/1059 1078/1078/1078 1079/1079/1079
f 1057/1057/1057 1056/1056/1056 1080/1080/1080
f 1057/1057/1057 1080/1080/1080 1081/1081/1081
f 1082/1082/1082 1083/1083/1083 1084/1084/1084
f 1082/1082/1082 1084/1084/1084 1085/1085/1085
f 1086/1086/1086 1087/1087/1087 1088/1088/1088
f 1086/1086/1086 1088/1088/1088 1089/1089/1089
f 1090/1090/1090 1091/1091/1091 1087/1087/1087
f 1090/1090/1090 1087/1087/1087 1086/1086/1086
f 1092/1092/1092 1093/1093/1093 1094/1094/1094
f 1092/1092/1092 1094/1094/1094 1095/1095/1095
f 1096/1096/1096 1097/1097/1097 1098/1098/1098
f 1096/1096/1096 1098/1098/1098 1099/1099/1099
f 1100/1100/1100 1101/1101/1101 1093/1093/1093
f 1100/1100/1100 1093/1093/1093 1092/1092/1092
f 1102/1102/1102 1103/1103/1103 1101/1101/1101
f 1102/1102/1102 1101/1101/1101 1100/1100/1100
f 1104/1104/1104 1105/1105/1105 1097/1097/1097
f 1104/1104/1104 1097/1097/1097 1096/1096/1096
f 1106/1106/1106 1107/1107/1107 1091/1091/1091
f 1106/1106/1106 1091/1091/1091 1090/1090/1090
f 1108/1108/1108 1109/1109/1109 1083/1083/1083
f 1108/1108/1108 1083/1083/1083 1082/1082/1082
f 1110/1110/1110 1111/1111/1111 1112/1112/1112
f 1110/1110/1110 1112/1112/1112 1113/1113/1113
f 1114/1114/1114 1115/1115/1115 1116/1116/1116
f 1114/1114/1114 1116/1116/1116 1117/1117/1117
f 1103/1103/1103 1102/1102/1102 1118/1118/1118
f 1103/1103/1103 1118/1118/1118 1119/1119/1119
f 1085/1085/1085 1084/1084/1084 1120/1120/1120
f 1085/1085/1085 1120/1120/1120 1121/1121/1121
f 1109/1109/1109 1108/1108/1108 1122/1122/1122
f 1109/1109/1109 1122/1122/1122 1123/1123/1123
f 1099/1099/1099 1098/1098/1098 1124/1124/1124
f 1099/1099/1099 1124/1124/1124 1125/1125/1125
f 1107/1107/1107 1106/1106/1106 1126/1126/1126
f 1107/1107/1107 1126/1126/1126 1127/1127/1127
f 1105/1105/1105 1104/1104/1104 1128/1128/1128
f 1105/1105/1105 1128/1128/1128 1129/1129/1129
f 1130/1130/1130 1131/1131/1131 1132/1132/1132
f 1130/1130/1130 1132/1132/1132 1133/1133/1133
f 1133/1133/1133 1132/1132/1132 1134/1134/1134
f 1133/1133/1133 1134/1134/1134 1135/1135/1135
f 1135/1135/1135 1134/1134/1134 1136/1136/1136
f 1135/1135/1135 1136/1136/1136 1137/1137/1137
f 1137/1137/1137 1136/1136/1136 1138/1138/1138
f 1137/1137/1137 1138/1138/1138 1139/1139/1139
f 1139/1139/1139 1138/1138/1138 1140/1140/1140
f 1139/1139/1139 1140/1140/1140 1141/1141/1141
f 1142/1142/1142 1143/1143/1143 1144/1144/1144
f 1142/1142/1142 1144/1144/1144 1145/1145/1145
f 1145/1145/1145 1144/1144/1144 1146/1146/1146
f 1145/1145/1145 1146/1146/1146 1147/1147/1147
f 1147/1147/1147 1146/1146/1146 1148/1148/1148
f 1147/1147/1147 1148/1148/1148 1149/1149/1149
f 1149/1149/1149 1148/1148/1148 1150/1150/1150
f 1149/1149/1149 1150/1150/1150 1151/1151/1151
f 1151/1151/1151 1150/1150/1150 1152/1152/1152
f 1151/1151/1151 1152/1152/1152 1153/1153/1153
f 1154/1154/1154 1155/1155/1155 1156/1156/1156
f 1154/1154/1154 1156/1156/1156 1157/1157/1157
f 1157/1157/1157 1156/1156/1156 1158/1158/1158
f 1157/1157/1157 1158/1158/1158 1159/1159/1159
f 1159/1159/1159 1158/1158/1158 1160/1160/1160
f 1159/1159/1159 1160/1160/1160 1161/1161/1161
f 1161/1161/1161 1160/1160/1160 1162/1162/1162
f 1161/1161/1161 1162/1162/1162 1163/1163/1163
f 1163/1163/1163 1162/1162/1162 1164/1164/1164
f 1163/1163/1163 1164/1164/1164 1165/1165/1165
f 1166/1166/1166 1167/1167/1167 1168/1168/1168
f 1166/1166/1166 1168/1168/1168 1169/1169/1169
f 1169/1169/1169 1168/1168/1168 1170/1170/1170
f 1169/1169/1169 1170/1170/1170 1171/1171/1171
f 1171/1171/1171 1170/1170/1170 1172/1172/1172
f 1171/1171/1171 1172/1172/1172 1173/1173/1173
f 1173/1173/1173 1172/1172/1172 1174/1174/1174
f 1173/1173/1173 1174/1174/1174 1175/1175/1175
f 1175/1175/1175 1174/1174/1174 1176/1176/1176
f 1175/1175/1175 1176/1176/1176 1177/1177/1177
f 1178/1178/1178 1179/1179/1179 1180/1180/1180
f 1178/1178/1178 1180/1180/1180 1181/1181/1181
f 1182/1182/1182 1183/1183/1183 1184/1184/1184
f 1182/1182/1182 1184/1184/1184 1185/1185/1185
f 1186/1186/1186 1187/1187/1187 1183/1183/1183
f 1186/1186/1186 1183/1183/1183 1182/1182/1182
f 1188/1188/1188 1189/1189/1189 1187/1187/1187
f 1188/1188/1188 1187/1187/1187 1186/1186/1186
f 1190/1190/1190 1191/1191/1191 1189/1189/1189
f 1190/1190/1190 1189/1189/1189 1188/1188/1188
f 1192/1192/1192 1193/1193/1193 1191/1191/1191
f 1192/1192/1192 1191/1191/1191 1190/1190/1190
f 1194/1194/1194 1195/1195/1195 1196/1196/1196
f 1194/1194/1194 1196/1196/1196 1197/1197/1197
f 1198/1198/1198 1199/1199/1199 1195/1195/1195
f 1198/1198/1198 1195/1195/1195 1194/1194/1194
f 1200/1200/1200 1201/1201/1201 1199/1199/1199
f 1200/1200/1200 1199/1199/1199 1198/1198/1198
f 1202/1202/1202 1203/1203/1203 1201/1201/1201
f 1202/1202/1202 1201/1201/1201 1200/1200/1200
f 1204/1204/1204 1205/1205/1205 1203/1203/1203
f 1204/1204/1204 1203/1203/1203 1202/1202/1202
f 1206/1206/1206 1207/1207/1207 1208/1208/1208
f 1206/1206/1206 1208/1208/1208 1209/1209/1209
f 1210/1210/1210 1211/1211/1211 1207/1207/1207
f 1210/1210/1210 1207/1207/1207 1206/1206/1206
f 1212/1212/1212 1213/1213/1213 1211/1211/1211
f 1212/1212/1212 1211/1211/1211 1210/1210/1210
f 1214/1214/1214 1215/1215/1215 1213/1213/1213
f 1214/1214/1214 1213/1213/1213 1212/1212/1212
f 1216/1216/1216 1217/1217/1217 1215/1215/1215
f 1216/1216/1216 1215/1215/1215 1214/1214/1214
f 1218/1218/1218 1219/1219/1219 1220/1220/1220
f 1218/1218/1218 1220/1220/1220 1221/1221/1221
f 1222/1222/1222 1223/1223/1223 1219/1219/1219
f 1222/1222/1222 1219/1219/1219 1218/1218/1218
f 1224/1224/1224 1225/1225/1225 1223/1223/1223
f 1224/1224/1224 1223/1223/1223 1222/1222/1222
f 1226/1226/1226 1227/1227/1227 1225/1225/1225
f 1226/1226/1226 1225/1225/1225 1224/1224/1224
f 1228/1228/1228 1229/1229/1229 1227/1227/1227
f 1228/1228/1228 1227/1227/1227 1226/1226/1226
f 1183/1183/1183 1175/1175/1175 1177/1177/1177
f 1183/1183/1183 1177/1177/1177 1184/1184/1184
f 1187/1187/1187 1173/1173/1173 1175/1175/1175
f 1187/1187/1187 1175/1175/1175 1183/1183/1183
f 1189/1189/1189 1171/1171/1171 1173/1173/1173
f 1189/1189/1189 1173/1173/1173 1187/1187/1187
f 1191/1191/1191 1169/1169/1169 1171/1171/1171
f 1191/1191/1191 1171/1171/1171 1189/1189/1189
f 1193/1193/1193 1166/1166/1166 1169/1169/1169
f 1193/1193/1193 1169/1169/1169 1191/1191/1191
f 1195/1195/1195 1163/1163/1163 1165/1165/1165
f 1195/1195/1195 1165/1165/1165 1196/1196/1196
f 1199/1199/1199 1161/1161/1161 1163/1163/1163
f 1199/1199/1199 1163/1163/1163 1195/1195/1195
f 1201/1201/1201 1159/1159/1159 1161/1161/1161
f 1201/1201/1201 1161/1161/1161 1199/1199/1199
f 1203/1203/1203 1157/1157/1157 1159/1159/1159
f 1203/1203/1203 1159/1159/1159 1201/1201/1201
f 1205/1205/1205 1154/1154/1154 1157/1157/1157
f 1205/1205/1205 1157/1157/1157 1203/1203/1203
f 1207/1207/1207 1151/1151/1151 1153/1153/1153
f 1207/1207/1207 1153/1153/1153 1208/1208/1208
f 1211/1211/1211 1149/1149/1149 1151/1151/1151
f 1211/1211/1211 1151/1151/1151 1207/1207/1207
f 1213/1213/1213 1147/1147/1147 1149/1149/1149
f 1213/1213/1213 1149/1149/1149 1211/1211/1211
f 1215/1215/1215 1145/1145/1145 1147/1147/1147
f 1215/1215/1215 1147/1147/1147 1213/1213/1213
f 1217/1217/1217 1142/1142/1142 1145/1145/1145
f 1217/1217/1217 1145/1145/1145 1215/1215/1215
f 1219/1219/1219 1139/1139/1139 1141/1141/1141
f 1219/1219/1219 1141/1141/1141 1220/1220/1220
f 1223/1223/1223 1137/1137/1137 1139/1139/1139
f 1223/1223/1223 1139/1139/1139 1219/1219/1219
f 1225/1225/1225 1135/1135/1135 1137/1137/1137
f 1225/1225/1225 1137/1137/1137 1223/1223/1223
f 1227/1227/1227 1133/1133/1133 1135/1135/1135
f 1227/1227/1227 1135/1135/1135 1225/1225/1225
f 1229/1229/1229 1130/1130/1130 1133/1133/1133
f 1229/1229/1229 1133/1133/1133 1227/1227/1227
f 1230/1230/1230 1231/1231/1231 1232/1232/1232
f 1230/1230/1230 1232/1232/1232 1233/1233/1233
f 1234/1234/1234 1230/1230/1230 1233/1233/1233
f 1234/1234/1234 1233/1233/1233 1235/1235/1235
f 1236/1236/1236 1234/1234/1234 1235/1235/1235
f 1236/1236/1236 1235/1235/1235 1237/1237/1237
f 1238/1238/1238 1236/1236/1236 1237/1237/1237
f 1238/1238/1238 1237/1237/1237 1239/1239/1239
f 1240/1240/1240 1238/1238/1238 1239/1239/1239
f 1240/1240/1240 1239/1239/1239 1241/1241/1241
f 1242/1242/1242 1240/1240/1240 1241/1241/1241
f 1242/1242/1242 1241/1241/1241 1243/1243/1243
f 1244/1244/1244 1242/1242/1242 1243/1243/1243
f 1244/1244/1244 1243/1243/1243 1245/1245/1245
f 1246/1246/1246 1244/1244/1244 1245/1245/1245
f 1246/1246/1246 1245/1245/1245 1247/1247/1247
f 1248/1248/1248 1246/1246/1246 1247/1247/1247
f 1248/1248/1248 1247/1247/1247 1249/1249/1249
f 1250/1250/1250 1248/1248/1248 1249/1249/1249
f 1250/1250/1250 1249/1249/1249 1251/1251/1251
f 1252/1252/1252 1250/1250/1250 1251/1251/1251
f 1252/1252/1252 1251/1251/1251 1253/1253/1253
f 1254/1254/1254 1252/1252/1252 1253/1253/1253
f 1254/1254/1254 1253/1253/1253 1255/1255/1255
f 1256/1256/1256 1254/1254/1254 1255/1255/1255
f 1256/1256/1256 1255/1255/1255 1257/1257/1257
f 1258/1258/1258 1256/1256/1256 1257/1257/1257
f 1258/1258/1258 1257/1257/1257 1259/1259/1259
f 1260/1260/1260 1258/1258/1258 1259/1259/1259
f 1260/1260/1260 1259/1259/1259 1261/1261/1261
f 1262/1262/1262 1260/1260/1260 1261/1261/1261
f 1262/1262/1262 1261/1261/1261 1263/1263/1263
f 1264/1264/1264 1262/1262/1262 1263/1263/1263
f 1264/1264/1264 1263/1263/1263 1265/1265/1265
f 1266/1266/1266 1264/1264/1264 1265/1265/1265
f 1266/1266/1266 1265/1265/1265 1267/1267/1267
f 1268/1268/1268 1266/1266/1266 1267/1267/1267
f 1268/1268/1268 1267/1267/1267 1269/1269/1269
f 1231/1231/1231 1268/1268/1268 1269/1269/1269
f 1231/1231/1231 1269/1269/1269 1232/1232/1232
f 1270/1270/1270 1271/1271/1271 1272/1272/1272
f 1270/1270/1270 1272/1272/1272 1273/1273/1273
f 1179/1179/1179 1274/1274/1274 1275/1275/1275
f 1179/1179/1179 1275/1275/1275 1180/1180/1180
f 1271/1271/1271 1276/1276/1276 1277/1277/1277
f 1271/1271/1271 1277/1277/1277 1272/1272/1272
f 1278/1278/1278 1279/1279/1279 1280/1280/1280
f 1278/1278/1278 1280/1280/1280 1281/1281/1281
f 1282/1282/1282 1283/1283/1283 1284/1284/1284
f 1282/1282/1282 1284/1284/1284 1285/1285/1285
f 1276/1276/1276 1286/1286/1286 1287/1287/1287
f 1276/1276/1276 1287/1287/1287 1277/1277/1277
f 1279/1279/1279 1288/1288/1288 1289/1289/1289
f 1279/1279/1279 1289/1289/1289 1280/1280/1280
f 1283/1283/1283 1290/1290/1290 1291/1291/1291
f 1283/1283/1283 1291/1291/1291 1284/1284/1284
f 1286/1286/1286 1292/1292/1292 1293/1293/1293
f 1286/1286/1286 1293/1293/1293 1287/1287/1287
f 1288/1288/1288 1294/1294/1294 1295/1295/1295
f 1288/1288/1288 1295/1295/1295 1289/1289/1289
f 1290/1290/1290 1296/1296/1296 1297/1297/1297
f 1290/1290/1290 1297/1297/1297 1291/1291/1291
f 1298/1298/1298 1299/1299/1299 1300/1300/1300
f 1298/1298/1298 1300/1300/1300 1301/1301/1301
f 1294/1294/1294 1302/1302/1302 1303/1303/1303
f 1294/1294/1294 1303/1303/1303 1295/1295/1295
f 1296/1296/1296 1304/1304/1304 1305/1305/1305
f 1296/1296/1296 1305/1305/1305 1297/1297/1297
f 1299/1299/1299 1306/1306/1306 1307/1307/1307
f 1299/1299/1299 1307/1307/1307 1300/1300/1300
f 1302/1302/1302 1308/1308/1308 1309/1309/1309
f 1302/1302/1302 1309/1309/1309 1303/1303/1303
f 1304/1304/1304 1310/1310/1310 1311/1311/1311
f 1304/1304/1304 1311/1311/1311 1305/1305/1305
f 1306/1306/1306 1178/1178/1178 1181/1181/1181
f 1306/1306/1306 1181/1181/1181 1307/1307/1307
f 1312/1312/1312 1270/1270/1270 1273/1273/1273
f 1312/1312/1312 1273/1273/1273 1313/1313/1313
f 1314/1314/1314 1315/1315/1315 1316/1316/1316
f 1314/1314/1314 1316/1316/1316 1317/1317/1317
f 1317/1317/1317 1316/1316/1316 1318/1318/1318
f 1317/1317/1317 1318/1318/1318 1319/1319/1319
f 1319/1319/1319 1318/1318/1318 1320/1320/1320
f 1319/1319/1319 1320/1320/1320 1321/1321/1321
f 1321/1321/1321 1320/1320/1320 1322/1322/1322
f 1321/1321/1321 1322/1322/1322 1323/1323/1323
f 1323/1323/1323 1322/1322/1322 1324/1324/1324
f 1323/1323/1323 1324/1324/1324 1325/1325/1325
f 1326/1326/1326 1327/1327/1327 1328/1328/1328
f 1326/1326/1326 1328/1328/1328 1329/1329/1329
f 1329/1329/1329 1328/1328/1328 1330/1330/1330
f 1329/1329/1329 1330/1330/1330 1331/1331/1331
f 1331/1331/1331 1330/1330/1330 1332/1332/1332
f 1331/1331/1331 1332/1332/1332 1333/1333/1333
f 1333/1333/1333 1332/1332/1332 1334/1334/1334
f 1333/1333/1333 1334/1334/1334 1335/1335/1335
f 1335/1335/1335 1334/1334/1334 1336/1336/1336
f 1335/1335/1335 1336/1336/1336 1337/1337/1337
f 1338/1338/1338 1339/1339/1339 1340/1340/1340
f 1338/1338/1338 1340/1340/1340 1341/1341/1341
f 1341/1341/1341 1340/1340/1340 1342/1342/1342
f 1341/1341/1341 1342/1342/1342 1343/1343/1343
f 1343/1343/1343 1342/1342/1342 1344/1344/1344
f 1343/1343/1343 1344/1344/1344 1345/1345/1345
f 1345/1345/1345 1344/1344/1344 1346/1346/1346
f 1345/1345/1345 1346/1346/1346 1347/1347/1347
f 1347/1347/1347 1346/1346/1346 1348/1348/1348
f 1347/1347/1347 1348/1348/1348 1349/1349/1349
f 1350/1350/1350 1351/1351/1351 1352/1352/1352
f 1350/1350/1350 1352/1352/1352 1353/1353/1353
f 1353/1353/1353 1352/1352/1352 1354/1354/1354
f 1353/1353/1353 1354/1354/1354 1355/1355/1355
f 1355/1355/1355 1354/1354/1354 1356/1356/1356
f 1355/1355/1355 1356/1356/1356 1357/1357/1357
f 1357/1357/1357 1356/1356/1356 1358/1358/1358
f 1357/1357/1357 1358/1358/1358 1359/1359/1359
f 1359/1359/1359 1358/1358/1358 1360/1360/1360
f 1359/1359/1359 1360/1360/1360 1361/1361/1361
f 1362/1362/1362 1363/1363/1363 1364/1364/1364
f 1362/1362/1362 1364/1364/1364 1365/1365/1365
f 1366/1366/1366 1367/1367/1367 1368/1368/1368
f 1366/1366/1366 1368/1368/1368 1369/1369/1369
f 1370/1370/1370 1371/1371/1371 1367/1367/1367
f 1370/1370/1370 1367/1367/1367 1366/1366/1366
f 1372/1372/1372 1373/1373/1373 1371/1371/1371
f 1372/1372/1372 1371/1371/1371 1370/1370/1370
f 1374/1374/1374 1375/1375/1375 1373/1373/1373
f 1374/1374/1374 1373/1373/1373 1372/1372/1372
f 1376/1376/1376 1377/1377/1377 1375/1375/1375
f 1376/1376/1376 1375/1375/1375 1374/1374/1374
f 1378/1378/1378 1379/1379/1379 1380/1380/1380
f 1378/1378/1378 1380/1380/1380 1381/1381/1381
f 1382/1382/1382 1383/1383/1383 1379/1379/1379
f 1382/1382/1382 1379/1379/1379 1378/1378/1378
f 1384/1384/1384 1385/1385/1385 1383/1383/1383
f 1384/1384/1384 1383/1383/1383 1382/1382/1382
f 1386/1386/1386 1387/1387/1387 1385/1385/1385
f 1386/1386/1386 1385/1385/1385 1384/1384/1384
f 1388/1388/1388 1389/1389/1389 1387/1387/1387
f 1388/1388/1388 1387/1387/1387 1386/1386/1386
f 1390/1390/1390 1391/1391/1391 1392/1392/1392
f 1390/1390/1390 1392/1392/1392 1393/1393/1393
f 1394/1394/1394 1395/1395/1395 1391/1391/1391
f 1394/1394/1394 1391/1391/1391 1390/1390/1390
f 1396/1396/1396 1397/1397/1397 1395/1395/1395
f 1396/1396/1396 1395/1395/1395 1394/1394/1394
f 1398/1398/1398 1399/1399/1399 1397/1397/1397
f 1398/1398/1398 1397/1397/1397 1396/1396/1396
f 1400/1400/1400 1401/1401/1401 1399/1399/1399
f 1400/1400/1400 1399/1399/1399 1398/1398/1398
f 1402/1402/1402 1403/1403/1403 1404/1404/1404
f 1402/1402/1402 1404/1404/1404 1405/1405/1405
f 1406/1406/1406 1407/1407/1407 1403/1403/1403
f 1406/1406/1406 1403/1403/1403 1402/1402/1402
f 1408/1408/1408 1409/1409/1409 1407/1407/1407
f 1408/1408/1408 1407/1407/1407 1406/1406/1406
f 1410/1410/1410 1411/1411/1411 1409/1409/1409
f 1410/1410/1410 1409/1409/1409 1408/1408/1408
f 1412/1412/1412 1413/1413/1413 1411/1411/1411
f 1412/1412/1412 1411/1411/1411 1410/1410/1410
f 1367/1367/1367 1359/1359/1359 1361/1361/1361
f 1367/1367/1367 1361/1361/1361 1368/1368/1368
f 1371/1371/1371 1357/1357/1357 1359/1359/1359
f 1371/1371/1371 1359/1359/1359 1367/1367/1367
f 1373/1373/1373 1355/1355/1355 1357/1357/1357
f 1373/1373/1373 1357/1357/1357 1371/1371/1371
f 1375/1375/1375 1353/1353/1353 1355/1355/1355
f 1375/1375/1375 1355/1355/1355 1373/1373/1373
f 1377/1377/1377 1350/1350/1350 1353/1353/1353
f 1377/1377/1377 1353/1353/1353 1375/1375/1375
f 1379/1379/1379 1347/1347/1347 1349/1349/1349
f 1379/1379/1379 1349/1349/1349 1380/1380/1380
f 1383/1383/1383 1345/1345/1345 1347/1347/1347
f 1383/1383/1383 1347/1347/1347 1379/1379/1379
f 1385/1385/1385 1343/1343/1343 1345/1345/1345
f 1385/1385/1385 1345/1345/1345 1383/1383/1383
f 1387/1387/1387 1341/1341/1341 1343/1343/1343
f 1387/1387/1387 1343/1343/1343 1385/1385/1385
f 1389/1389/1389 1338/1338/1338 1341/1341/1341
f 1389/1389/1389 1341/1341/1341 1387/1387/1387
f 1391/1391/1391 1335/1335/1335 1337/1337/1337
f 1391/1391/1391 1337/1337/1337 1392/1392/1392
f 1395/1395/1395 1333/1333/1333 1335/1335/1335
f 1395/1395/1395 1335/1335/1335 1391/1391/1391
f 1397/1397/1397 1331/1331/1331 1333/1333/1333
f 1397/1397/1397 1333/1333/1333 1395/1395/1395
f 1399/1399/1399 1329/1329/1329 1331/1331/1331
f 1399/1399/1399 1331/1331/1331 1397/1397/1397
f 1401/1401/1401 1326/1326/1326 1329/1329/1329
f 1401/1401/1401 1329/1329/1329 1399/1399/1399
f 1403/1403/1403 1323/1323/1323 1325/1325/1325
f 1403/1403/1403 1325/1325/1325 1404/1404/1404
f 1407/1407/1407 1321/1321/1321 1323/1323/1323
f 1407/1407/1407 1323/1323/1323 1403/1403/1403
f 1409/1409/1409 1319/1319/1319 1321/1321/1321
f 1409/1409/1409 1321/1321/1321 1407/1407/1407
f 1411/1411/1411 1317/1317/1317 1319/1319/1319
f 1411/1411/1411 1319/1319/1319 1409/1409/1409
f 1413/1413/1413 1314/1314/1314 1317/1317/1317
f 1413/1413/1413 1317/1317/1317 1411/1411/1411
f 1414/1414/1414 1415/1415/1415 1416/1416/1416
f 1414/1414/1414 1416/1416/1416 1417/1417/1417
f 1418/1418/1418 1414/1414/1414 1417/1417/1417
f 1418/1418/1418 1417/1417/1417 1419/1419/1419
f 1420/1420/1420 1418/1418/1418 1419/1419/1419
f 1420/1420/1420 1419/1419/1419 1421/1421/1421
f 1422/1422/1422 1420/1420/1420 1421/1421/1421
f 1422/1422/1422 1421/1421/1421 1423/1423/1423
f 1424/1424/1424 1422/1422/1422 1423/1423/1423
f 1424/1424/1424 1423/1423/1423 1425/1425/1425
f 1426/1426/1426 1424/1424/1424 1425/1425/1425
f 1426/1426/1426 1425/1425/1425 1427/1427/1427
f 1428/1428/1428 1426/1426/1426 1427/1427/1427
f 1428/1428/1428 1427/1427/1427 1429/1429/1429
f 1430/1430/1430 1428/1428/1428 1429/1429/1429
f 1430/1430/1430 1429/1429/1429 1431/1431/1431
f 1432/1432/1432 1430/1430/1430 1431/1431/1431
f 1432/1432/1432 1431/1431/1431 1433/1433/1433
f 1434/1434/1434 1432/1432/1432 1433/1433/1433
f 1434/1434/1434 1433/1433/1433 1435/1435/1435
f 1436/1436/1436 1434/1434/1434 1435/1435/1435
f 1436/1436/1436 1435/1435/1435 1437/1437/1437
f 1438/1438/1438 1436/1436/1436 1437/1437/1437
f 1438/1438/1438 1437/1437/1437 1439/1439/1439
f 1440/1440/1440 1438/1438/1438 1439/1439/1439
f 1440/1440/1440 1439/1439/1439 1441/1441/1441
f 1442/1442/1442 1440/1440/1440 1441/1441/1441
f 1442/1442/1442 1441/1441/1441 1443/1443/1443
f 1444/1444/1444 1442/1442/1442 1443/1443/1443
f 1444/1444/1444 1443/1443/1443 1445/1445/1445
f 1446/1446/1446 1444/1444/1444 1445/1445/1445
f 1446/1446/1446 1445/1445/1445 1447/1447/1447
f 1448/1448/1448 1446/1446/1446 1447/1447/1447
f 1448/1448/1448 1447/1447/1447 1449/1449/1449
f 1450/1450/1450 1448/1448/1448 1449/1449/1449
f 1450/1450/1450 1449/1449/1449 1451/1451/1451
f 1452/1452/1452 1450/1450/1450 1451/1451/1451
f 1452/1452/1452 1451/1451/1451 1453/1453/1453
f 1415/1415/1415 1452/1452/1452 1453/1453/1453
f 1415/1415/1415 1453/1453/1453 1416/1416/1416
f 1454/1454/1454 1455/1455/1455 1456/1456/1456
f 1454/1454/1454 1456/1456/1456 1457/1457/1457
f 1363/1363/1363 1458/1458/1458 1459/1459/1459
f 1363/1363/1363 1459/1459/1459 1364/1364/1364
f 1455/1455/1455 1460/1460/1460 1461/1461/1461
f 1455/1455/1455 1461/1461/1461 1456/1456/1456
f 1462/1462/1462 1463/1463/1463 1464/1464/1464
f 1462/1462/1462 1464/1464/1464 1465/1465/1465
f 1466/1466/1466 1467/1467/1467 1468/1468/1468
f 1466/1466/1466 1468/1468/1468 1469/1469/1469
f 1460/1460/1460 1470/1470/1470 1471/1471/1471
f 1460/1460/1460 1471/1471/1471 1461/1461/1461
f 1463/1463/1463 1472/1472/1472 1473/1473/1473
f 1463/1463/1463 1473/1473/1473 1464/1464/1464
f 1467/1467/1467 1474/1474/1474 1475/1475/1475
f 1467/1467/1467 1475/1475/1475 1468/1468/1468
f 1470/1470/1470 1476/1476/1476 1477/1477/1477
f 1470/1470/1470 1477/1477/1477 1471/1471/1471
f 1472/1472/1472 1478/1478/1478 1479/1479/1479
f 1472/1472/1472 1479/1479/1479 1473/1473/1473
f 1474/1474/1474 1480/1480/1480 1481/1481/1481
f 1474/1474/1474 1481/1481/1481 1475/1475/1475
f 1482/1482/1482 1483/1483/1483 1484/1484/1484
f 1482/1482/1482 1484/1484/1484 1485/1485/1485
f 1478/1478/1478 1486/1486/1486 1487/1487/1487
f 1478/1478/1478 1487/1487/1487 1479/1479/1479
f 1480/1480/1480 1488/1488/1488 1489/1489/1489
f 1480/1480/1480 1489/1489/1489 1481/1481/1481
f 1483/1483/1483 1490/1490/1490 1491/1491/1491
f 1483/1483/1483 1491/1491/1491 1484/1484/1484
f 1486/1486/1486 1492/1492/1492 1493/1493/1493
f 1486/1486/1486 1493/1493/1493 1487/1487/1487
f 1488/1488/1488 1494/1494/1494 1495/1495/1495
f 1488/1488/1488 1495/1495/1495 1489/1489/1489
f 1490/1490/1490 1362/1362/1362 1365/1365/1365
f 1490/1490/1490 1365/1365/1365 1491/1491/1491
f 1496/1496/1496 1454/1454/1454 1457/1457/1457
f 1496/1496/1496 1457/1457/1457 1497/1497/1497
f 1498/1498/1498 1499/1499/1499 1500/1500/1500
f 1498/1498/1498 1500/1500/1500 1501/1501/1501
f 1501/1501/1501 1500/1500/1500 1502/1502/1502
f 1501/1501/1501 1502/1502/1502 1503/1503/1503
f 1503/1503/1503 1502/1502/1502 1504/1504/1504
f 1503/1503/1503 1504/1504/1504 1505/1505/1505
f 1505/1505/1505 1504/1504/1504 1506/1506/1506
f 1505/1505/1505 1506/1506/1506 1507/1507/1507
f 1507/1507/1507 1506/1506/1506 1508/1508/1508
f 1507/1507/1507 1508/1508/1508 1509/1509/1509
f 1510/1510/1510 1511/1511/1511 1512/1512/1512
f 1510/1510/1510 1512/1512/1512 1513/1513/1513
f 1513/1513/1513 1512/1512/1512 1514/1514/1514
f 1513/1513/1513 1514/1514/1514 1515/1515/1515
f 1515/1515/1515 1514/1514/1514 1516/1516/1516
f 1515/1515/1515 1516/1516/1516 1517/1517/1517
f 1517/1517/1517 1516/1516/1516 1518/1518/1518
f 1517/1517/1517 1518/1518/1518 1519/1519/1519
f 1519/1519/1519 1518/1518/1518 1520/1520/1520
f 1519/1519/1519 1520/1520/1520 1521/1521/1521
f 1522/1522/1522 1523/1523/1523 1524/1524/1524
f 1522/1522/1522 1524/1524/1524 1525/1525/1525
f 1525/1525/1525 1524/1524/1524 1526/1526/1526
f 1525/1525/1525 1526/1526/1526 1527/1527/1527
f 1527/1527/1527 1526/1526/1526 1528/1528/1528
f 1527/1527/1527 1528/1528/1528 1529/1529/1529
f 1529/1529/1529 1528/1528/1528 1530/1530/1530
f 1529/1529/1529 1530/1530/1530 1531/1531/1531
f 1531/1531/1531 1530/1530/1530 1532/1532/1532
f 1531/1531/1531 1532/1532/1532 1533/1533/1533
f 1534/1534/1534 1535/1535/1535 1536/1536/1536
f 1534/1534/1534 1536/1536/1536 1537/1537/1537
f 1537/1537/1537 1536/1536/1536 1538/1538/1538
f 1537/1537/1537 1538/1538/1538 1539/1539/1539
f 1539/1539/1539 1538/1538/1538 1540/1540/1540
f 1539/1539/1539 1540/1540/1540 1541/1541/1541
f 1541/1541/1541 1540/1540/1540 1542/1542/1542
f 1541/1541/1541 1542/1542/1542 1543/1543/1543
f 1543/1543/1543 1542/1542/1542 1544/1544/1544
f 1543/1543/1543 1544/1544/1544 1545/1545/1545
f 1546/1546/1546 1547/1547/1547 1548/1548/1548
f 1546/1546/1546 1548/1548/1548 1549/1549/1549
f 1550/1550/1550 1551/1551/1551 1552/1552/1552
f 1550/1550/1550 1552/1552/1552 1553/1553/1553
f 1554/1554/1554 1555/1555/1555 1551/1551/1551
f 1554/1554/1554 1551/1551/1551 1550/1550/1550
f 1556/1556/1556 1557/1557/1557 1555/1555/1555
f 1556/1556/1556 1555/1555/1555 1554/1554/1554
f 1558/1558/1558 1559/1559/1559 1557/1557/1557
f 1558/1558/1558 1557/1557/1557 1556/1556/1556
f 1560/1560/1560 1561/1561/1561 1559/1559/1559
f 1560/1560/1560 1559/1559/1559 1558/1558/1558
f 1562/1562/1562 1563/1563/1563 1564/1564/1564
f 1562/1562/1562 1564/1564/1564 1565/1565/1565
f 1566/1566/1566 1567/1567/1567 1563/1563/1563
f 1566/1566/1566 1563/1563/1563 1562/1562/1562
f 1568/1568/1568 1569/1569/1569 1567/1567/1567
f 1568/1568/1568 1567/1567/1567 1566/1566/1566
f 1570/1570/1570 1571/1571/1571 1569/1569/1569
f 1570/1570/1570 1569/1569/1569 1568/1568/1568
f 1572/1572/1572 1573/1573/1573 1571/1571/1571
f 1572/1572/1572 1571/1571/1571 1570/1570/1570
f 1574/1574/1574 1575/1575/1575 1576/1576/1576
f 1574/1574/1574 1576/1576/1576 1577/1577/1577
f 1578/1578/1578 1579/1579/1579 1575/1575/1575
f 1578/1578/1578 1575/1575/1575 1574/1574/1574
f 1580/1580/1580 1581/1581/1581 1579/1579/1579
f 1580/1580/1580 1579/1579/1579 1578/1578/1578
f 1582/1582/1582 1583/1583/1583 1581/1581/1581
f 1582/1582/1582 1581/1581/1581 1580/1580/1580
f 1584/1584/1584 1585/1585/1585 1583/1583/1583
f 1584/1584/1584 1583/1583/1583 1582/1582/1582
f 1586/1586/1586 1587/1587/1587 1588/1588/1588
f 1586/1586/1586 1588/1588/1588 1589/1589/1589
f 1590/1590/1590 1591/1591/1591 1587/1587/1587
f 1590/1590/1590 1587/1587/1587 1586/1586/1586
f 1592/1592/1592 1593/1593/1593 1591/1591/1591
f 1592/1592/1592 1591/1591/1591 1590/1590/1590
f 1594/1594/1594 1595/1595/1595 1593/1593/1593
f 1594/1594/1594 1593/1593/1593 1592/1592/1592
f 1596/1596/1596 1597/1597/1597 1595/1595/1595
f 1596/1596/1596 1595/1595/1595 1594/1594/1594
f 1551/1551/1551 1543/1543/1543 1545/1545/1545
f 1551/1551/1551 1545/1545/1545 1552/1552/1552
f 1555/1555/1555 1541/1541/1541 1543/1543/1543
f 1555/1555/1555 1543/1543/1543 1551/1551/1551
f 1557/1557/1557 1539/1539/1539 1541/1541/1541
f 1557/1557/1557 1541/1541/1541 1555/1555/1555
f 1559/1559/1559 1537/1537/1537 1539/1539/1539
f 1559/1559/1559 1539/1539/1539 1557/1557/1557
f 1561/1561/1561 1534/1534/1534 1537/1537/1537
f 1561/1561/1561 1537/1537/1537 1559/1559/1559
f 1563/1563/1563 1531/1531/1531 1533/1533/1533
f 1563/1563/1563 1533/1533/1533 1564/1564/1564
f 1567/1567/1567 1529/1529/1529 1531/1531/1531
f 1567/1567/1567 1531/1531/1531 1563/1563/1563
f 1569/1569/1569 1527/1527/1527 1529/1529/1529
f 1569/1569/1569 1529/1529/1529 1567/1567/1567
f 1571/1571/1571 1525/1525/1525 1527/1527/1527
f 1571/1571/1571 1527/1527/1527 1569/1569/1569
f 1573/1573/1573 1522/1522/1522 1525/1525/1525
f 1573/1573/1573 1525/1525/1525 1571/1571/1571
f 1575/1575/1575 1519/1519/1519 1521/1521/1521
f 1575/1575/1575 1521/1521/1521 1576/1576/1576
f 1579/1579/1579 1517/1517/1517 1519/1519/1519
f 1579/1579/1579 1519/1519/1519 1575/1575/1575
f 1581/1581/1581 1515/1515/1515 1517/1517/1517
f 1581/1581/1581 1517/1517/1517 1579/1579/1579
f 1583/1583/1583 1513/1513/1513 1515/1515/1515
f 1583/1583/1583 1515/1515/1515 1581/1581/1581
f 1585/1585/1585 1510/1510/1510 1513/1513/1513
f 1585/1585/1585 1513/1513/1513 1583/1583/1583
f 1587/1587/1587 1507/1507/1507 1509/1509/1509
f 1587/1587/1587 1509/1509/1509 1588/1588/1588
f 1591/1591/1591 1505/1505/1505 1507/1507/1507
f 1591/1591/1591 1507/1507/1507 1587/1587/1587
f 1593/1593/1593 1503/1503/1503 1505/1505/1505
f 1593/1593/1593 1505/1505/1505 1591/1591/1591
f 1595/1595/1595 1501/1501/1501 1503/1503/1503
f 1595/1595/1595 1503/1503/1503 1593/1593/1593
f 1597/1597/1597 1498/1498/1498 1501/1501/1501
f 1597/1597/1597 1501/1501/1501 1595/1595/1595
f 1598/1598/1598 1599/1599/1599 1600/1600/1600
f 1598/1598/1598 1600/1600/1600 1601/1601/1601
f 1602/1602/1602 1598/1598/1598 1601/1601/1601
f 1602/1602/1602 1601/1601/1601 1603/1603/1603
f 1604/1604/1604 1602/1602/1602 1603/1603/1603
f 1604/1604/1604 1603/1603/1603 1605/1605/1605
f 1606/1606/1606 1604/1604/1604 1605/1605/1605
f 1606/1606/1606 1605/1605/1605 1607/1607/1607
f 1608/1608/1608 1606/1606/1606 1607/1607/1607
f 1608/1608/1608 1607/1607/1607 1609/1609/1609
f 1610/1610/1610 1608/1608/1608 1609/1609/1609
f 1610/1610/1610 1609/1609/1609 1611/1611/1611
f 1612/1612/1612 1610/1610/1610 1611/1611/1611
f 1612/1612/1612 1611/1611/1611 1613/1613/1613
f 1614/1614/1614 1612/1612/1612 1613/1613/1613
f 1614/1614/1614 1613/1613/1613 1615/1615/1615
f 1616/1616/1616 1614/1614/1614 1615/1615/1615
f 1616/1616/1616 1615/1615/1615 1617/1617/1617
f 1618/1618/1618 1616/1616/1616 1617/1617/1617
f 1618/1618/1618 1617/1617/1617 1619/1619/1619
f 1620/1620/1620 1618/1618/1618 1619/1619/1619
f 1620/1620/1620 1619/1619/1619 1621/1621/1621
f 1622/1622/1622 1620/1620/1620 1621/1621/1621
f 1622/1622/1622 1621/1621/1621 1623/1623/1623
f 1624/1624/1624 1622/1622/1622 1623/1623/1623
f 1624/1624/1624 1623/1623/1623 1625/1625/1625
f 1626/1626/1626 1624/1624/1624 1625/1625/1625
f 1626/1626/1626 1625/1625/1625 1627/1627/1627
f 1628/1628/1628 1626/1626/1626 1627/1627/1627
f 1628/1628/1628 1627/1627/1627 1629/1629/1629
f 1630/1630/1630 1628/1628/1628 1629/1629/1629
f 1630/1630/1630 1629/1629/1629 1631/1631/1631
f 1632/1632/1632 1630/1630/1630 1631/1631/1631
f 1632/1632/1632 1631/1631/1631 1633/1633/1633
f 1634/1634/1634 1632/1632/1632 1633/1633/1633
f 1634/1634/1634 1633/1633/1633 1635/1635/1635
f 1636/1636/1636 1634/1634/1634 1635/1635/1635
f 1636/1636/1636 1635/1635/1635 1637/1637/1637
f 1599/1599/1599 1636/1636/1636 1637/1637/1637
f 1599/1599/1599 1637/1637/1637 1600/1600/1600
f 1638/1638/1638 1639/1639/1639 1640/1640/1640
f 1638/1638/1638 1640/1640/1640 1641/1641/1641
f 1547/1547/1547 1642/1642/1642 1643/1643/1643
f 1547/1547/1547 1643/1643/1643 1548/1548/1548
f 1639/1639/1639 1644/1644/1644 1645/1645/1645
f 1639/1639/1639 1645/1645/1645 1640/1640/1640
f 1646/1646/1646 1647/1647/1647 1648/1648/1648
f 1646/1646/1646 1648/1648/1648 1649/1649/1649
f 1650/1650/1650 1651/1651/1651 1652/1652/1652
f 1650/1650/1650 1652/1652/1652 1653/1653/1653
f 1644/1644/1644 1654/1654/1654 1655/1655/1655
f 1644/1644/1644 1655/1655/1655 1645/1645/1645
f 1647/1647/1647 1656/1656/1656 1657/1657/1657
f 1647/1647/1647 1657/1657/1657 1648/1648/1648
f 1651/1651/1651 1658/1658/1658 1659/1659/1659
f 1651/1651/1651 1659/1659/1659 1652/1652/1652
f 1654/1654/1654 1660/1660/1660 1661/1661/1661
f 1654/1654/1654 1661/1661/1661 1655/1655/1655
f 1656/1656/1656 1662/1662/1662 1663/1663/1663
f 1656/1656/1656 1663/1663/1663 1657/1657/1657
f 1658/1658/1658 1664/1664/1664 1665/1665/1665
f 1658/1658/1658 1665/1665/1665 1659/1659/1659
f 1666/1666/1666 1667/1667/1667 1668/1668/1668
f 1666/1666/1666 1668/1668/1668 1669/1669/1669
f 1662/1662/1662 1670/1670/1670 1671/1671/1671
f 1662/1662/1662 1671/1671/1671 1663/1663/1663
f 1664/1664/1664 1672/1672/1672 1673/1673/1673
f 1664/1664/1664 1673/1673/1673 1665/1665/1665
f 1667/1667/1667 1674/1674/1674 1675/1675/1675
f 1667/1667/1667 1675/1675/1675 1668/1668/1668
f 1670/1670/1670 1676/1676/1676 1677/1677/1677
f 1670/1670/1670 1677/1677/1677 1671/1671/1671
f 1672/1672/1672 1678/1678/1678 1679/1679/1679
f 1672/1672/1672 1679/1679/1679 1673/1673/1673
f 1674/1674/1674 1546/1546/1546 1549/1549/1549
f 1674/1674/1674 1549/1549/1549 1675/1675/1675
f 1680/1680/1680 1638/1638/1638 1641/1641/1641
f 1680/1680/1680 1641/1641/1641 1681/1681/1681
f 1682/1682/1682 1683/1683/1683 1684/1684/1684
f 1682/1682/1682 1684/1684/1684 1685/1685/1685
f 1685/1685/1685 1684/1684/1684 1686/1686/1686
f 1685/1685/1685 1686/1686/1686 1687/1687/1687
f 1688/1688/1688 1689/1689/1689 1690/1690/1690
f 1688/1688/1688 1690/1690/1690 1691/1691/1691
f 1691/1691/1691 1690/1690/1690 1692/1692/1692
f 1691/1691/1691 1692/1692/1692 1693/1693/1693
f 1693/1693/1693 1692/1692/1692 1694/1694/1694
f 1693/1693/1693 1694/1694/1694 1695/1695/1695
f 1695/1695/1695 1694/1694/1694 1696/1696/1696
f 1695/1695/1695 1696/1696/1696 1697/1697/1697
f 1698/1698/1698 1699/1699/1699 1700/1700/1700
f 1698/1698/1698 1700/1700/1700 1701/1701/1701
f 1701/1701/1701 1700/1700/1700 1702/1702/1702
f 1701/1701/1701 1702/1702/1702 1703/1703/1703
f 1703/1703/1703 1702/1702/1702 1704/1704/1704
f 1703/1703/1703 1704/1704/1704 1705/1705/1705
f 1705/1705/1705 1704/1704/1704 1706/1706/1706
f 1705/1705/1705 1706/1706/1706 1707/1707/1707
f 1707/1707/1707 1706/1706/1706 1708/1708/1708
f 1707/1707/1707 1708/1708/1708 1709/1709/1709
f 1709/1709/1709 1708/1708/1708 1710/1710/1710
f 1709/1709/1709 1710/1710/1710 1711/1711/1711
f 1712/1712/1712 1713/1713/1713 1714/1714/1714
f 1712/1712/1712 1714/1714/1714 1715/1715/1715
f 1715/1715/1715 1714/1714/1714 1716/1716/1716
f 1715/1715/1715 1716/1716/1716 1717/1717/1717
f 1717/1717/1717 1716/1716/1716 1718/1718/1718
f 1717/1717/1717 1718/1718/1718 1719/1719/1719
f 1719/1719/1719 1718/1718/1718 1720/1720/1720
f 1719/1719/1719 1720/1720/1720 1721/1721/1721
f 1721/1721/1721 1720/1720/1720 1722/1722/1722
f 1721/1721/1721 1722/1722/1722 1723/1723/1723
f 1724/1724/1724 1725/1725/1725 1726/1726/1726
f 1724/1724/1724 1726/1726/1726 1727/1727/1727
f 1696/1696/1696 1694/1694/1694 1728/1728/1728
f 1696/1696/1696 1728/1728/1728 1729/1729/1729
f 1727/1727/1727 1726/1726/1726 1730/1730/1730
f 1727/1727/1727 1730/1730/1730 1731/1731/1731
f 1731/1731/1731 1730/1730/1730 1683/1683/1683
f 1731/1731/1731 1683/1683/1683 1682/1682/1682
f 1732/1732/1732 1733/1733/1733 1734/1734/1734
f 1732/1732/1732 1734/1734/1734 1735/1735/1735
f 1736/1736/1736 1737/1737/1737 1738/1738/1738
f 1736/1736/1736 1738/1738/1738 1739/1739/1739
f 1740/1740/1740 1741/1741/1741 1737/1737/1737
f 1740/1740/1740 1737/1737/1737 1736/1736/1736
f 1742/1742/1742 1743/1743/1743 1741/1741/1741
f 1742/1742/1742 1741/1741/1741 1740/1740/1740
f 1744/1744/1744 1745/1745/1745 1746/1746/1746
f 1744/1744/1744 1746/1746/1746 1747/1747/1747
f 1748/1748/1748 1749/1749/1749 1745/1745/1745
f 1748/1748/1748 1745/1745/1745 1744/1744/1744
f 1750/1750/1750 1751/1751/1751 1749/1749/1749
f 1750/1750/1750 1749/1749/1749 1748/1748/1748
f 1752/1752/1752 1753/1753/1753 1751/1751/1751
f 1752/1752/1752 1751/1751/1751 1750/1750/1750
f 1754/1754/1754 1755/1755/1755 1753/1753/1753
f 1754/1754/1754 1753/1753/1753 1752/1752/1752
f 1756/1756/1756 1757/1757/1757 1755/1755/1755
f 1756/1756/1756 1755/1755/1755 1754/1754/1754
f 1758/1758/1758 1759/1759/1759 1760/1760/1760
f 1758/1758/1758 1760/1760/1760 1761/1761/1761
f 1762/1762/1762 1763/1763/1763 1759/1759/1759
f 1762/1762/1762 1759/1759/1759 1758/1758/1758
f 1764/1764/1764 1765/1765/1765 1763/1763/1763
f 1764/1764/1764 1763/1763/1763 1762/1762/1762
f 1766/1766/1766 1767/1767/1767 1765/1765/1765
f 1766/1766/1766 1765/1765/1765 1764/1764/1764
f 1768/1768/1768 1769/1769/1769 1767/1767/1767
f 1768/1768/1768 1767/1767/1767 1766/1766/1766
f 1770/1770/1770 1771/1771/1771 1772/1772/1772
f 1770/1770/1770 1772/1772/1772 1773/1773/1773
f 1774/1774/1774 1775/1775/1775 1771/1771/1771
f 1774/1774/1774 1771/1771/1771 1770/1770/1770
f 1776/1776/1776 1777/1777/1777 1775/1775/1775
f 1776/1776/1776 1775/1775/1775 1774/1774/1774
f 1778/1778/1778 1779/1779/1779 1777/1777/1777
f 1778/1778/1778 1777/1777/1777 1776/1776/1776
f 1780/1780/1780 1781/1781/1781 1782/1782/1782
f 1780/1780/1780 1782/1782/1782 1783/1783/1783
f 1739/1739/1739 1738/1738/1738 1781/1781/1781
f 1739/1739/1739 1781/1781/1781 1780/1780/1780
f 1737/1737/1737 1731/1731/1731 1682/1682/1682
f 1737/1737/1737 1682/1682/1682 1738/1738/1738
f 1741/1741/1741 1727/1727/1727 1731/1731/1731
f 1741/1741/1741 1731/1731/1731 1737/1737/1737
f 1743/1743/1743 1724/1724/1724 1727/1727/1727
f 1743/1743/1743 1727/1727/1727 1741/1741/1741
f 1745/1745/1745 1721/1721/1721 1723/1723/1723
f 1745/1745/1745 1723/1723/1723 1746/1746/1746
f 1749/1749/1749 1719/1719/1719 1721/1721/1721
f 1749/1749/1749 1721/1721/1721 1745/1745/1745
f 1751/1751/1751 1717/1717/1717 1719/1719/1719
f 1751/1751/1751 1719/1719/1719 1749/1749/1749
f 1753/1753/1753 1715/1715/1715 1717/1717/1717
f 1753/1753/1753 1717/1717/1717 1751/1751/1751
f 1755/1755/1755 1712/1712/1712 1715/1715/1715
f 1755/1755/1755 1715/1715/1715 1753/1753/1753
f 1757/1757/1757 1784/1784/1784 1712/1712/1712
f 1757/1757/1757 1712/1712/1712 1755/1755/1755
f 1759/1759/1759 1707/1707/1707 1709/1709/1709
f 1759/1759/1759 1709/1709/1709 1760/1760/1760
f 1763/1763/1763 1705/1705/1705 1707/1707/1707
f 1763/1763/1763 1707/1707/1707 1759/1759/1759
f 1765/1765/1765 1703/1703/1703 1705/1705/1705
f 1765/1765/1765 1705/1705/1705 1763/1763/1763
f 1767/1767/1767 1701/1701/1701 1703/1703/1703
f 1767/1767/1767 1703/1703/1703 1765/1765/1765
f 1769/1769/1769 1698/1698/1698 1701/1701/1701
f 1769/1769/1769 1701/1701/1701 1767/1767/1767
f 1771/1771/1771 1695/1695/1695 1697/1697/1697
f 1771/1771/1771 1697/1697/1697 1772/1772/1772
f 1775/1775/1775 1693/1693/1693 1695/1695/1695
f 1775/1775/1775 1695/1695/1695 1771/1771/1771
f 1777/1777/1777 1691/1691/1691 1693/1693/1693
f 1777/1777/1777 1693/1693/1693 1775/1775/1775
f 1779/1779/1779 1688/1688/1688 1691/1691/1691
f 1779/1779/1779 1691/1691/1691 1777/1777/1777
f 1781/1781/1781 1685/1685/1685 1687/1687/1687
f 1781/1781/1781 1687/1687/1687 1782/1782/1782
f 1738/1738/1738 1682/1682/1682 1685/1685/1685
f 1738/1738/1738 1685/1685/1685 1781/1781/1781
f 1785/1785/1785 1786/1786/1786 1787/1787/1787
f 1785/1785/1785 1787/1787/1787 1788/1788/1788
f 1789/1789/1789 1785/1785/1785 1788/1788/1788
f 1789/1789/1789 1788/1788/1788 1790/1790/1790
f 1791/1791/1791 1789/1789/1789 1790/1790/1790
f 1791/1791/1791 1790/1790/1790 1792/1792/1792
f 1793/1793/1793 1791/1791/1791 1792/1792/1792
f 1793/1793/1793 1792/1792/1792 1794/1794/1794
f 1795/1795/1795 1793/1793/1793 1794/1794/1794
f 1795/1795/1795 1794/1794/1794 1796/1796/1796
f 1797/1797/1797 1795/1795/1795 1796/1796/1796
f 1797/1797/1797 1796/1796/1796 1798/1798/1798
f 1799/1799/1799 1797/1797/1797 1798/1798/1798
f 1799/1799/1799 1798/1798/1798 1800/1800/1800
f 1801/1801/1801 1799/1799/1799 1800/1800/1800
f 1801/1801/1801 1800/1800/1800 1802/1802/1802
f 1803/1803/1803 1801/1801/1801 1802/1802/1802
f 1803/1803/1803 1802/1802/1802 1804/1804/1804
f 1805/1805/1805 1803/1803/1803 1804/1804/1804
f 1805/1805/1805 1804/1804/1804 1806/1806/1806
f 1807/1807/1807 1805/1805/1805 1806/1806/1806
f 1807/1807/1807 1806/1806/1806 1808/1808/1808
f 1809/1809/1809 1807/1807/1807 1808/1808/1808
f 1809/1809/1809 1808/1808/1808 1810/1810/1810
f 1811/1811/1811 1809/1809/1809 1810/1810/1810
f 1811/1811/1811 1810/1810/1810 1812/1812/1812
f 1813/1813/1813 1811/1811/1811 1812/1812/1812
f 1813/1813/1813 1812/1812/1812 1814/1814/1814
f 1815/1815/1815 1813/1813/1813 1814/1814/1814
f 1815/1815/1815 1814/1814/1814 1816/1816/1816
f 1817/1817/1817 1815/1815/1815 1816/1816/1816
f 1817/1817/1817 1816/1816/1816 1818/1818/1818
f 1819/1819/1819 1817/1817/1817 1818/1818/1818
f 1819/1819/1819 1818/1818/1818 1820/1820/1820
f 1821/1821/1821 1819/1819/1819 1820/1820/1820
f 1821/1821/1821 1820/1820/1820 1822/1822/1822
f 1823/1823/1823 1821/1821/1821 1822/1822/1822
f 1823/1823/1823 1822/1822/1822 1824/1824/1824
f 1786/1786/1786 1823/1823/1823 1824/1824/1824
f 1786/1786/1786 1824/1824/1824 1787/1787/1787
f 1825/1825/1825 1826/1826/1826 1827/1827/1827
f 1825/1825/1825 1827/1827/1827 1828/1828/1828
f 1733/1733/1733 1829/1829/1829 1830/1830/1830
f 1733/1733/1733 1830/1830/1830 1734/1734/1734
f 1831/1831/1831 1832/1832/1832 1833/1833/1833
f 1831/1831/1831 1833/1833/1833 1834/1834/1834
f 1835/1835/1835 1836/1836/1836 1837/1837/1837
f 1835/1835/1835 1837/1837/1837 1838/1838/1838
f 1829/1829/1829 1839/1839/1839 1840/1840/1840
f 1829/1829/1829 1840/1840/1840 1830/1830/1830
f 1832/1832/1832 1841/1841/1841 1842/1842/1842
f 1832/1832/1832 1842/1842/1842 1833/1833/1833
f 1836/1836/1836 1843/1843/1843 1844/1844/1844
f 1836/1836/1836 1844/1844/1844 1837/1837/1837
f 1839/1839/1839 1845/1845/1845 1846/1846/1846
f 1839/1839/1839 1846/1846/1846 1840/1840/1840
f 1841/1841/1841 1847/1847/1847 1848/1848/1848
f 1841/1841/1841 1848/1848/1848 1842/1842/1842
f 1849/1849/1849 1850/1850/1850 1851/1851/1851
f 1849/1849/1849 1851/1851/1851 1852/1852/1852
f 1853/1853/1853 1854/1854/1854 1855/1855/1855
f 1853/1853/1853 1855/1855/1855 1856/1856/1856
f 1847/1847/1847 1857/1857/1857 1858/1858/1858
f 1847/1847/1847 1858/1858/1858 1848/1848/1848
f 1850/1850/1850 1859/1859/1859 1860/1860/1860
f 1850/1850/1850 1860/1860/1860 1851/1851/1851
f 1854/1854/1854 1861/1861/1861 1862/1862/1862
f 1854/1854/1854 1862/1862/1862 1855/1855/1855
f 1857/1857/1857 1863/1863/1863 1864/1864/1864
f 1857/1857/1857 1864/1864/1864 1858/1858/1858
f 1859/1859/1859 1865/1865/1865 1866/1866/1866
f 1859/1859/1859 1866/1866/1866 1860/1860/1860
f 1861/1861/1861 1835/1835/1835 1838/1838/1838
f 1861/1861/1861 1838/1838/1838 1862/1862/1862
f 1867/1867/1867 1732/1732/1732 1735/1735/1735
f 1867/1867/1867 1735/1735/1735 1868/1868/1868
f 1865/1865/1865 1825/1825/1825 1828/1828/1828
f 1865/1865/1865 1828/1828/1828 1866/1866/1866
f 1869/1869/1869 1870/1870/1870 1871/1871/1871
f 1869/1869/1869 1871/1871/1871 1872/1872/1872
f 1708/1708/1708 1706/1706/1706 1873/1873/1873
f 1708/1708/1708 1873/1873/1873 1874/1874/1874
f 1720/1720/1720 1718/1718/1718 1875/1875/1875
f 1720/1720/1720 1875/1875/1875 1876/1876/1876
f 1692/1692/1692 1690/1690/1690 1877/1877/1877
f 1692/1692/1692 1877/1877/1877 1878/1878/1878
f 1704/1704/1704 1702/1702/1702 1879/1879/1879
f 1704/1704/1704 1879/1879/1879 1880/1880/1880
f 1716/1716/1716 1714/1714/1714 1881/1881/1881
f 1716/1716/1716 1881/1881/1881 1882/1882/1882
f 1730/1730/1730 1726/1726/1726 1883/1883/1883
f 1730/1730/1730 1883/1883/1883 1884/1884/1884
f 1686/1686/1686 1684/1684/1684 1885/1885/1885
f 1686/1686/1686 1885/1885/1885 1886/1886/1886
f 1887/1887/1887 1696/1696/1696 1729/1729/1729
f 1887/1887/1887 1729/1729/1729 1888/1888/1888
f 1889/1889/1889 1890/1890/1890 1891/1891/1891
f 1889/1889/1889 1891/1891/1891 1892/1892/1892
f 1722/1722/1722 1720/1720/1720 1876/1876/1876
f 1722/1722/1722 1876/1876/1876 1893/1893/1893
f 1694/1694/1694 1692/1692/1692 1878/1878/1878
f 1694/1694/1694 1878/1878/1878 1728/1728/1728
f 1706/1706/1706 1704/1704/1704 1880/1880/1880
f 1706/1706/1706 1880/1880/1880 1873/1873/1873
f 1718/1718/1718 1716/1716/1716 1882/1882/1882
f 1718/1718/1718 1882/1882/1882 1875/1875/1875
f 1683/1683/1683 1730/1730/1730 1884/1884/1884
f 1683/1683/1683 1884/1884/1884 1894/1894/1894
f 1690/1690/1690 1689/1689/1689 1895/1895/1895
f 1690/1690/1690 1895/1895/1895 1877/1877/1877
f 1702/1702/1702 1700/1700/1700 1896/1896/1896
f 1702/1702/1702 1896/1896/1896 1879/1879/1879
f 1684/1684/1684 1683/1683/1683 1894/1894/1894
f 1684/1684/1684 1894/1894/1894 1885/1885/1885
f 1714/1714/1714 1713/1713/1713 1897/1897/1897
f 1714/1714/1714 1897/1897/1897 1881/1881/1881
f 1726/1726/1726 1725/1725/1725 1898/1898/1898
f 1726/1726/1726 1898/1898/1898 1883/1883/1883
f 1899/1899/1899 1900/1900/1900 1901/1901/1901
f 1899/1899/1899 1901/1901/1901 1902/1902/1902
f 1903/1903/1903 1904/1904/1904 1905/1905/1905
f 1903/1903/1903 1905/1905/1905 1906/1906/1906
f 1907/1907/1907 1908/1908/1908 1909/1909/1909
f 1907/1907/1907 1909/1909/1909 1910/1910/1910
f 1911/1911/1911 1899/1899/1899 1902/1902/1902
f 1911/1911/1911 1902/1902/1902 1912/1912/1912
f 1913/1913/1913 1907/1907/1907 1910/1910/1910
f 1913/1913/1913 1910/1910/1910 1914/1914/1914
f 1915/1915/1915 1916/1916/1916 1917/1917/1917
f 1915/1915/1915 1917/1917/1917 1918/1918/1918
f 1919/1919/1919 1913/1913/1913 1914/1914/1914
f 1919/1919/1919 1914/1914/1914 1920/1920/1920
f 1921/1921/1921 1915/1915/1915 1918/1918/1918
f 1921/1921/1921 1918/1918/1918 1922/1922/1922
f 1923/1923/1923 1903/1903/1903 1906/1906/1906
f 1923/1923/1923 1906/1906/1906 1924/1924/1924
f 1925/1925/1925 1919/1919/1919 1920/1920/1920
f 1925/1925/1925 1920/1920/1920 1926/1926/1926
f 1927/1927/1927 1921/1921/1921 1922/1922/1922
f 1927/1927/1927 1922/1922/1922 1928/1928/1928
f 1929/1929/1929 1923/1923/1923 1924/1924/1924
f 1929/1929/1929 1924/1924/1924 1930/1930/1930
f 1931/1931/1931 1925/1925/1925 1926/1926/1926
f 1931/1931/1931 1926/1926/1926 1932/1932/1932
f 1933/1933/1933 1927/1927/1927 1928/1928/1928
f 1933/1933/1933 1928/1928/1928 1934/1934/1934
f 1935/1935/1935 1936/1936/1936 1937/1937/1937
f 1935/1935/1935 1937/1937/1937 1938/1938/1938
f 1939/1939/1939 1940/1940/1940 1941/1941/1941
f 1939/1939/1939 1941/1941/1941 1942/1942/1942
f 1870/1870/1870 1933/1933/1933 1934/1934/1934
f 1870/1870/1870 1934/1934/1934 1871/1871/1871
f 1900/1900/1900 1935/1935/1935 1938/1938/1938
f 1900/1900/1900 1938/1938/1938 1901/1901/1901
f 1904/1904/1904 1939/1939/1939 1942/1942/1942
f 1904/1904/1904 1942/1942/1942 1905/1905/1905
f 1943/1943/1943 1944/1944/1944 1945/1945/1945
f 1943/1943/1943 1945/1945/1945 1946/1946/1946
f 1946/1946/1946 1945/1945/1945 1947/1947/1947
f 1946/1946/1946 1947/1947/1947 1948/1948/1948
f 1949/1949/1949 1950/1950/1950 1951/1951/1951
f 1949/1949/1949 1951/1951/1951 1952/1952/1952
f 1952/1952/1952 1951/1951/1951 1953/1953/1953
f 1952/1952/1952 1953/1953/1953 1954/1954/1954
f 1954/1954/1954 1953/1953/1953 1955/1955/1955
f 1954/1954/1954 1955/1955/1955 1956/1956/1956
f 1956/1956/1956 1955/1955/1955 1957/1957/1957
f 1956/1956/1956 1957/1957/1957 1958/1958/1958
f 1959/1959/1959 1960/1960/1960 1961/1961/1961
f 1959/1959/1959 1961/1961/1961 1962/1962/1962
f 1962/1962/1962 1961/1961/1961 1963/1963/1963
f 1962/1962/1962 1963/1963/1963 1964/1964/1964
f 1964/1964/1964 1963/1963/1963 1965/1965/1965
f 1964/1964/1964 1965/1965/1965 1966/1966/1966
f 1966/1966/1966 1965/1965/1965 1967/1967/1967
f 1966/1966/1966 1967/1967/1967 1968/1968/1968
f 1968/1968/1968 1967/1967/1967 1969/1969/1969
f 1968/1968/1968 1969/1969/1969 1970/1970/1970
f 1970/1970/1970 1969/1969/1969 1971/1971/1971
f 1970/1970/1970 1971/1971/1971 1972/1972/1972
f 1973/1973/1973 1974/1974/1974 1975/1975/1975
f 1973/1973/1973 1975/1975/1975 1976/1976/1976
f 1976/1976/1976 1975/1975/1975 1977/1977/1977
f 1976/1976/1976 1977/1977/1977 1978/1978/1978
f 1978/1978/1978 1977/1977/1977 1979/1979/1979
f 1978/1978/1978 1979/1979/1979 1980/1980/1980
f 1980/1980/1980 1979/1979/1979 1981/1981/1981
f 1980/1980/1980 1981/1981/1981 1982/1982/1982
f 1982/1982/1982 1981/1981/1981 1983/1983/1983
f 1982/1982/1982 1983/1983/1983 1984/1984/1984
f 1985/1985/1985 1986/1986/1986 1987/1987/1987
f 1985/1985/1985 1987/1987/1987 1988/1988/1988
f 1957/1957/1957 1955/1955/1955 1989/1989/1989
f 1957/1957/1957 1989/1989/1989 1990/1990/1990
f 1988/1988/1988 1987/1987/1987 1991/1991/1991
f 1988/1988/1988 1991/1991/1991 1992/1992/1992
f 1992/1992/1992 1991/1991/1991 1944/1944/1944
f 1992/1992/1992 1944/1944/1944 1943/1943/1943
f 1993/1993/1993 1994/1994/1994 1995/1995/1995
f 1993/1993/1993 1995/1995/1995 1996/1996/1996
f 1997/1997/1997 1998/1998/1998 1999/1999/1999
f 1997/1997/1997 1999/1999/1999 2000/2000/2000
f 2001/2001/2001 2002/2002/2002 1998/1998/1998
f 2001/2001/2001 1998/1998/1998 1997/1997/1997
f 2003/2003/2003 2004/2004/2004 2002/2002/2002
f 2003/2003/2003 2002/2002/2002 2001/2001/2001
f 2005/2005/2005 2006/2006/2006 2007/2007/2007
f 2005/2005/2005 2007/2007/2007 2008/2008/2008
f 2009/2009/2009 2010/2010/2010 2006/2006/2006
f 2009/2009/2009 2006/2006/2006 2005/2005/2005
f 2011/2011/2011 2012/2012/2012 2010/2010/2010
f 2011/2011/2011 2010/2010/2010 2009/2009/2009
f 2013/2013/2013 2014/2014/2014 2012/2012/2012
f 2013/2013/2013 2012/2012/2012 2011/2011/2011
f 2015/2015/2015 2016/2016/2016 2014/2014/2014
f 2015/2015/2015 2014/2014/2014 2013/2013/2013
f 2017/2017/2017 2018/2018/2018 2016/2016/2016
f 2017/2017/2017 2016/2016/2016 2015/2015/2015
f 2019/2019/2019 2020/2020/2020 2021/2021/2021
f 2019/2019/2019 2021/2021/2021 2022/2022/2022
f 2023/2023/2023 2024/2024/2024 2020/2020/2020
f 2023/2023/2023 2020/2020/2020 2019/2019/2019
f 2025/2025/2025 2026/2026/2026 2024/2024/2024
f 2025/2025/2025 2024/2024/2024 2023/2023/2023
f 2027/2027/2027 2028/2028/2028 2026/2026/2026
f 2027/2027/2027 2026/2026/2026 2025/2025/2025
f 2029/2029/2029 2030/2030/2030 2028/2028/2028
f 2029/2029/2029 2028/2028/2028 2027/2027/2027
f 2031/2031/2031 2032/2032/2032 2033/2033/2033
f 2031/2031/2031 2033/2033/2033 2034/2034/2034
f 2035/2035/2035 2036/2036/2036 2032/2032/2032
f 2035/2035/2035 2032/2032/2032 2031/2031/2031
f 2037/2037/2037 2038/2038/2038 2036/2036/2036
f 2037/2037/2037 2036/2036/2036 2035/2035/2035
f 2039/2039/2039 2040/2040/2040 2038/2038/2038
f 2039/2039/2039 2038/2038/2038 2037/2037/2037
f 2041/2041/2041 2042/2042/2042 2043/2043/2043
f 2041/2041/2041 2043/2043/2043 2044/2044/2044
f 2000/2000/2000 1999/1999/1999 2042/2042/2042
f 2000/2000/2000 2042/2042/2042 2041/2041/2041
f 1998/1998/1998 1992/1992/1992 1943/1943/1943
f 1998/1998/1998 1943/1943/1943 1999/1999/1999
f 2002/2002/2002 1988/1988/1988 1992/1992/1992
f 2002/2002/2002 1992/1992/1992 1998/1998/1998
f 2004/2004/2004 1985/1985/1985 1988/1988/1988
f 2004/2004/2004 1988/1988/1988 2002/2002/2002
f 2006/2006/2006 1982/1982/1982 1984/1984/1984
f 2006/2006/2006 1984/1984/1984 2007/2007/2007
f 2010/2010/2010 1980/1980/1980 1982/1982/1982
f 2010/2010/2010 1982/1982/1982 2006/2006/2006
f 2012/2012/2012 1978/1978/1978 1980/1980/1980
f 2012/2012/2012 1980/1980/1980 2010/2010/2010
f 2014/2014/2014 1976/1976/1976 1978/1978/1978
f 2014/2014/2014 1978/1978/1978 2012/2012/2012
f 2016/2016/2016 1973/1973/1973 1976/1976/1976
f 2016/2016/2016 1976/1976/1976 2014/2014/2014
f 2018/2018/2018 2045/2045/2045 1973/1973/1973
f 2018/2018/2018 1973/1973/1973 2016/2016/2016
f 2020/2020/2020 1968/1968/1968 1970/1970/1970
f 2020/2020/2020 1970/1970/1970 2021/2021/2021
f 2024/2024/2024 1966/1966/1966 1968/1968/1968
f 2024/2024/2024 1968/1968/1968 2020/2020/2020
f 2026/2026/2026 1964/1964/1964 1966/1966/1966
f 2026/2026/2026 1966/1966/1966 2024/2024/2024
f 2028/2028/2028 1962/1962/1962 1964/1964/1964
f 2028/2028/2028 1964/1964/1964 2026/2026/2026
f 2030/2030/2030 1959/1959/1959 1962/1962/1962
f 2030/2030/2030 1962/1962/1962 2028/2028/2028
f 2032/2032/2032 1956/1956/1956 1958/1958/1958
f 2032/2032/2032 1958/1958/1958 2033/2033/2033
f 2036/2036/2036 1954/1954/1954 1956/1956/1956
f 2036/2036/2036 1956/1956/1956 2032/2032/2032
f 2038/2038/2038 1952/1952/1952 1954/1954/1954
f 2038/2038/2038 1954/1954/1954 2036/2036/2036
f 2040/2040/2040 1949/1949/1949 1952/1952/1952
f 2040/2040/2040 1952/1952/1952 2038/2038/2038
f 2042/2042/2042 1946/1946/1946 1948/1948/1948
f 2042/2042/2042 1948/1948/1948 2043/2043/2043
f 1999/1999/1999 1943/1943/1943 1946/1946/1946
f 1999/1999/1999 1946/1946/1946 2042/2042/2042
f 2046/2046/2046 2047/2047/2047 2048/2048/2048
f 2046/2046/2046 2048/2048/2048 2049/2049/2049
f 2050/2050/2050 2046/2046/2046 2049/2049/2049
f 2050/2050/2050 2049/2049/2049 2051/2051/2051
f 2052/2052/2052 2050/2050/2050 2051/2051/2051
f 2052/2052/2052 2051/2051/2051 2053/2053/2053
f 2054/2054/2054 2052/2052/2052 2053/2053/2053
f 2054/2054/2054 2053/2053/2053 2055/2055/2055
f 2056/2056/2056 2054/2054/2054 2055/2055/2055
f 2056/2056/2056 2055/2055/2055 2057/2057/2057
f 2058/2058/2058 2056/2056/2056 2057/2057/2057
f 2058/2058/2058 2057/2057/2057 2059/2059/2059
f 2060/2060/2060 2058/2058/2058 2059/2059/2059
f 2060/2060/2060 2059/2059/2059 2061/2061/2061
f 2062/2062/2062 2060/2060/2060 2061/2061/2061
f 2062/2062/2062 2061/2061/2061 2063/2063/2063
f 2064/2064/2064 2062/2062/2062 2063/2063/2063
f 2064/2064/2064 2063/2063/2063 2065/2065/2065
f 2066/2066/2066 2064/2064/2064 2065/2065/2065
f 2066/2066/2066 2065/2065/2065 2067/2067/2067
f 2068/2068/2068 2066/2066/2066 2067/2067/2067
f 2068/2068/2068 2067/2067/2067 2069/2069/2069
f 2070/2070/2070 2068/2068/2068 2069/2069/2069
f 2070/2070/2070 2069/2069/2069 2071/2071/2071
f 2072/2072/2072 2070/2070/2070 2071/2071/2071
f 2072/2072/2072 2071/2071/2071 2073/2073/2073
f 2074/2074/2074 2072/2072/2072 2073/2073/2073
f 2074/2074/2074 2073/2073/2073 2075/2075/2075
f 2076/2076/2076 2074/2074/2074 2075/2075/2075
f 2076/2076/2076 2075/2075/2075 2077/2077/2077
f 2078/2078/2078 2076/2076/2076 2077/2077/2077
f 2078/2078/2078 2077/2077/2077 2079/2079/2079
f 2080/2080/2080 2078/2078/2078 2079/2079/2079
f 2080/2080/2080 2079/2079/2079 2081/2081/2081
f 2082/2082/2082 2080/2080/2080 2081/2081/2081
f 2082/2082/2082 2081/2081/2081 2083/2083/2083
f 2084/2084/2084 2082/2082/2082 2083/2083/2083
f 2084/2084/2084 2083/2083/2083 2085/2085/2085
f 2047/2047/2047 2084/2084/2084 2085/2085/2085
f 2047/2047/2047 2085/2085/2085 2048/2048/2048
f 2086/2086/2086 2087/2087/2087 2088/2088/2088
f 2086/2086/2086 2088/2088/2088 2089/2089/2089
f 1994/1994/1994 2090/2090/2090 2091/2091/2091
f 1994/1994/1994 2091/2091/2091 1995/1995/1995
f 2092/2092/2092 2093/2093/2093 2094/2094/2094
f 2092/2092/2092 2094/2094/2094 2095/2095/2095
f 2096/2096/2096 2097/2097/2097 2098/2098/2098
f 2096/2096/2096 2098/2098/2098 2099/2099/2099
f 2090/2090/2090 2100/2100/2100 2101/2101/2101
f 2090/2090/2090 2101/2101/2101 2091/2091/2091
f 2093/2093/2093 2102/2102/2102 2103/2103/2103
f 2093/2093/2093 2103/2103/2103 2094/2094/2094
f 2097/2097/2097 2104/2104/2104 2105/2105/2105
f 2097/2097/2097 2105/2105/2105 2098/2098/2098
f 2100/2100/2100 2106/2106/2106 2107/2107/2107
f 2100/2100/2100 2107/2107/2107 2101/2101/2101
f 2102/2102/2102 2108/2108/2108 2109/2109/2109
f 2102/2102/2102 2109/2109/2109 2103/2103/2103
f 2110/2110/2110 2111/2111/2111 2112/2112/2112
f 2110/2110/2110 2112/2112/2112 2113/2113/2113
f 2114/2114/2114 2115/2115/2115 2116/2116/2116
f 2114/2114/2114 2116/2116/2116 2117/2117/2117
f 2108/2108/2108 2118/2118/2118 2119/2119/2119
f 2108/2108/2108 2119/2119/2119 2109/2109/2109
f 2111/2111/2111 2120/2120/2120 2121/2121/2121
f 2111/2111/2111 2121/2121/2121 2112/2112/2112
f 2115/2115/2115 2122/2122/2122 2123/2123/2123
f 2115/2115/2115 2123/2123/2123 2116/2116/2116
f 2118/2118/2118 2124/2124/2124 2125/2125/2125
f 2118/2118/2118 2125/2125/2125 2119/2119/2119
f 2120/2120/2120 2126/2126/2126 2127/2127/2127
f 2120/2120/2120 2127/2127/2127 2121/2121/2121
f 2122/2122/2122 2096/2096/2096 2099/2099/2099
f 2122/2122/2122 2099/2099/2099 2123/2123/2123
f 2128/2128/2128 1993/1993/1993 1996/1996/1996
f 2128/2128/2128 1996/1996/1996 2129/2129/2129
f 2126/2126/2126 2086/2086/2086 2089/2089/2089
f 2126/2126/2126 2089/2089/2089 2127/2127/2127
f 2130/2130/2130 2131/2131/2131 2132/2132/2132
f 2130/2130/2130 2132/2132/2132 2133/2133/2133
f 1969/1969/1969 1967/1967/1967 2134/2134/2134
f 1969/1969/1969 2134/2134/2134 2135/2135/2135
f 1981/1981/1981 1979/1979/1979 2136/2136/2136
f 1981/1981/1981 2136/2136/2136 2137/2137/2137
f 1953/1953/1953 1951/1951/1951 2138/2138/2138
f 1953/1953/1953 2138/2138/2138 2139/2139/2139
f 1965/1965/1965 1963/1963/1963 2140/2140/2140
f 1965/1965/1965 2140/2140/2140 2141/2141/2141
f 1977/1977/1977 1975/1975/1975 2142/2142/2142
f 1977/1977/1977 2142/2142/2142 2143/2143/2143
f 1991/1991/1991 1987/1987/1987 2144/2144/2144
f 1991/1991/1991 2144/2144/2144 2145/2145/2145
f 1947/1947/1947 1945/1945/1945 2146/2146/2146
f 1947/1947/1947 2146/2146/2146 2147/2147/2147
f 2148/2148/2148 1957/1957/1957 1990/1990/1990
f 2148/2148/2148 1990/1990/1990 2149/2149/2149
f 2150/2150/2150 2151/2151/2151 2152/2152/2152
f 2150/2150/2150 2152/2152/2152 2153/2153/2153
f 1983/1983/1983 1981/1981/1981 2137/2137/2137
f 1983/1983/1983 2137/2137/2137 2154/2154/2154
f 1955/1955/1955 1953/1953/1953 2139/2139/2139
f 1955/1955/1955 2139/2139/2139 1989/1989/1989
f 1967/1967/1967 1965/1965/1965 2141/2141/2141
f 1967/1967/1967 2141/2141/2141 2134/2134/2134
f 1979/1979/1979 1977/1977/1977 2143/2143/2143
f 1979/1979/1979 2143/2143/2143 2136/2136/2136
f 1944/1944/1944 1991/1991/1991 2145/2145/2145
f 1944/1944/1944 2145/2145/2145 2155/2155/2155
f 1951/1951/1951 1950/1950/1950 2156/2156/2156
f 1951/1951/1951 2156/2156/2156 2138/2138/2138
f 1963/1963/1963 1961/1961/1961 2157/2157/2157
f 1963/1963/1963 2157/2157/2157 2140/2140/2140
f 1945/1945/1945 1944/1944/1944 2155/2155/2155
f 1945/1945/1945 2155/2155/2155 2146/2146/2146
f 1975/1975/1975 1974/1974/1974 2158/2158/2158
f 1975/1975/1975 2158/2158/2158 2142/2142/2142
f 1987/1987/1987 1986/1986/1986 2159/2159/2159
f 1987/1987/1987 2159/2159/2159 2144/2144/2144
f 2160/2160/2160 2161/2161/2161 2162/2162/2162
f 2160/2160/2160 2162/2162/2162 2163/2163/2163
f 2164/2164/2164 2165/2165/2165 2166/2166/2166
f 2164/2164/2164 2166/2166/2166 2167/2167/2167
f 2168/2168/2168 2169/2169/2169 2170/2170/2170
f 2168/2168/2168 2170/2170/2170 2171/2171/2171
f 2172/2172/2172 2160/2160/2160 2163/2163/2163
f 2172/2172/2172 2163/2163/2163 2173/2173/2173
f 2174/2174/2174 2168/2168/2168 2171/2171/2171
f 2174/2174/2174 2171/2171/2171 2175/2175/2175
f 2176/2176/2176 2177/2177/2177 2178/2178/2178
f 2176/2176/2176 2178/2178/2178 2179/2179/2179
f 2180/2180/2180 2174/2174/2174 2175/2175/2175
f 2180/2180/2180 2175/2175/2175 2181/2181/2181
f 2182/2182/2182 2176/2176/2176 2179/2179/2179
f 2182/2182/2182 2179/2179/2179 2183/2183/2183
f 2184/2184/2184 2164/2164/2164 2167/2167/2167
f 2184/2184/2184 2167/2167/2167 2185/2185/2185
f 2186/2186/2186 2180/2180/2180 2181/2181/2181
f 2186/2186/2186 2181/2181/2181 2187/2187/2187
f 2188/2188/2188 2182/2182/2182 2183/2183/2183
f 2188/2188/2188 2183/2183/2183 2189/2189/2189
f 2190/2190/2190 2184/2184/2184 2185/2185/2185
f 2190/2190/2190 2185/2185/2185 2191/2191/2191
f 2192/2192/2192 2186/2186/2186 2187/2187/2187
f 2192/2192/2192 2187/2187/2187 2193/2193/2193
f 2194/2194/2194 2188/2188/2188 2189/2189/2189
f 2194/2194/2194 2189/2189/2189 2195/2195/2195
f 2196/2196/2196 2197/2197/2197 2198/2198/2198
f 2196/2196/2196 2198/2198/2198 2199/2199/2199
f 2200/2200/2200 2201/2201/2201 2202/2202/2202
f 2200/2200/2200 2202/2202/2202 2203/2203/2203
f 2131/2131/2131 2194/2194/2194 2195/2195/2195
f 2131/2131/2131 2195/2195/2195 2132/2132/2132
f 2161/2161/2161 2196/2196/2196 2199/2199/2199
f 2161/2161/2161 2199/2199/2199 2162/2162/2162
f 2165/2165/2165 2200/2200/2200 2203/2203/2203
f 2165/2165/2165 2203/2203/2203 2166/2166/2166
f 2204/2204/2204 2205/2205/2205 2206/2206/2206
f 2204/2204/2204 2206/2206/2206 2207/2207/2207
f 2207/2207/2207 2206/2206/2206 2208/2208/2208
f 2207/2207/2207 2208/2208/2208 2209/2209/2209
f 2210/2210/2210 2211/2211/2211 2212/2212/2212
f 2210/2210/2210 2212/2212/2212 2213/2213/2213
f 2213/2213/2213 2212/2212/2212 2214/2214/2214
f 2213/2213/2213 2214/2214/2214 2215/2215/2215
f 2215/2215/2215 2214/2214/2214 2216/2216/2216
f 2215/2215/2215 2216/2216/2216 2217/2217/2217
f 2217/2217/2217 2216/2216/2216 2218/2218/2218
f 2217/2217/2217 2218/2218/2218 2219/2219/2219
f 2220/2220/2220 2221/2221/2221 2222/2222/2222
f 2220/2220/2220 2222/2222/2222 2223/2223/2223
f 2223/2223/2223 2222/2222/2222 2224/2224/2224
f 2223/2223/2223 2224/2224/2224 2225/2225/2225
f 2225/2225/2225 2224/2224/2224 2226/2226/2226
f 2225/2225/2225 2226/2226/2226 2227/2227/2227
f 2227/2227/2227 2226/2226/2226 2228/2228/2228
f 2227/2227/2227 2228/2228/2228 2229/2229/2229
f 2229/2229/2229 2228/2228/2228 2230/2230/2230
f 2229/2229/2229 2230/2230/2230 2231/2231/2231
f 2231/2231/2231 2230/2230/2230 2232/2232/2232
f 2231/2231/2231 2232/2232/2232 2233/2233/2233
f 2234/2234/2234 2235/2235/2235 2236/2236/2236
f 2234/2234/2234 2236/2236/2236 2237/2237/2237
f 2237/2237/2237 2236/2236/2236 2238/2238/2238
f 2237/2237/2237 2238/2238/2238 2239/2239/2239
f 2239/2239/2239 2238/2238/2238 2240/2240/2240
f 2239/2239/2239 2240/2240/2240 2241/2241/2241
f 2241/2241/2241 2240/2240/2240 2242/2242/2242
f 2241/2241/2241 2242/2242/2242 2243/2243/2243
f 2243/2243/2243 2242/2242/2242 2244/2244/2244
f 2243/2243/2243 2244/2244/2244 2245/2245/2245
f 2246/2246/2246 2247/2247/2247 2248/2248/2248
f 2246/2246/2246 2248/2248/2248 2249/2249/2249
f 2218/2218/2218 2216/2216/2216 2250/2250/2250
f 2218/2218/2218 2250/2250/2250 2251/2251/2251
f 2249/2249/2249 2248/2248/2248 2252/2252/2252
f 2249/2249/2249 2252/2252/2252 2253/2253/2253
f 2253/2253/2253 2252/2252/2252 2205/2205/2205
f 2253/2253/2253 2205/2205/2205 2204/2204/2204
f 2254/2254/2254 2255/2255/2255 2256/2256/2256
f 2254/2254/2254 2256/2256/2256 2257/2257/2257
f 2258/2258/2258 2259/2259/2259 2260/2260/2260
f 2258/2258/2258 2260/2260/2260 2261/2261/2261
f 2262/2262/2262 2263/2263/2263 2259/2259/2259
f 2262/2262/2262 2259/2259/2259 2258/2258/2258
f 2264/2264/2264 2265/2265/2265 2263/2263/2263
f 2264/2264/2264 2263/2263/2263 2262/2262/2262
f 2266/2266/2266 2267/2267/2267 2268/2268/2268
f 2266/2266/2266 2268/2268/2268 2269/2269/2269
f 2270/2270/2270 2271/2271/2271 2267/2267/2267
f 2270/2270/2270 2267/2267/2267 2266/2266/2266
f 2272/2272/2272 2273/2273/2273 2271/2271/2271
f 2272/2272/2272 2271/2271/2271 2270/2270/2270
f 2274/2274/2274 2275/2275/2275 2273/2273/2273
f 2274/2274/2274 2273/2273/2273 2272/2272/2272
f 2276/2276/2276 2277/2277/2277 2275/2275/2275
f 2276/2276/2276 2275/2275/2275 2274/2274/2274
f 2278/2278/2278 2279/2279/2279 2277/2277/2277
f 2278/2278/2278 2277/2277/2277 2276/2276/2276
f 2280/2280/2280 2281/2281/2281 2282/2282/2282
f 2280/2280/2280 2282/2282/2282 2283/2283/2283
f 2284/2284/2284 2285/2285/2285 2281/2281/2281
f 2284/2284/2284 2281/2281/2281 2280/2280/2280
f 2286/2286/2286 2287/2287/2287 2285/2285/2285
f 2286/2286/2286 2285/2285/2285 2284/2284/2284
f 2288/2288/2288 2289/2289/2289 2287/2287/2287
f 2288/2288/2288 2287/2287/2287 2286/2286/2286
f 2290/2290/2290 2291/2291/2291 2289/2289/2289
f 2290/2290/2290 2289/2289/2289 2288/2288/2288
f 2292/2292/2292 2293/2293/2293 2294/2294/2294
f 2292/2292/2292 2294/2294/2294 2295/2295/2295
f 2296/2296/2296 2297/2297/2297 2293/2293/2293
f 2296/2296/2296 2293/2293/2293 2292/2292/2292
f 2298/2298/2298 2299/2299/2299 2297/2297/2297
f 2298/2298/2298 2297/2297/2297 2296/2296/2296
f 2300/2300/2300 2301/2301/2301 2299/2299/2299
f 2300/2300/2300 2299/2299/2299 2298/2298/2298
f 2302/2302/2302 2303/2303/2303 2304/2304/2304
f 2302/2302/2302 2304/2304/2304 2305/2305/2305
f 2261/2261/2261 2260/2260/2260 2303/2303/2303
f 2261/2261/2261 2303/2303/2303 2302/2302/2302
f 2259/2259/2259 2253/2253/2253 2204/2204/2204
f 2259/2259/2259 2204/2204/2204 2260/2260/2260
f 2263/2263/2263 2249/2249/2249 2253/2253/2253
f 2263/2263/2263 2253/2253/2253 2259/2259/2259
f 2265/2265/2265 2246/2246/2246 2249/2249/2249
f 2265/2265/2265 2249/2249/2249 2263/2263/2263
f 2267/2267/2267 2243/2243/2243 2245/2245/2245
f 2267/2267/2267 2245/2245/2245 2268/2268/2268
f 2271/2271/2271 2241/2241/2241 2243/2243/2243
f 2271/2271/2271 2243/2243/2243 2267/2267/2267
f 2273/2273/2273 2239/2239/2239 2241/2241/2241
f 2273/2273/2273 2241/2241/2241 2271/2271/2271
f 2275/2275/2275 2237/2237/2237 2239/2239/2239
f 2275/2275/2275 2239/2239/2239 2273/2273/2273
f 2277/2277/2277 2234/2234/2234 2237/2237/2237
f 2277/2277/2277 2237/2237/2237 2275/2275/2275
f 2279/2279/2279 2306/2306/2306 2234/2234/2234
f 2279/2279/2279 2234/2234/2234 2277/2277/2277
f 2281/2281/2281 2229/2229/2229 2231/2231/2231
f 2281/2281/2281 2231/2231/2231 2282/2282/2282
f 2285/2285/2285 2227/2227/2227 2229/2229/2229
f 2285/2285/2285 2229/2229/2229 2281/2281/2281
f 2287/2287/2287 2225/2225/2225 2227/2227/2227
f 2287/2287/2287 2227/2227/2227 2285/2285/2285
f 2289/2289/2289 2223/2223/2223 2225/2225/2225
f 2289/2289/2289 2225/2225/2225 2287/2287/2287
f 2291/2291/2291 2220/2220/2220 2223/2223/2223
f 2291/2291/2291 2223/2223/2223 2289/2289/2289
f 2293/2293/2293 2217/2217/2217 2219/2219/2219
f 2293/2293/2293 2219/2219/2219 2294/2294/2294
f 2297/2297/2297 2215/2215/2215 2217/2217/2217
f 2297/2297/2297 2217/2217/2217 2293/2293/2293
f 2299/2299/2299 2213/2213/2213 2215/2215/2215
f 2299/2299/2299 2215/2215/2215 2297/2297/2297
f 2301/2301/2301 2210/2210/2210 2213/2213/2213
f 2301/2301/2301 2213/2213/2213 2299/2299/2299
f 2303/2303/2303 2207/2207/2207 2209/2209/2209
f 2303/2303/2303 2209/2209/2209 2304/2304/2304
f 2260/2260/2260 2204/2204/2204 2207/2207/2207
f 2260/2260/2260 2207/2207/2207 2303/2303/2303
f 2307/2307/2307 2308/2308/2308 2309/2309/2309
f 2307/2307/2307 2309/2309/2309 2310/2310/2310
f 2311/2311/2311 2307/2307/2307 2310/2310/2310
f 2311/2311/2311 2310/2310/2310 2312/2312/2312
f 2313/2313/2313 2311/2311/2311 2312/2312/2312
f 2313/2313/2313 2312/2312/2312 2314/2314/2314
f 2315/2315/2315 2313/2313/2313 2314/2314/2314
f 2315/2315/2315 2314/2314/2314 2316/2316/2316
f 2317/2317/2317 2315/2315/2315 2316/2316/2316
f 2317/2317/2317 2316/2316/2316 2318/2318/2318
f 2319/2319/2319 2317/2317/2317 2318/2318/2318
f 2319/2319/2319 2318/2318/2318 2320/2320/2320
f 2321/2321/2321 2319/2319/2319 2320/2320/2320
f 2321/2321/2321 2320/2320/2320 2322/2322/2322
f 2323/2323/2323 2321/2321/2321 2322/2322/2322
f 2323/2323/2323 2322/2322/2322 2324/2324/2324
f 2325/2325/2325 2323/2323/2323 2324/2324/2324
f 2325/2325/2325 2324/2324/2324 2326/2326/2326
f 2327/2327/2327 2325/2325/2325 2326/2326/2326
f 2327/2327/2327 2326/2326/2326 2328/2328/2328
f 2329/2329/2329 2327/2327/2327 2328/2328/2328
f 2329/2329/2329 2328/2328/2328 2330/2330/2330
f 2331/2331/2331 2329/2329/2329 2330/2330/2330
f 2331/2331/2331 2330/2330/2330 2332/2332/2332
f 2333/2333/2333 2331/2331/2331 2332/2332/2332
f 2333/2333/2333 2332/2332/2332 2334/2334/2334
f 2335/2335/2335 2333/2333/2333 2334/2334/2334
f 2335/2335/2335 2334/2334/2334 2336/2336/2336
f 2337/2337/2337 2335/2335/2335 2336/2336/2336
f 2337/2337/2337 2336/2336/2336 2338/2338/2338
f 2339/2339/2339 2337/2337/2337 2338/2338/2338
f 2339/2339/2339 2338/2338/2338 2340/2340/2340
f 2341/2341/2341 2339/2339/2339 2340/2340/2340
f 2341/2341/2341 2340/2340/2340 2342/2342/2342
f 2343/2343/2343 2341/2341/2341 2342/2342/2342
f 2343/2343/2343 2342/2342/2342 2344/2344/2344
f 2345/2345/2345 2343/2343/2343 2344/2344/2344
f 2345/2345/2345 2344/2344/2344 2346/2346/2346
f 2308/2308/2308 2345/2345/2345 2346/2346/2346
f 2308/2308/2308 2346/2346/2346 2309/2309/2309
f 2347/2347/2347 2348/2348/2348 2349/2349/2349
f 2347/2347/2347 2349/2349/2349 2350/2350/2350
f 2255/2255/2255 2351/2351/2351 2352/2352/2352
f 2255/2255/2255 2352/2352/2352 2256/2256/2256
f 2353/2353/2353 2354/2354/2354 2355/2355/2355
f 2353/2353/2353 2355/2355/2355 2356/2356/2356
f 2357/2357/2357 2358/2358/2358 2359/2359/2359
f 2357/2357/2357 2359/2359/2359 2360/2360/2360
f 2351/2351/2351 2361/2361/2361 2362/2362/2362
f 2351/2351/2351 2362/2362/2362 2352/2352/2352
f 2354/2354/2354 2363/2363/2363 2364/2364/2364
f 2354/2354/2354 2364/2364/2364 2355/2355/2355
f 2358/2358/2358 2365/2365/2365 2366/2366/2366
f 2358/2358/2358 2366/2366/2366 2359/2359/2359
f 2361/2361/2361 2367/2367/2367 2368/2368/2368
f 2361/2361/2361 2368/2368/2368 2362/2362/2362
f 2363/2363/2363 2369/2369/2369 2370/2370/2370
f 2363/2363/2363 2370/2370/2370 2364/2364/2364
f 2371/2371/2371 2372/2372/2372 2373/2373/2373
f 2371/2371/2371 2373/2373/2373 2374/2374/2374
f 2375/2375/2375 2376/2376/2376 2377/2377/2377
f 2375/2375/2375 2377/2377/2377 2378/2378/2378
f 2369/2369/2369 2379/2379/2379 2380/2380/2380
f 2369/2369/2369 2380/2380/2380 2370/2370/2370
f 2372/2372/2372 2381/2381/2381 2382/2382/2382
f 2372/2372/2372 2382/2382/2382 2373/2373/2373
f 2376/2376/2376 2383/2383/2383 2384/2384/2384
f 2376/2376/2376 2384/2384/2384 2377/2377/2377
f 2379/2379/2379 2385/2385/2385 2386/2386/2386
f 2379/2379/2379 2386/2386/2386 2380/2380/2380
f 2381/2381/2381 2387/2387/2387 2388/2388/2388
f 2381/2381/2381 2388/2388/2388 2382/2382/2382
f 2383/2383/2383 2357/2357/2357 2360/2360/2360
f 2383/2383/2383 2360/2360/2360 2384/2384/2384
f 2389/2389/2389 2254/2254/2254 2257/2257/2257
f 2389/2389/2389 2257/2257/2257 2390/2390/2390
f 2387/2387/2387 2347/2347/2347 2350/2350/2350
f 2387/2387/2387 2350/2350/2350 2388/2388/2388
f 2391/2391/2391 2392/2392/2392 2393/2393/2393
f 2391/2391/2391 2393/2393/2393 2394/2394/2394
f 2230/2230/2230 2228/2228/2228 2395/2395/2395
f 2230/2230/2230 2395/2395/2395 2396/2396/2396
f 2242/2242/2242 2240/2240/2240 2397/2397/2397
f 2242/2242/2242 2397/2397/2397 2398/2398/2398
f 2214/2214/2214 2212/2212/2212 2399/2399/2399
f 2214/2214/2214 2399/2399/2399 2400/2400/2400
f 2226/2226/2226 2224/2224/2224 2401/2401/2401
f 2226/2226/2226 2401/2401/2401 2402/2402/2402
f 2238/2238/2238 2236/2236/2236 2403/2403/2403
f 2238/2238/2238 2403/2403/2403 2404/2404/2404
f 2252/2252/2252 2248/2248/2248 2405/2405/2405
f 2252/2252/2252 2405/2405/2405 2406/2406/2406
f 2208/2208/2208 2206/2206/2206 2407/2407/2407
f 2208/2208/2208 2407/2407/2407 2408/2408/2408
f 2409/2409/2409 2218/2218/2218 2251/2251/2251
f 2409/2409/2409 2251/2251/2251 2410/2410/2410
f 2411/2411/2411 2412/2412/2412 2413/2413/2413
f 2411/2411/2411 2413/2413/2413 2414/2414/2414
f 2244/2244/2244 2242/2242/2242 2398/2398/2398
f 2244/2244/2244 2398/2398/2398 2415/2415/2415
f 2216/2216/2216 2214/2214/2214 2400/2400/2400
f 2216/2216/2216 2400/2400/2400 2250/2250/2250
f 2228/2228/2228 2226/2226/2226 2402/2402/2402
f 2228/2228/2228 2402/2402/2402 2395/2395/2395
f 2240/2240/2240 2238/2238/2238 2404/2404/2404
f 2240/2240/2240 2404/2404/2404 2397/2397/2397
f 2205/2205/2205 2252/2252/2252 2406/2406/2406
f 2205/2205/2205 2406/2406/2406 2416/2416/2416
f 2212/2212/2212 2211/2211/2211 2417/2417/2417
f 2212/2212/2212 2417/2417/2417 2399/2399/2399
f 2224/2224/2224 2222/2222/2222 2418/2418/2418
f 2224/2224/2224 2418/2418/2418 2401/2401/2401
f 2206/2206/2206 2205/2205/2205 2416/2416/2416
f 2206/2206/2206 2416/2416/2416 2407/2407/2407
f 2236/2236/2236 2235/2235/2235 2419/2419/2419
f 2236/2236/2236 2419/2419/2419 2403/2403/2403
f 2248/2248/2248 2247/2247/2247 2420/2420/2420
f 2248/2248/2248 2420/2420/2420 2405/2405/2405
f 2421/2421/2421 2422/2422/2422 2423/2423/2423
f 2421/2421/2421 2423/2423/2423 2424/2424/2424
f 2425/2425/2425 2426/2426/2426 2427/2427/2427
f 2425/2425/2425 2427/2427/2427 2428/2428/2428
f 2429/2429/2429 2430/2430/2430 2431/2431/2431
f 2429/2429/2429 2431/2431/2431 2432/2432/2432
f 2433/2433/2433 2421/2421/2421 2424/2424/2424
f 2433/2433/2433 2424/2424/2424 2434/2434/2434
f 2435/2435/2435 2429/2429/2429 2432/2432/2432
f 2435/2435/2435 2432/2432/2432 2436/2436/2436
f 2437/2437/2437 2438/2438/2438 2439/2439/2439
f 2437/2437/2437 2439/2439/2439 2440/2440/2440
f 2441/2441/2441 2435/2435/2435 2436/2436/2436
f 2441/2441/2441 2436/2436/2436 2442/2442/2442
f 2443/2443/2443 2437/2437/2437 2440/2440/2440
f 2443/2443/2443 2440/2440/2440 2444/2444/2444
f 2445/2445/2445 2425/2425/2425 2428/2428/2428
f 2445/2445/2445 2428/2428/2428 2446/2446/2446
f 2447/2447/2447 2441/2441/2441 2442/2442/2442
f 2447/2447/2447 2442/2442/2442 2448/2448/2448
f 2449/2449/2449 2443/2443/2443 2444/2444/2444
f 2449/2449/2449 2444/2444/2444 2450/2450/2450
f 2451/2451/2451 2445/2445/2445 2446/2446/2446
f 2451/2451/2451 2446/2446/2446 2452/2452/2452
f 2453/2453/2453 2447/2447/2447 2448/2448/2448
f 2453/2453/2453 2448/2448/2448 2454/2454/2454
f 2455/2455/2455 2449/2449/2449 2450/2450/2450
f 2455/2455/2455 2450/2450/2450 2456/2456/2456
f 2457/2457/2457 2458/2458/2458 2459/2459/2459
f 2457/2457/2457 2459/2459/2459 2460/2460/2460
f 2461/2461/2461 2462/2462/2462 2463/2463/2463
f 2461/2461/2461 2463/2463/2463 2464/2464/2464
f 2392/2392/2392 2455/2455/2455 2456/2456/2456
f 2392/2392/2392 2456/2456/2456 2393/2393/2393
f 2422/2422/2422 2457/2457/2457 2460/2460/2460
f 2422/2422/2422 2460/2460/2460 2423/2423/2423
f 2426/2426/2426 2461/2461/2461 2464/2464/2464
f 2426/2426/2426 2464/2464/2464 2427/2427/2427
f 104/104/104 2470/2470/2470 105/105/105
f 2470/2470/2470 104/104/104 2469/2469/2469
f 2469/2469/2469 104/104/104 2468/2468/2468
f 2468/2468/2468 104/104/104 2467/2467/2467
f 2467/2467/2467 104/104/104 2466/2466/2466
f 2466/2466/2466 104/104/104 2465/2465/2465
f 2474/2474/2474 2472/2472/2472 2473/2473/2473
f 2472/2472/2472 2474/2474/2474 2471/2471/2471
f 2471/2471/2471 2474/2474/2474 2475/2475/2475
f 2471/2471/2471 2475/2475/2475 2476/2476/2476
f 2471/2471/2471 2476/2476/2476 2477/2477/2477
f 2471/2471/2471 2477/2477/2477 2478/2478/2478
f 2480/2480/2480 139/139/139 2479/2479/2479
f 139/139/139 2480/2480/2480 140/140/140
f 140/140/140 2480/2480/2480 2481/2481/2481
f 140/140/140 2481/2481/2481 2482/2482/2482
f 140/140/140 2482/2482/2482 2483/2483/2483
f 140/140/140 2483/2483/2483 2484/2484/2484
f 2485/2485/2485 2491/2491/2491 2492/2492/2492
f 2491/2491/2491 2485/2485/2485 2490/2490/2490
f 2490/2490/2490 2485/2485/2485 2489/2489/2489
f 2489/2489/2489 2485/2485/2485 2488/2488/2488
f 2488/2488/2488 2485/2485/2485 2487/2487/2487
f 2487/2487/2487 2485/2485/2485 2486/2486/2486
f 2495/2495/2495 2493/2493/2493 2494/2494/2494
f 2493/2493/2493 2495/2495/2495 2496/2496/2496
f 2493/2493/2493 2496/2496/2496 2497/2497/2497
f 2493/2493/2493 2497/2497/2497 2498/2498/2498
f 2493/2493/2493 2498/2498/2498 2499/2499/2499
f 2493/2493/2493 2499/2499/2499 2500/2500/2500
f 2493/2493/2493 2500/2500/2500 2501/2501/2501
f 2493/2493/2493 2501/2501/2501 2502/2502/2502
f 2493/2493/2493 2502/2502/2502 2503/2503/2503
f 2504/2504/2504 508/508/508 511/511/511
f 508/508/508 2504/2504/2504 453/453/453
f 508/508/508 453/453/453 452/452/452
f 2506/2506/2506 2494/2494/2494 2505/2505/2505
f 2494/2494/2494 2506/2506/2506 2507/2507/2507
f 2494/2494/2494 2507/2507/2507 2508/2508/2508
f 2494/2494/2494 2508/2508/2508 2509/2509/2509
f 2494/2494/2494 2509/2509/2509 2510/2510/2510
f 2494/2494/2494 2510/2510/2510 2511/2511/2511
f 2494/2494/2494 2511/2511/2511 2512/2512/2512
f 2494/2494/2494 2512/2512/2512 2513/2513/2513
f 2494/2494/2494 2513/2513/2513 2495/2495/2495
f 2493/2493/2493 2522/2522/2522 2494/2494/2494
f 2522/2522/2522 2493/2493/2493 2521/2521/2521
f 2521/2521/2521 2493/2493/2493 2520/2520/2520
f 2520/2520/2520 2493/2493/2493 2519/2519/2519
f 2519/2519/2519 2493/2493/2493 2518/2518/2518
f 2518/2518/2518 2493/2493/2493 2517/2517/2517
f 2517/2517/2517 2493/2493/2493 2516/2516/2516
f 2516/2516/2516 2493/2493/2493 2515/2515/2515
f 2515/2515/2515 2493/2493/2493 2514/2514/2514
f 759/759/759 816/816/816 815/815/815
f 816/816/816 759/759/759 758/758/758
f 816/816/816 758/758/758 2523/2523/2523
f 2494/2494/2494 2531/2531/2531 2505/2505/2505
f 2531/2531/2531 2494/2494/2494 2530/2530/2530
f 2530/2530/2530 2494/2494/2494 2529/2529/2529
f 2529/2529/2529 2494/2494/2494 2528/2528/2528
f 2528/2528/2528 2494/2494/2494 2527/2527/2527
f 2527/2527/2527 2494/2494/2494 2526/2526/2526
f 2526/2526/2526 2494/2494/2494 2525/2525/2525
f 2525/2525/2525 2494/2494/2494 2524/2524/2524
f 2524/2524/2524 2494/2494/2494 2522/2522/2522
f 2539/2539/2539 2537/2537/2537 2538/2538/2538
f 2537/2537/2537 2539/2539/2539 2540/2540/2540
f 2537/2537/2537 2540/2540/2540 2536/2536/2536
f 2536/2536/2536 2540/2540/2540 2541/2541/2541
f 2536/2536/2536 2541/2541/2541 2535/2535/2535
f 2535/2535/2535 2541/2541/2541 2542/2542/2542
f 2535/2535/2535 2542/2542/2542 2534/2534/2534
f 2534/2534/2534 2542/2542/2542 2543/2543/2543
f 2534/2534/2534 2543/2543/2543 2533/2533/2533
f 2533/2533/2533 2543/2543/2543 2544/2544/2544
f 2533/2533/2533 2544/2544/2544 2532/2532/2532
f 2532/2532/2532 2544/2544/2544 2545/2545/2545
f 2532/2532/2532 2545/2545/2545 2551/2551/2551
f 2551/2551/2551 2545/2545/2545 2546/2546/2546
f 2551/2551/2551 2546/2546/2546 2550/2550/2550
f 2550/2550/2550 2546/2546/2546 2547/2547/2547
f 2550/2550/2550 2547/2547/2547 2549/2549/2549
f 2549/2549/2549 2547/2547/2547 2548/2548/2548
f 2568/2568/2568 2566/2566/2566 2567/2567/2567
f 2566/2566/2566 2568/2568/2568 2565/2565/2565
f 2565/2565/2565 2568/2568/2568 2569/2569/2569
f 2565/2565/2565 2569/2569/2569 2564/2564/2564
f 2564/2564/2564 2569/2569/2569 2570/2570/2570
f 2564/2564/2564 2570/2570/2570 2563/2563/2563
f 2563/2563/2563 2570/2570/2570 2571/2571/2571
f 2563/2563/2563 2571/2571/2571 2562/2562/2562
f 2562/2562/2562 2571/2571/2571 2552/2552/2552
f 2562/2562/2562 2552/2552/2552 2553/2553/2553
f 2562/2562/2562 2553/2553/2553 2561/2561/2561
f 2561/2561/2561 2553/2553/2553 2560/2560/2560
f 2560/2560/2560 2553/2553/2553 2554/2554/2554
f 2560/2560/2560 2554/2554/2554 2555/2555/2555
f 2560/2560/2560 2555/2555/2555 2559/2559/2559
f 2559/2559/2559 2555/2555/2555 2556/2556/2556
f 2559/2559/2559 2556/2556/2556 2558/2558/2558
f 2558/2558/2558 2556/2556/2556 2557/2557/2557
f 2586/2586/2586 2584/2584/2584 2585/2585/2585
f 2584/2584/2584 2586/2586/2586 2583/2583/2583
f 2583/2583/2583 2586/2586/2586 2587/2587/2587
f 2583/2583/2583 2587/2587/2587 2582/2582/2582
f 2582/2582/2582 2587/2587/2587 2588/2588/2588
f 2582/2582/2582 2588/2588/2588 2581/2581/2581
f 2581/2581/2581 2588/2588/2588 2589/2589/2589
f 2581/2581/2581 2589/2589/2589 2580/2580/2580
f 2580/2580/2580 2589/2589/2589 2590/2590/2590
f 2580/2580/2580 2590/2590/2590 2579/2579/2579
f 2579/2579/2579 2590/2590/2590 2591/2591/2591
f 2579/2579/2579 2591/2591/2591 2578/2578/2578
f 2578/2578/2578 2591/2591/2591 2572/2572/2572
f 2578/2578/2578 2572/2572/2572 2577/2577/2577
f 2577/2577/2577 2572/2572/2572 2573/2573/2573
f 2577/2577/2577 2573/2573/2573 2576/2576/2576
f 2576/2576/2576 2573/2573/2573 2574/2574/2574
f 2576/2576/2576 2574/2574/2574 2575/2575/2575
f 2601/2601/2601 2599/2599/2599 2600/2600/2600
f 2599/2599/2599 2601/2601/2601 2602/2602/2602
f 2599/2599/2599 2602/2602/2602 2598/2598/2598
f 2598/2598/2598 2602/2602/2602 2603/2603/2603
f 2598/2598/2598 2603/2603/2603 2597/2597/2597
f 2597/2597/2597 2603/2603/2603 2604/2604/2604
f 2597/2597/2597 2604/2604/2604 2596/2596/2596
f 2596/2596/2596 2604/2604/2604 2605/2605/2605
f 2596/2596/2596 2605/2605/2605 2595/2595/2595
f 2595/2595/2595 2605/2605/2605 2606/2606/2606
f 2595/2595/2595 2606/2606/2606 2594/2594/2594
f 2594/2594/2594 2606/2606/2606 2607/2607/2607
f 2594/2594/2594 2607/2607/2607 2593/2593/2593
f 2593/2593/2593 2607/2607/2607 2608/2608/2608
f 2593/2593/2593 2608/2608/2608 2592/2592/2592
f 2592/2592/2592 2608/2608/2608 2609/2609/2609
f 2592/2592/2592 2609/2609/2609 2611/2611/2611
f 2611/2611/2611 2609/2609/2609 2610/2610/2610
f 2612/2612/2612 2630/2630/2630 2631/2631/2631
f 2630/2630/2630 2612/2612/2612 2613/2613/2613
f 2630/2630/2630 2613/2613/2613 2629/2629/2629
f 2629/2629/2629 2613/2613/2613 2614/2614/2614
f 2629/2629/2629 2614/2614/2614 2628/2628/2628
f 2628/2628/2628 2614/2614/2614 2615/2615/2615
f 2628/2628/2628 2615/2615/2615 2627/2627/2627
f 2627/2627/2627 2615/2615/2615 2616/2616/2616
f 2627/2627/2627 2616/2616/2616 2626/2626/2626
f 2626/2626/2626 2616/2616/2616 2617/2617/2617
f 2626/2626/2626 2617/2617/2617 2625/2625/2625
f 2625/2625/2625 2617/2617/2617 2618/2618/2618
f 2625/2625/2625 2618/2618/2618 2624/2624/2624
f 2624/2624/2624 2618/2618/2618 2619/2619/2619
f 2624/2624/2624 2619/2619/2619 2623/2623/2623
f 2623/2623/2623 2619/2619/2619 2620/2620/2620
f 2623/2623/2623 2620/2620/2620 2622/2622/2622
f 2622/2622/2622 2620/2620/2620 2621/2621/2621
f 2635/2635/2635 2633/2633/2633 2634/2634/2634
f 2633/2633/2633 2635/2635/2635 2632/2632/2632
f 2632/2632/2632 2635/2635/2635 2636/2636/2636
f 2632/2632/2632 2636/2636/2636 2651/2651/2651
f 2651/2651/2651 2636/2636/2636 2637/2637/2637
f 2651/2651/2651 2637/2637/2637 2650/2650/2650
f 2650/2650/2650 2637/2637/2637 2638/2638/2638
f 2650/2650/2650 2638/2638/2638 2649/2649/2649
f 2649/2649/2649 2638/2638/2638 2639/2639/2639
f 2649/2649/2649 2639/2639/2639 2648/2648/2648
f 2648/2648/2648 2639/2639/2639 2640/2640/2640
f 2648/2648/2648 2640/2640/2640 2647/2647/2647
f 2647/2647/2647 2640/2640/2640 2641/2641/2641
f 2647/2647/2647 2641/2641/2641 2646/2646/2646
f 2646/2646/2646 2641/2641/2641 2642/2642/2642
f 2646/2646/2646 2642/2642/2642 2645/2645/2645
f 2645/2645/2645 2642/2642/2642 2643/2643/2643
f 2645/2645/2645 2643/2643/2643 2644/2644/2644
f 2668/2668/2668 2666/2666/2666 2667/2667/2667
f 2666/2666/2666 2668/2668/2668 2665/2665/2665
f 2665/2665/2665 2668/2668/2668 2669/2669/2669
f 2665/2665/2665 2669/2669/2669 2664/2664/2664
f 2664/2664/2664 2669/2669/2669 2670/2670/2670
f 2664/2664/2664 2670/2670/2670 2663/2663/2663
f 2663/2663/2663 2670/2670/2670 2671/2671/2671
f 2663/2663/2663 2671/2671/2671 2662/2662/2662
f 2662/2662/2662 2671/2671/2671 2652/2652/2652
f 2662/2662/2662 2652/2652/2652 2653/2653/2653
f 2662/2662/2662 2653/2653/2653 2661/2661/2661
f 2661/2661/2661 2653/2653/2653 2660/2660/2660
f 2660/2660/2660 2653/2653/2653 2654/2654/2654
f 2660/2660/2660 2654/2654/2654 2655/2655/2655
f 2660/2660/2660 2655/2655/2655 2659/2659/2659
f 2659/2659/2659 2655/2655/2655 2656/2656/2656
f 2659/2659/2659 2656/2656/2656 2658/2658/2658
f 2658/2658/2658 2656/2656/2656 2657/2657/2657
f 2679/2679/2679 2677/2677/2677 2678/2678/2678
f 2677/2677/2677 2679/2679/2679 2680/2680/2680
f 2677/2677/2677 2680/2680/2680 2676/2676/2676
f 2676/2676/2676 2680/2680/2680 2681/2681/2681
f 2676/2676/2676 2681/2681/2681 2675/2675/2675
f 2675/2675/2675 2681/2681/2681 2682/2682/2682
f 2675/2675/2675 2682/2682/2682 2674/2674/2674
f 2674/2674/2674 2682/2682/2682 2683/2683/2683
f 2674/2674/2674 2683/2683/2683 2673/2673/2673
f 2673/2673/2673 2683/2683/2683 2684/2684/2684
f 2673/2673/2673 2684/2684/2684 2672/2672/2672
f 2672/2672/2672 2684/2684/2684 2685/2685/2685
f 2672/2672/2672 2685/2685/2685 2691/2691/2691
f 2691/2691/2691 2685/2685/2685 2686/2686/2686
f 2691/2691/2691 2686/2686/2686 2690/2690/2690
f 2690/2690/2690 2686/2686/2686 2687/2687/2687
f 2690/2690/2690 2687/2687/2687 2689/2689/2689
f 2689/2689/2689 2687/2687/2687 2688/2688/2688
f 2695/2695/2695 2693/2693/2693 2694/2694/2694
f 2693/2693/2693 2695/2695/2695 2692/2692/2692
f 2692/2692/2692 2695/2695/2695 2696/2696/2696
f 2692/2692/2692 2696/2696/2696 2711/2711/2711
f 2711/2711/2711 2696/2696/2696 2697/2697/2697
f 2711/2711/2711 2697/2697/2697 2710/2710/2710
f 2710/2710/2710 2697/2697/2697 2698/2698/2698
f 2710/2710/2710 2698/2698/2698 2709/2709/2709
f 2709/2709/2709 2698/2698/2698 2699/2699/2699
f 2709/2709/2709 2699/2699/2699 2708/2708/2708
f 2708/2708/2708 2699/2699/2699 2700/2700/2700
f 2708/2708/2708 2700/2700/2700 2707/2707/2707
f 2707/2707/2707 2700/2700/2700 2701/2701/2701
f 2707/2707/2707 2701/2701/2701 2706/2706/2706
f 2706/2706/2706 2701/2701/2701 2702/2702/2702
f 2706/2706/2706 2702/2702/2702 2705/2705/2705
f 2705/2705/2705 2702/2702/2702 2703/2703/2703
f 2705/2705/2705 2703/2703/2703 2704/2704/2704
f 2712/2712/2712 2730/2730/2730 2731/2731/2731
f 2730/2730/2730 2712/2712/2712 2713/2713/2713
f 2730/2730/2730 2713/2713/2713 2729/2729/2729
f 2729/2729/2729 2713/2713/2713 2714/2714/2714
f 2729/2729/2729 2714/2714/2714 2728/2728/2728
f 2728/2728/2728 2714/2714/2714 2715/2715/2715
f 2728/2728/2728 2715/2715/2715 2727/2727/2727
f 2727/2727/2727 2715/2715/2715 2716/2716/2716
f 2727/2727/2727 2716/2716/2716 2726/2726/2726
f 2726/2726/2726 2716/2716/2716 2717/2717/2717
f 2726/2726/2726 2717/2717/2717 2725/2725/2725
f 2725/2725/2725 2717/2717/2717 2718/2718/2718
f 2725/2725/2725 2718/2718/2718 2724/2724/2724
f 2724/2724/2724 2718/2718/2718 2719/2719/2719
f 2724/2724/2724 2719/2719/2719 2723/2723/2723
f 2723/2723/2723 2719/2719/2719 2720/2720/2720
f 2723/2723/2723 2720/2720/2720 2722/2722/2722
f 2722/2722/2722 2720/2720/2720 2721/2721/2721
f 2741/2741/2741 2739/2739/2739 2740/2740/2740
f 2739/2739/2739 2741/2741/2741 2742/2742/2742
f 2739/2739/2739 2742/2742/2742 2738/2738/2738
f 2738/2738/2738 2742/2742/2742 2743/2743/2743
f 2738/2738/2738 2743/2743/2743 2737/2737/2737
f 2737/2737/2737 2743/2743/2743 2744/2744/2744
f 2737/2737/2737 2744/2744/2744 2736/2736/2736
f 2736/2736/2736 2744/2744/2744 2745/2745/2745
f 2736/2736/2736 2745/2745/2745 2735/2735/2735
f 2735/2735/2735 2745/2745/2745 2746/2746/2746
f 2735/2735/2735 2746/2746/2746 2734/2734/2734
f 2734/2734/2734 2746/2746/2746 2747/2747/2747
f 2734/2734/2734 2747/2747/2747 2733/2733/2733
f 2733/2733/2733 2747/2747/2747 2748/2748/2748
f 2733/2733/2733 2748/2748/2748 2732/2732/2732
f 2732/2732/2732 2748/2748/2748 2749/2749/2749
f 2732/2732/2732 2749/2749/2749 2751/2751/2751
f 2751/2751/2751 2749/2749/2749 2750/2750/2750
f 2766/2766/2766 2764/2764/2764 2765/2765/2765
f 2764/2764/2764 2766/2766/2766 2763/2763/2763
f 2763/2763/2763 2766/2766/2766 2767/2767/2767
f 2763/2763/2763 2767/2767/2767 2762/2762/2762
f 2762/2762/2762 2767/2767/2767 2768/2768/2768
f 2762/2762/2762 2768/2768/2768 2761/2761/2761
f 2761/2761/2761 2768/2768/2768 2769/2769/2769
f 2761/2761/2761 2769/2769/2769 2760/2760/2760
f 2760/2760/2760 2769/2769/2769 2770/2770/2770
f 2760/2760/2760 2770/2770/2770 2759/2759/2759
f 2759/2759/2759 2770/2770/2770 2771/2771/2771
f 2759/2759/2759 2771/2771/2771 2758/2758/2758
f 2758/2758/2758 2771/2771/2771 2752/2752/2752
f 2758/2758/2758 2752/2752/2752 2757/2757/2757
f 2757/2757/2757 2752/2752/2752 2753/2753/2753
f 2757/2757/2757 2753/2753/2753 2756/2756/2756
f 2756/2756/2756 2753/2753/2753 2754/2754/2754
f 2756/2756/2756 2754/2754/2754 2755/2755/2755
